iteration,vit_forward_latency_ms,resnet_forward_latency_ms,vit_prediction_pipeline_ms,resnet_prediction_pipeline_ms,vit_python_end_to_end_ms,resnet_python_end_to_end_ms
1,6.269983768463135,3.329024076461792,4.444416046142578,3.8176639080047607,4.505400022026151,1.8853000365197659
2,4.88812780380249,2.598975896835327,4.088640213012695,1.8456000089645386,4.29970002733171,1.9500000053085387
3,4.56774377822876,2.588576078414917,6.359744071960449,2.2835841178894043,4.343400010839105,1.7166999750770628
4,11.798527717590332,2.3283839225769043,6.0763840675354,3.4397120475769043,4.417299991473556,1.7659000004641712
5,15.34000015258789,2.220896005630493,8.906880378723145,2.74288010597229,4.260600020643324,1.7970000044442713
6,7.405119895935059,2.2321600914001465,15.150943756103516,2.368351936340332,4.098700010217726,1.7171999788843095
7,6.164608001708984,2.200927972793579,9.474143981933594,1.9561920166015625,4.1541000246070325,1.6870999825187027
8,6.21504020690918,2.2455360889434814,6.105184078216553,1.8119360208511353,10.404700005892664,1.8659000052139163
9,6.0698561668396,2.2598400115966797,6.0730881690979,1.7846720218658447,10.337000014260411,1.75580003997311
10,6.199295997619629,2.286911964416504,6.149087905883789,1.6890560388565063,4.646199988201261,1.9104999955743551
11,5.97270393371582,2.7031679153442383,5.971007823944092,1.8739839792251587,5.935800028964877,1.7949999892152846
12,6.190879821777344,2.3442559242248535,5.9022722244262695,1.629215955734253,6.884299975354224,1.608499966096133
13,6.11081600189209,2.229696035385132,6.160543918609619,1.617087960243225,5.341399984899908,1.8343999981880188
14,6.20252799987793,2.233407974243164,6.251327991485596,1.614016056060791,4.352600022684783,1.7496999935247004
15,6.124896049499512,2.653856039047241,6.102975845336914,1.6353600025177002,4.520900023635477,1.7825000104494393
16,6.163008213043213,3.26476788520813,6.038943767547607,1.639296054840088,4.24919999204576,1.6859000315889716
17,8.331135749816895,4.0306878089904785,6.0141119956970215,1.649791955947876,4.4098999933339655,1.7120999982580543
18,8.34233570098877,3.9621760845184326,6.084735870361328,1.5785280466079712,4.146599967498332,1.9047000096179545
19,7.678815841674805,4.149343967437744,6.145631790161133,1.6992319822311401,5.177300015930086,2.273400023113936
20,6.282400131225586,2.8651199340820312,5.952991962432861,1.7312639951705933,4.267800017260015,1.8769000307656825
21,8.685407638549805,1.6565760374069214,6.2412800788879395,1.6667840480804443,4.151200002525002,1.8458999693393707
22,7.137279987335205,4.999199867248535,6.037568092346191,1.6540160179138184,4.143300000578165,1.733899989631027
23,7.169248104095459,5.69593620300293,6.204959869384766,1.7220799922943115,13.426699966657907,1.7936999793164432
24,6.255136013031006,5.716415882110596,6.0562238693237305,1.549407958984375,11.024000006727874,1.7117999959737062
25,5.9878082275390625,6.276832103729248,6.032512187957764,1.658463954925537,6.182199984323233,1.8475999822840095
26,6.015168190002441,5.8797760009765625,6.068384170532227,1.7130240201950073,5.980100017040968,1.7654999974183738
27,7.110559940338135,5.64028787612915,5.998144149780273,1.6871999502182007,6.182199984323233,1.781500002834946
28,5.463359832763672,5.224768161773682,6.155424118041992,1.711840033531189,6.144899991340935,1.797800010535866
29,6.1887359619140625,3.4981119632720947,6.155168056488037,1.6676479578018188,7.329599990043789,1.8474999815225601
30,5.2973761558532715,2.7960638999938965,7.625664234161377,2.3713600635528564,10.290000005625188,1.8052999512292445
31,4.23967981338501,2.2850239276885986,6.04095983505249,3.122080087661743,6.110000016633421,1.8404999864287674
32,4.224448204040527,2.2563838958740234,4.409215927124023,1.7134720087051392,5.806699977256358,1.8050000071525574
33,5.887328147888184,3.2624640464782715,9.445088386535645,1.718783974647522,5.097299988847226,1.796900003682822
34,4.436384201049805,3.8716158866882324,12.094816207885742,2.8325440883636475,5.033499968703836,1.6908999532461166
35,4.5338239669799805,3.911007881164551,4.198880195617676,2.3586881160736084,4.263100039679557,1.6621999675408006
36,4.632287979125977,3.8075199127197266,4.651296138763428,2.0557758808135986,4.2307000258006155,1.7967000021599233
37,4.351391792297363,4.283967971801758,4.515967845916748,1.9235199689865112,7.59619998279959,1.9474999862723053
38,4.256351947784424,3.954047918319702,6.212128162384033,1.9229120016098022,5.4086000309325755,1.9172999891452491
39,4.204224109649658,3.959199905395508,5.790719985961914,1.768288016319275,6.232900021132082,1.775599957909435
40,4.582143783569336,4.145343780517578,6.623583793640137,1.6900479793548584,5.114700004924089,1.8457999685779214
41,4.16812801361084,3.927583932876587,4.715167999267578,1.704416036605835,4.399599973112345,1.77800003439188
42,4.158175945281982,1.705888032913208,5.535168170928955,1.66867196559906,4.254999978002161,1.7019999795593321
43,4.183296203613281,1.6003199815750122,4.948256015777588,1.7679040431976318,4.4646000023931265,1.7017999780364335
44,6.895296096801758,1.7115839719772339,4.443456172943115,1.6845439672470093,4.400900041218847,1.7663000035099685
45,5.452767848968506,2.3186559677124023,4.326335906982422,1.6455039978027344,4.385699983686209,1.7172000370919704
46,5.53769588470459,2.0209600925445557,4.101791858673096,1.7870399951934814,4.21520002419129,1.7593000084161758
47,5.400991916656494,1.7917120456695557,4.407904148101807,2.4574079513549805,5.1046000444330275,1.8219000194221735
48,4.211935997009277,1.626688003540039,4.290431976318359,1.919424057006836,5.396900000050664,1.742499996908009
49,6.347008228302002,1.574944019317627,4.061024188995361,1.8149759769439697,6.09690003329888,1.7845999682322145
50,6.701920032501221,3.675168037414551,4.1030402183532715,1.7231040000915527,9.52069996856153,1.8363000126555562
51,6.321983814239502,1.8137600421905518,4.025568008422852,1.9644479751586914,15.24549996247515,1.7939000390470028
52,6.38105583190918,1.7611839771270752,4.106719970703125,1.8483200073242188,8.665200031828135,1.8286000122316182
53,6.398143768310547,3.309312105178833,4.104544162750244,1.6741759777069092,5.627399950753897,1.8301000236533582
54,5.971807956695557,2.676287889480591,4.108736038208008,1.6067839860916138,4.258300003129989,1.7784999799914658
55,6.1872639656066895,2.333888053894043,4.194943904876709,1.5867520570755005,4.220200004056096,1.6341999871656299
56,6.1090240478515625,3.8905279636383057,4.101632118225098,2.5341439247131348,4.202299984171987,1.7314000288024545
57,6.106048107147217,2.016416072845459,4.119423866271973,1.7155519723892212,5.3798999870195985,1.7346999957226217
58,6.182240009307861,1.7120319604873657,3.994271993637085,1.6624000072479248,4.427200008649379,1.8443000153638422
59,6.125504016876221,2.115679979324341,4.1487040519714355,1.6890560388565063,4.310199990868568,1.7197999986819923
60,6.202176094055176,2.2634880542755127,4.147679805755615,1.7527999877929688,5.9689999907277524,1.7825000104494393
61,6.090432167053223,2.296704053878784,4.2366719245910645,1.7298239469528198,5.176600010599941,1.7521000117994845
62,5.9496002197265625,2.1408638954162598,4.159552097320557,1.698367953300476,4.270799981895834,1.7161999712698162
63,8.312959671020508,3.21561598777771,4.29145622253418,1.7466239929199219,4.292799974791706,1.7404999816790223
64,6.304863929748535,3.4372799396514893,4.144800186157227,1.6512960195541382,4.892400000244379,1.7279000021517277
65,6.2097601890563965,3.337536096572876,4.232736110687256,2.256319999694824,4.368499969132245,1.7479999805800617
66,4.197184085845947,3.301151990890503,4.1445441246032715,1.7580480575561523,4.355299985036254,1.8301000236533582
67,4.903295993804932,4.00489616394043,5.164127826690674,1.6647039651870728,4.814499989151955,1.706400013063103
68,4.239999771118164,3.670815944671631,4.127103805541992,1.6840640306472778,4.437999974470586,1.7562000430189073
69,6.172959804534912,3.5276479721069336,4.05017614364624,1.6666239500045776,4.372299998067319,1.735400001052767
70,4.01910400390625,3.327199935913086,4.084767818450928,1.720128059387207,4.197000002022833,1.7727999947965145
71,4.133823871612549,3.2928640842437744,4.368319988250732,1.644320011138916,5.8166999951936305,1.7335000447928905
72,6.704127788543701,3.2762880325317383,4.1975998878479,1.761888027191162,4.452000022865832,1.6781999729573727
73,4.871744155883789,3.136575937271118,4.06217622756958,1.665824055671692,4.260400019120425,1.7955999937839806
74,6.630368232727051,2.6018240451812744,4.169504165649414,2.917759895324707,4.23300004331395,1.6478000325150788
75,9.527423858642578,2.254688024520874,4.290783882141113,1.7703039646148682,6.895099999383092,2.7202999917790294
76,5.064064025878906,2.158463954925537,4.247072219848633,1.7362240552902222,4.561999987345189,3.9591999957337976
77,6.717887878417969,2.2280640602111816,4.223008155822754,1.691391944885254,5.14409999595955,3.8837000029161572
78,4.503039836883545,2.191200017929077,4.191775798797607,1.686303973197937,6.5460000187158585,3.9149000076577067
79,5.052800178527832,3.4223361015319824,4.2740478515625,1.7171200513839722,4.723499994724989,2.1644000080414116
80,4.396768093109131,4.6651201248168945,4.067232131958008,1.6621119976043701,5.02859998960048,1.7466999706812203
81,10.136159896850586,2.4185919761657715,4.09552001953125,1.668768048286438,4.819600027985871,1.746299967635423
82,11.879039764404297,5.0155839920043945,4.127359867095947,1.6535999774932861,4.208000027574599,1.865199999883771
83,10.380895614624023,5.119552135467529,4.2597761154174805,2.351423978805542,4.155099974013865,2.3061000392772257
84,4.897823810577393,2.802783966064453,4.184927940368652,1.8726719617843628,4.207099962513894,1.8528999644331634
85,4.078464031219482,3.599839925765991,4.152416229248047,1.6959999799728394,5.553399969357997,1.8174999859184027
86,4.148128032684326,1.7898240089416504,4.015456199645996,1.6879680156707764,4.556100000627339,1.6810999950394034
87,4.118656158447266,1.6101759672164917,7.240896224975586,1.6308159828186035,4.412800015415996,1.7195999971590936
88,7.428736209869385,1.7157119512557983,4.8969597816467285,1.9921599626541138,6.8737000110559165,1.756699988618493
89,5.137728214263916,3.0519680976867676,6.224607944488525,1.6430079936981201,4.5344000100158155,1.8399000400677323
90,5.402239799499512,6.015935897827148,5.714655876159668,1.6281280517578125,4.835400031879544,1.7343999934382737
91,4.106016159057617,5.672351837158203,4.520832061767578,1.707808017730713,6.364300032146275,1.8263999954797328
92,4.180607795715332,5.523168087005615,4.244192123413086,2.651968002319336,4.312100005336106,1.7544999718666077
93,4.133984088897705,1.7309119701385498,4.318528175354004,2.000607967376709,7.052499975543469,1.6805999912321568
94,6.94982385635376,1.5729600191116333,4.233759880065918,1.8920960426330566,5.552500020712614,1.743700006045401
95,4.231872081756592,1.63155198097229,4.060128211975098,1.6652799844741821,4.161400021985173,1.7112999921664596
96,6.2188801765441895,1.5541119575500488,4.218783855438232,1.7226879596710205,4.035299993120134,1.6912000137381256
97,7.3033599853515625,1.6244159936904907,4.390880107879639,1.7223039865493774,4.8448999878019094,1.8119000014849007
98,6.420479774475098,1.6492799520492554,4.108799934387207,1.709887981414795,5.586299987044185,1.6922999639064074
99,7.789279937744141,1.6384960412979126,4.004511833190918,1.689087986946106,4.469900042749941,2.212699968367815
100,6.374527931213379,1.674239993095398,4.073567867279053,1.6225919723510742,4.260300018358976,1.7951000481843948
101,6.334688186645508,1.6857279539108276,7.687967777252197,3.0106561183929443,4.563199996482581,1.7869999865069985
102,6.674975872039795,1.9251840114593506,5.2358078956604,1.8581759929656982,4.255299980286509,1.658799999859184
103,4.29699182510376,2.827552080154419,5.415103912353516,1.7191040515899658,4.298799962271005,1.7165999743156135
104,4.4600958824157715,1.8371520042419434,7.45743989944458,1.6629120111465454,4.258600005414337,1.7137000104412436
105,5.614336013793945,1.591871976852417,4.1519999504089355,1.7049920558929443,6.454300018958747,1.7762999632395804
106,4.14192008972168,2.747904062271118,4.105311870574951,1.7038079500198364,5.05079998401925,1.7797000473365188
107,4.599008083343506,2.512864112854004,5.648543834686279,1.6473920345306396,5.672300001606345,1.823499973397702
108,4.147744178771973,2.1582720279693604,4.114304065704346,1.6883840560913086,4.706699983216822,3.711499972268939
109,4.526656150817871,2.9869120121002197,4.191743850708008,1.6818560361862183,4.045399953611195,1.9471000414341688
110,4.21065616607666,2.160576105117798,4.420447826385498,1.9179519414901733,4.224199976306409,2.128100022673607
111,4.120160102844238,1.707584023475647,4.52950382232666,1.8774080276489258,7.045900041703135,1.8331999890506268
112,4.6763200759887695,1.7107839584350586,4.23529577255249,1.849503993988037,9.554199990816414,1.811099995393306
113,4.1656317710876465,1.9621119499206543,4.160031795501709,1.7744319438934326,7.6988000073470175,1.7503999988548458
114,4.197152137756348,1.8071680068969727,4.624959945678711,1.7694720029830933,4.226799996104091,1.770300033967942
115,4.230783939361572,1.7216639518737793,4.433119773864746,1.601088047027588,4.275800019968301,1.7362000071443617
116,5.144256114959717,1.6164480447769165,4.126239776611328,1.6509120464324951,4.297400009818375,3.0027999891899526
117,4.326399803161621,2.3340160846710205,4.159008026123047,1.6791679859161377,8.249900012742728,2.7313000173307955
118,4.21343994140625,3.1821439266204834,11.496031761169434,1.7038719654083252,8.862399961799383,1.8495999975129962
119,4.2584638595581055,1.6863360404968262,14.27302360534668,2.5072638988494873,6.608900032006204,1.9512000144459307
120,4.27839994430542,1.6785919666290283,7.609344005584717,4.377344131469727,6.174200039822608,1.812900009099394
121,4.293471813201904,1.7197120189666748,6.139552116394043,2.931391954421997,9.333499998319894,1.7563000437803566
122,4.2479681968688965,1.7710720300674438,6.024032115936279,5.401663780212402,9.484900045208633,1.714100013487041
123,4.275551795959473,1.7157440185546875,5.9476799964904785,4.671135902404785,7.88220000686124,4.9300999962724745
124,4.421408176422119,1.553920030593872,5.971424102783203,2.480191946029663,6.202799966558814,3.9046999881975353
125,4.2226881980896,1.7295039892196655,6.062784194946289,1.7889280319213867,9.105700009968132,2.587399969343096
126,4.110752105712891,1.8536640405654907,6.062528133392334,3.5951359272003174,12.459099991247058,5.236299999523908
127,4.2952961921691895,1.9167040586471558,6.094175815582275,3.0139520168304443,12.042000016663224,3.9154000114649534
128,4.26470422744751,1.6824320554733276,5.839200019836426,2.3683199882507324,6.101600010879338,1.9254999933764338
129,4.3546881675720215,1.7010560035705566,6.036863803863525,2.5227200984954834,6.0755000449717045,1.8857999821193516
130,4.316832065582275,1.7546240091323853,6.112736225128174,1.7523200511932373,6.112499977461994,1.8413999932818115
131,4.166624069213867,1.6696640253067017,5.951776027679443,1.6242879629135132,6.124100007582456,1.8857999821193516
132,4.323616027832031,1.5157439708709717,6.083456039428711,1.711135983467102,6.232800020370632,1.7929000314325094
133,4.184256076812744,1.5850239992141724,5.945568084716797,1.6784319877624512,6.234699976630509,1.8274000030942261
134,4.196928024291992,1.5319039821624756,5.997663974761963,1.732159972190857,6.127200031187385,2.1698999917134643
135,4.0814080238342285,1.612671971321106,6.030432224273682,1.6322239637374878,6.000299996230751,1.8005000310949981
136,7.2103681564331055,2.268160104751587,6.096223831176758,1.6575679779052734,6.311699980869889,2.0029000006616116
137,5.328767776489258,1.7300159931182861,6.117152214050293,1.64409601688385,6.041000015102327,1.9597000209614635
138,5.082560062408447,1.6586240530014038,6.024960041046143,2.5198400020599365,6.124900013674051,1.7677000141702592
139,4.19868803024292,1.7026560306549072,6.0300798416137695,2.8387839794158936,6.193600012920797,1.8919000285677612
140,4.268383979797363,1.631935954093933,6.028512001037598,1.698240041732788,6.253600004129112,1.707000017631799
141,4.151904106140137,1.5841599702835083,6.1190080642700195,1.658400058746338,6.171200016979128,1.7545000300742686
142,4.08790397644043,1.5518399477005005,6.192863941192627,2.90230393409729,6.12629996612668,1.7937999800778925
143,3.9960639476776123,1.594912052154541,5.921631813049316,2.310431957244873,6.151000037789345,1.8275000038556755
144,4.111072063446045,1.5505280494689941,5.849503993988037,1.8858879804611206,6.293899961747229,1.7092999769374728
145,4.055935859680176,1.5535039901733398,6.058239936828613,1.70905601978302,6.2426000367850065,1.866099948529154
146,4.230175971984863,3.5897600650787354,4.932127952575684,1.9600319862365723,6.184300000313669,2.502799965441227
147,4.076992034912109,2.04915189743042,4.030720233917236,1.7077440023422241,7.674199994653463,1.9898000173270702
148,4.044703960418701,1.7081279754638672,3.9928319454193115,1.677567958831787,4.689800029154867,1.687799987848848
149,4.30998420715332,1.621216058731079,4.153759956359863,1.7157440185546875,5.945999990217388,1.8362000118941069
150,4.1544318199157715,1.8984639644622803,4.087200164794922,1.7359039783477783,4.3693000334315,1.76910002483055
151,4.120031833648682,2.1145598888397217,4.383711814880371,1.668895959854126,4.0911000105552375,1.9894000142812729
152,4.056064128875732,1.8023680448532104,4.038527965545654,1.6700799465179443,4.1739000007510185,1.8127000075764954
153,4.073247909545898,1.5622080564498901,4.130112171173096,1.66486394405365,4.112599999643862,1.8901000148616731
154,4.0032958984375,3.5271360874176025,4.074016094207764,1.7175040245056152,4.15890000294894,2.378600009251386
155,4.011616230010986,1.9140160083770752,4.12556791305542,1.6651519536972046,4.060600011143833,1.756099984049797
156,3.9763519763946533,1.6353280544281006,4.131840229034424,1.599295973777771,4.060000006575137,1.8222000217065215
157,3.9903359413146973,1.6392639875411987,4.012224197387695,1.739359974861145,4.165399994235486,1.7875999910756946
158,4.139967918395996,1.7672959566116333,3.983520030975342,1.6470719575881958,4.393399984110147,1.8142999615520239
159,6.539743900299072,1.844383955001831,4.122176170349121,1.6640000343322754,4.10260003991425,1.6592000029049814
160,4.983583927154541,1.664896011352539,3.989504098892212,1.6131199598312378,4.062999971210957,1.7709999810904264
161,4.704031944274902,1.6431039571762085,4.848480224609375,1.6408640146255493,4.228400008287281,1.7382000223733485
162,4.168352127075195,1.705407977104187,10.41926383972168,1.564512014389038,6.288599979598075,1.750800001900643
163,4.066495895385742,1.8008320331573486,9.290847778320312,1.6479359865188599,5.1021999679505825,2.2982999798841774
164,4.203519821166992,1.6652159690856934,6.398911952972412,1.7220159769058228,4.2934000375680625,1.763199979905039
165,4.069759845733643,1.672063946723938,7.563551902770996,2.6843199729919434,4.484899982344359,1.7937999800778925
166,4.222496032714844,1.58297598361969,4.5643839836120605,3.0800960063934326,4.313399957027286,1.7334000440314412
167,4.034016132354736,1.679967999458313,4.04969596862793,1.770143985748291,12.318499968387187,1.749899995047599
168,4.090176105499268,1.5555520057678223,4.036416053771973,3.982719898223877,4.273200000170618,1.7602000152692199
169,4.024159908294678,1.5712640285491943,4.9422078132629395,2.4830400943756104,4.205300007015467,1.7264000489376485
170,5.080063819885254,1.619871973991394,4.055647850036621,1.6962560415267944,4.235000000335276,1.747199974488467
171,4.2611517906188965,1.573472023010254,4.7391037940979,1.7667839527130127,4.304500005673617,1.7149000195786357
172,4.019231796264648,2.4126079082489014,4.049312114715576,1.8414080142974854,4.220000002533197,2.2196000209078193
173,4.14192008972168,2.479167938232422,4.3448638916015625,1.734015941619873,4.198899958282709,1.824699982535094
174,4.197567939758301,1.6130239963531494,4.200255870819092,1.8474880456924438,4.182800010312349,1.8424000008963048
175,4.032159805297852,1.5674560070037842,4.020319938659668,1.6896640062332153,4.128800006583333,1.8343999981880188
176,4.111648082733154,1.5676480531692505,4.055488109588623,1.6752640008926392,4.087399982381612,1.7530000186525285
177,4.289792060852051,3.0837759971618652,4.5693440437316895,1.7460479736328125,4.093400028068572,1.860800024587661
178,4.0840959548950195,3.8900160789489746,4.068160057067871,1.8406399488449097,4.200100025627762,1.7961999983526766
179,3.9981119632720947,4.039423942565918,3.957119941711426,1.7103999853134155,6.269700010307133,1.7659000004641712
180,4.148640155792236,3.9224319458007812,4.0234880447387695,1.775488018989563,5.412400001659989,1.6876999870873988
181,4.975168228149414,3.8304638862609863,8.17142391204834,3.235327959060669,6.321499997284263,2.0269000087864697
182,4.753888130187988,3.9564480781555176,9.771039962768555,1.8280960321426392,4.571199999190867,6.605700007639825
183,4.145567893981934,3.0278079509735107,6.875487804412842,1.7654720544815063,4.182999953627586,2.357900026254356
184,4.158400058746338,2.9818880558013916,4.374239921569824,1.7965120077133179,4.11579996580258,2.9741000034846365
185,6.980607986450195,3.6340479850769043,4.133535861968994,1.6987199783325195,4.2557999840937555,4.835999978240579
186,4.381120204925537,3.4958720207214355,4.307616233825684,1.7534079551696777,4.26260003587231,3.282400022726506
187,6.065087795257568,2.9503040313720703,4.093791961669922,1.8035520315170288,4.278399981558323,3.0943999881856143
188,5.825952053070068,2.5410239696502686,4.013728141784668,1.7850240468978882,4.209699982311577,6.595299986656755
189,4.217663764953613,2.544287919998169,4.587776184082031,1.85862398147583,4.519200010690838,2.977200027089566
190,4.13375997543335,1.7423679828643799,9.944416046142578,2.217888116836548,5.800299986731261,2.8732000500895083
191,4.087007999420166,1.5746560096740723,9.779583930969238,1.775712013244629,5.052099993918091,2.709200023673475
192,4.279935836791992,1.6379519701004028,4.074175834655762,1.7356799840927124,4.1609000181779265,3.1106999958865345
193,4.336383819580078,1.655519962310791,6.046624183654785,1.7109440565109253,6.827900011558086,2.9055000049993396
194,4.132192134857178,1.8777600526809692,4.421408176422119,1.6670399904251099,4.46999998530373,3.00319999223575
195,4.487872123718262,1.6910079717636108,6.303135871887207,1.6711679697036743,4.58850001450628,2.6123999850824475
196,5.245215892791748,1.7816959619522095,7.635136127471924,1.718559980392456,6.993599992711097,2.520499983802438
197,4.607039928436279,1.558143973350525,7.154975891113281,1.7973120212554932,5.5410999921150506,2.45939998421818
198,4.723487854003906,1.7899199724197388,4.973887920379639,1.7004159688949585,5.861099984031171,2.451899985317141
199,4.654208183288574,1.612928032875061,4.062464237213135,1.6943680047988892,5.440799985080957,2.428300038445741
200,4.254176139831543,1.628991961479187,5.136735916137695,1.7541120052337646,4.256200045347214,2.5234000058844686
201,4.083168029785156,1.683359980583191,4.097407817840576,1.7140799760818481,4.23439999576658,2.411399967968464
202,4.084991931915283,1.6636159420013428,4.104991912841797,1.736191987991333,4.506799974478781,2.439300005789846
203,4.303840160369873,1.6751359701156616,4.189856052398682,1.7067519426345825,4.114100011065602,2.3932000040076673
204,4.2399678230285645,1.5821759700775146,4.356512069702148,1.683519959449768,4.226899996865541,2.38840002566576
205,4.13424015045166,1.62716805934906,4.20854377746582,1.7272000312805176,4.167600010987371,2.334499964490533
206,4.1754560470581055,1.655392050743103,4.109792232513428,1.7095040082931519,4.275500017683953,2.38979997811839
207,4.033952236175537,3.1901121139526367,4.0780158042907715,1.6983040571212769,4.268900025635958,2.3194000241346657
208,4.189151763916016,1.7741440534591675,6.025792121887207,1.8547840118408203,4.218699992634356,2.446700003929436
209,4.0971198081970215,1.6018879413604736,6.636767864227295,1.7466559410095215,4.223400028422475,2.515000000130385
210,4.072383880615234,1.7256640195846558,6.403135776519775,1.7666879892349243,4.302299988921732,2.4047999759204686
211,5.312607765197754,1.6028159856796265,4.486688137054443,1.6526399850845337,4.065099987201393,2.427100029308349
212,4.367487907409668,1.6029759645462036,4.298912048339844,1.6446080207824707,4.141599987633526,2.4058999842964113
213,4.586592197418213,1.6067839860916138,4.098879814147949,1.6752959489822388,4.289500007871538,2.275700040627271
214,4.242464065551758,1.6300159692764282,4.416384220123291,1.689728021621704,4.492499982006848,2.4880999699234962
215,4.044064044952393,1.6638400554656982,4.274144172668457,1.6684160232543945,4.179200041107833,2.435099973808974
216,4.14031982421875,1.6922240257263184,4.135776042938232,1.7605119943618774,4.332899989094585,2.404400031082332
217,4.179103851318359,2.2074880599975586,4.212480068206787,1.7018879652023315,4.1924999677576125,2.392199996393174
218,4.371071815490723,1.711359977722168,4.2936320304870605,1.6578240394592285,9.478099993430078,2.3686999920755625
219,4.131072044372559,1.6522560119628906,4.182720184326172,1.6923840045928955,9.260500024538487,2.399599994532764
220,4.060512065887451,1.6225600242614746,4.199359893798828,1.7209279537200928,6.293100013863295,2.3548000026494265
221,4.201920032501221,1.6792320013046265,4.112607955932617,1.7193599939346313,6.195300025865436,2.3418000200763345
222,4.312928199768066,1.6115520000457764,4.197504043579102,1.5938559770584106,6.497399997897446,2.428599982522428
223,4.679743766784668,1.6964800357818604,4.103263854980469,1.6975680589675903,6.286899966653436,2.42979999165982
224,4.055295944213867,1.6200000047683716,4.170368194580078,1.6537920236587524,6.066500034648925,2.3592999787069857
225,3.961440086364746,1.6492160558700562,4.112256050109863,1.6808639764785767,5.80629997421056,2.297600032761693
226,4.198880195617676,1.8280320167541504,4.0550079345703125,1.6930559873580933,5.162499961443245,2.300499996636063
227,4.240575790405273,1.7660479545593262,4.1836161613464355,1.7890559434890747,5.038700008299202,2.38840002566576
228,4.0774078369140625,1.7019200325012207,4.1137919425964355,1.6273599863052368,4.5335000031627715,2.296699967700988
229,4.130271911621094,1.717087984085083,4.1031999588012695,1.7608319520950317,4.259799956344068,3.793700016103685
230,4.154816150665283,1.5694400072097778,6.63808012008667,1.7549760341644287,4.326099995523691,3.0891000060364604
231,4.149983882904053,1.5981119871139526,4.471199989318848,1.6471680402755737,4.297000006772578,2.8455000137910247
232,4.094240188598633,1.6645760536193848,5.796095848083496,1.7114880084991455,4.4383000349625945,4.2551999795250595
233,4.029791831970215,1.6004159450531006,4.422143936157227,1.6166399717330933,4.325499990954995,3.5964000271633267
234,4.161632061004639,1.7308160066604614,3.98419189453125,1.7017600536346436,4.153600020799786,2.96030001481995
235,4.077727794647217,1.5994240045547485,4.224991798400879,1.69542396068573,4.490999970585108,2.3298999876715243
236,4.115263938903809,3.568160057067871,4.05347204208374,1.598688006401062,14.530199987348169,2.057200006674975
237,4.034656047821045,3.936352014541626,4.1872639656066895,1.7576320171356201,7.228200032841414,1.8359000096097589
238,4.122208118438721,3.929408073425293,4.187456130981445,1.716223955154419,4.1677000117488205,1.8154000281356275
239,4.370272159576416,3.849184036254883,4.059072017669678,1.6653759479522705,4.121700010728091,1.7574999947100878
240,4.262656211853027,3.003040075302124,4.038911819458008,1.6762880086898804,6.268099998123944,2.813900006003678
241,4.211808204650879,1.7710720300674438,6.159840106964111,1.681663990020752,4.881800035946071,3.859999997075647
242,8.017984390258789,1.6983360052108765,4.1187520027160645,1.6128959655761719,4.303199995774776,1.7857999773696065
243,6.187168121337891,1.5996479988098145,5.184576034545898,1.6429120302200317,4.262699978426099,1.9028999959118664
244,6.294335842132568,1.6565120220184326,5.544256210327148,1.7610880136489868,4.3886000057682395,1.7426999984309077
245,6.297728061676025,1.6706559658050537,5.073408126831055,1.6691839694976807,4.18560003163293,1.7367000109516084
246,6.204383850097656,1.6054719686508179,5.425024032592773,1.6151679754257202,4.2643999913707376,1.7484999843873084
247,6.592864036560059,1.7699520587921143,6.997024059295654,1.64137601852417,6.5379999577999115,1.753399963490665
248,6.327263832092285,1.6606719493865967,5.042719841003418,1.6238080263137817,10.5801000026986,1.8227999680675566
249,6.272928237915039,1.6756800413131714,6.422912120819092,1.6772799491882324,10.675099969375879,1.826200052164495
250,6.43228816986084,3.6556479930877686,4.823455810546875,1.6618880033493042,10.751500027254224,1.997400016989559
251,6.278592109680176,1.7010879516601562,4.048768043518066,1.7251839637756348,10.300400026608258,1.7032999894581735
252,6.12611198425293,2.1300160884857178,4.10748815536499,1.6326719522476196,8.104800013825297,1.75430002855137
253,6.059872150421143,2.787264108657837,4.053247928619385,1.7951040267944336,4.351900017354637,1.719099993351847
254,5.9863362312316895,1.831231951713562,4.160128116607666,1.6442240476608276,5.36489998921752,1.759299950208515
255,6.090240001678467,1.6840319633483887,3.9518721103668213,1.6127680540084839,4.391700029373169,1.7349999980069697
256,6.065216064453125,1.8632639646530151,4.154047966003418,1.6594239473342896,4.635699966456741,1.7401999793946743
257,6.046656131744385,3.790623903274536,4.15180778503418,1.7200000286102295,4.313600016757846,1.816999982111156
258,6.207039833068848,1.6063679456710815,4.193183898925781,1.6467839479446411,4.275300016161054,1.7004000255838037
259,6.152575969696045,1.6829760074615479,4.055456161499023,1.6298880577087402,6.548600038513541,1.7527000163681805
260,5.973887920379639,1.6850240230560303,3.9580800533294678,1.6789439916610718,5.303199985064566,1.7936999793164432
261,5.929247856140137,2.5614399909973145,4.086175918579102,1.7079039812088013,6.13529997644946,1.8321999814361334
262,6.016287803649902,2.358304023742676,4.127679824829102,1.7089279890060425,8.911700046155602,1.6748000052757561
263,6.137792110443115,1.959455966949463,4.140575885772705,1.6607359647750854,12.413799995556474,1.8479999853298068
264,6.32528018951416,1.690943956375122,4.078432083129883,1.5637760162353516,7.669000013265759,1.762600033544004
265,6.2014079093933105,1.784224033355713,4.024159908294678,1.6756800413131714,6.811600003857166,1.8366000149399042
266,5.243391990661621,1.6186879873275757,4.109248161315918,1.6316479444503784,6.483400007709861,1.7822000081650913
267,4.219456195831299,1.7859200239181519,4.0663042068481445,1.8018239736557007,6.746999977622181,1.6802999889478087
268,4.130335807800293,1.8929599523544312,4.074912071228027,1.8128639459609985,5.491200019605458,1.710000040475279
269,4.14847993850708,1.6528639793395996,4.1031999588012695,1.6030399799346924,4.171099979430437,2.0493000047281384
270,6.617919921875,1.7340480089187622,4.20739221572876,1.801184058189392,4.177400027401745,1.8087000353261828
271,4.326879978179932,1.6337599754333496,4.076672077178955,1.720031976699829,4.116200027056038,1.7172999796457589
272,4.215104103088379,1.4994879961013794,4.073760032653809,1.6281919479370117,6.48639997234568,1.7330999835394323
273,6.534592151641846,1.5576319694519043,4.096127986907959,1.578879952430725,5.95610000891611,1.7054000054486096
274,4.56496000289917,1.828927993774414,4.286464214324951,1.7999999523162842,5.718699947465211,1.7204000032506883
275,6.109055995941162,2.687040090560913,4.196608066558838,1.659168004989624,6.359299994073808,1.8060000147670507
276,4.273087978363037,1.7172800302505493,4.127391815185547,1.6882879734039307,6.002600013744086,1.7053999472409487
277,4.957087993621826,1.7450239658355713,4.087264060974121,5.594751834869385,6.70279999030754,1.7337999888695776
278,4.934783935546875,1.664031982421875,4.280032157897949,5.456223964691162,6.34419999551028,2.9956999933347106
279,4.876992225646973,1.656991958618164,4.00816011428833,5.487936019897461,10.043100046459585,1.7353000002913177
280,4.2699198722839355,1.587391972541809,4.020480155944824,4.572544097900391,8.564300020225346,1.8183999927714467
281,4.187007904052734,1.6590720415115356,4.133632183074951,3.309119939804077,7.374099979642779,1.6950999852269888
282,4.24399995803833,1.59660804271698,6.615424156188965,2.685472011566162,8.108700043521821,1.692799967713654
283,6.608096122741699,2.7085440158843994,4.661248207092285,2.3790719509124756,10.953899996820837,1.8120999448001385
284,4.620192050933838,2.1061758995056152,6.86246395111084,2.369856119155884,12.778500036802143,1.7230999656021595
285,4.780479907989502,1.6648319959640503,10.004223823547363,2.3700480461120605,9.016799973323941,1.7825999530032277
286,4.287487983703613,1.7121280431747437,9.05081558227539,2.2631680965423584,6.392500014044344,1.7294000135734677
287,3.9686079025268555,1.7077120542526245,4.3170881271362305,2.2827200889587402,5.627300008200109,3.572799963876605
288,4.072768211364746,1.8760319948196411,4.159743785858154,2.302367925643921,4.2283000075258315,1.880900003015995
289,4.096767902374268,1.6393920183181763,4.146912097930908,2.345439910888672,4.151000001002103,1.7214000108651817
290,5.7045440673828125,1.6507200002670288,4.898367881774902,2.327903985977173,5.477000027894974,1.7195999971590936
291,9.263744354248047,1.6743680238723755,4.091008186340332,2.355232000350952,9.602600010111928,2.4885000311769545
292,8.652704238891602,2.1282238960266113,4.090367794036865,3.0749759674072266,7.604699989315122,1.9827999640256166
293,4.948031902313232,1.7071679830551147,4.034783840179443,3.8202879428863525,4.214799962937832,1.8871999927796423
294,4.1320319175720215,1.5584640502929688,4.887551784515381,3.7537600994110107,4.303599998820573,1.7405999824404716
295,4.098879814147949,1.606335997581482,4.047904014587402,3.674976110458374,4.238299967255443,3.708600008394569
296,4.098527908325195,1.6724480390548706,4.005504131317139,3.6163840293884277,5.897899973206222,1.838000025600195
297,4.0944318771362305,1.493567943572998,4.19817590713501,2.1454720497131348,6.210000021383166,1.7954999930225313
298,4.085824012756348,1.5941760540008545,4.267807960510254,1.770527958869934,6.180399970617145,1.7057000077329576
299,4.131968021392822,1.6561280488967896,4.159008026123047,1.6680959463119507,6.133500020951033,2.0817999611608684
300,4.051072120666504,1.6722240447998047,3.9862399101257324,1.6425600051879883,5.998399981763214,2.015199977904558
301,4.074495792388916,1.5651839971542358,4.4319682121276855,1.6986240148544312,8.93120002001524,1.7599000129848719
302,4.076992034912109,1.8151040077209473,4.215775966644287,1.6834880113601685,10.647699993569404,1.8211000133305788
303,4.12937593460083,1.6594560146331787,4.019552230834961,1.646720051765442,8.648600021842867,1.8904000171460211
304,4.109280109405518,1.6066559553146362,4.1168317794799805,1.6510720252990723,6.27610000083223,1.7873999895527959
305,4.0557122230529785,1.5696959495544434,4.154143810272217,1.6042879819869995,6.150999979581684,1.7955999937839806
306,4.100351810455322,1.5305919647216797,4.2514238357543945,1.772223949432373,6.135100033134222,1.7618999700061977
307,4.140607833862305,1.6376639604568481,4.107615947723389,1.7413760423660278,6.025299953762442,1.7588999471627176
308,4.143136024475098,1.5987199544906616,4.1523518562316895,1.7256640195846558,5.712600017432123,1.7088999738916755
309,4.1221442222595215,1.688223958015442,4.2097601890563965,1.6103039979934692,4.155900038313121,1.7599000129848719
310,4.24729585647583,1.5909119844436646,4.045407772064209,1.685472011566162,4.0899000014178455,1.750800001900643
311,4.062784194946289,1.5766719579696655,4.115551948547363,1.6448320150375366,4.169700026977807,1.720900007057935
312,3.9695041179656982,2.3913280963897705,4.047552108764648,1.6093440055847168,4.1720999870449305,3.4734999644570053
313,4.124415874481201,2.5246400833129883,3.947999954223633,1.742784023284912,4.071199975442141,2.154399990104139
314,3.9513280391693115,1.9769599437713623,4.260064125061035,1.711840033531189,4.289700009394437,1.7664000042714179
315,4.148159980773926,1.7805119752883911,4.2078399658203125,1.7230720520019531,4.126999992877245,2.352300041820854
316,4.202239990234375,1.6424640417099,4.092735767364502,1.7696319818496704,4.468299972359091,2.581500040832907
317,3.985215902328491,1.6370879411697388,4.004064083099365,1.7269760370254517,4.310999996960163,2.2173000033944845
318,4.105408191680908,1.5444799661636353,4.057024002075195,1.6289600133895874,4.194799985270947,1.8658999470062554
319,3.961535930633545,1.6363840103149414,4.092959880828857,1.7117760181427002,4.150799999479204,2.804499992635101
320,4.169919967651367,1.6242879629135132,4.059487819671631,1.5900479555130005,4.182700009550899,4.289900010917336
321,4.002495765686035,1.948799967765808,3.967423915863037,1.7376320362091064,4.182900011073798,4.24330000532791
322,6.043871879577637,1.7007999420166016,4.133120059967041,1.695072054862976,4.210899991448969,4.215700027998537
323,4.87388801574707,1.5814399719238281,4.00870418548584,1.6288959980010986,6.06570002855733,4.702300007920712
324,4.971680164337158,1.5548800230026245,4.062719821929932,1.6902719736099243,8.549200021661818,2.4624000070616603
325,4.286303997039795,1.6433919668197632,4.017983913421631,1.6868799924850464,4.1573999915272,1.706100010778755
326,4.176703929901123,1.541375994682312,4.26691198348999,2.8881280422210693,4.2489999905228615,3.7404000177048147
327,6.7132158279418945,1.5528000593185425,4.101568222045898,1.7821120023727417,4.192300024442375,3.129500022623688
328,7.414175987243652,1.6083519458770752,4.0614399909973145,1.7052479982376099,4.224599979352206,2.647999965120107
329,6.629856109619141,1.5795520544052124,4.180895805358887,1.723296046257019,4.185599973425269,2.7546000201255083
330,4.3276801109313965,1.676543951034546,12.889504432678223,1.6486400365829468,11.58749999012798,1.7709999810904264
331,4.107295989990234,1.8799359798431396,12.872991561889648,1.6132160425186157,9.577899996656924,1.7285000067204237
332,4.2230401039123535,1.9583359956741333,6.736256122589111,1.7736639976501465,4.137600015383214,1.7715999856591225
333,4.363872051239014,1.6681599617004395,6.1862077713012695,1.707487940788269,4.0963999927043915,1.7457000212743878
334,4.079391956329346,1.731328010559082,6.133152008056641,1.8004159927368164,6.592199963051826,1.8075000261887908
335,4.104000091552734,1.6049280166625977,6.105855941772461,1.7951359748840332,4.288600001018494,1.7982000135816634
336,4.013760089874268,1.660640001296997,11.814496040344238,1.8236160278320312,6.501699972432107,1.7007000278681517
337,5.132415771484375,1.69542396068573,13.082976341247559,1.84607994556427,4.614199977368116,1.8006999744102359
338,4.193215847015381,1.65721595287323,7.080383777618408,1.8125439882278442,10.548699996434152,1.8084999755956233
339,4.095327854156494,1.5312960147857666,5.62556791305542,1.7422080039978027,9.48670000070706,1.6705000307410955
340,4.043871879577637,1.7362240552902222,4.037248134613037,1.6819839477539062,4.249999998137355,1.6850000247359276
341,13.935296058654785,2.5672640800476074,4.436800003051758,1.7446399927139282,4.565800016280264,1.6213000053539872
342,15.385503768920898,1.6687040328979492,3.9951040744781494,1.7095040082931519,4.726100014522672,1.7408999847248197
343,11.479968070983887,1.5546239614486694,7.459136009216309,1.683616042137146,4.8670999822206795,1.664999988861382
344,6.208415985107422,1.5901119709014893,6.4260478019714355,1.8904320001602173,5.385600030422211,1.7598000122234225
345,6.284512042999268,1.8975679874420166,8.08358383178711,1.8373440504074097,4.553499980829656,1.7576999962329865
346,5.968671798706055,2.2439680099487305,4.424448013305664,1.8044480085372925,5.823999992571771,1.6725999885238707
347,6.005407810211182,1.7798399925231934,4.167200088500977,1.6476800441741943,5.789400020148605,2.1914999815635383
348,5.89785623550415,1.6473920345306396,4.124800205230713,1.668511986732483,4.268900025635958,3.5269000218249857
349,5.858431816101074,2.531424045562744,4.3355841636657715,1.729375958442688,4.9721000250428915,1.8270000000484288
350,6.243616104125977,3.157952070236206,4.121056079864502,1.7032320499420166,4.242099996190518,2.803299983497709
351,4.912831783294678,2.2422080039978027,4.208352088928223,1.674015998840332,4.087700042873621,3.473500022664666
352,4.874112129211426,2.253472089767456,4.172351837158203,1.6571199893951416,4.122200014535338,2.8752999496646225
353,4.415008068084717,3.133280038833618,4.208640098571777,1.6525440216064453,4.274600010830909,2.8322000289335847
354,6.119775772094727,2.6802239418029785,4.108607769012451,3.4511361122131348,4.141899989917874,1.8790000467561185
355,8.787839889526367,2.17193603515625,4.368832111358643,1.7650560140609741,4.181800002697855,1.7297999584116042
356,8.996064186096191,2.333951950073242,4.0472002029418945,1.757472038269043,4.538499983027577,1.9192000036127865
357,6.973599910736084,2.163680076599121,4.308640003204346,1.7344640493392944,10.013299994170666,2.2976999753154814
358,6.247776031494141,2.2561280727386475,3.9773759841918945,1.6501760482788086,9.122800023760647,2.0194000098854303
359,6.241888046264648,2.2191998958587646,4.129280090332031,1.6673920154571533,4.424899991136044,1.837400021031499
360,6.07747220993042,2.1958398818969727,4.329343795776367,1.727295994758606,4.357500001788139,1.7201000009663403
361,5.975647926330566,2.3074560165405273,4.4310078620910645,1.6963200569152832,4.202199983410537,1.796900003682822
362,6.103487968444824,2.207360029220581,4.118048191070557,4.82041597366333,5.106099997647107,3.8266999763436615
363,5.993535995483398,2.286911964416504,4.159776210784912,3.1901121139526367,4.302999994251877,1.8803999992087483
364,5.960671901702881,2.296031951904297,7.721216201782227,2.3537280559539795,4.205300007015467,2.2965000243857503
365,6.134848117828369,2.1899518966674805,6.64134407043457,4.15334415435791,4.203699994832277,3.3634999999776483
366,5.965216159820557,2.2542080879211426,9.399295806884766,4.814367771148682,6.324000016320497,2.589199983049184
367,6.4746880531311035,2.206399917602539,5.101856231689453,5.5340800285339355,4.930600000079721,2.6294999988749623
368,9.291680335998535,2.220896005630493,4.36521577835083,3.763200044631958,5.2890999941155314,6.063400011043996
369,9.751551628112793,2.2519679069519043,5.412064075469971,3.6852800846099854,5.108199955429882,5.8438999694772065
370,6.142399787902832,3.9510080814361572,4.403744220733643,2.8880960941314697,4.4849999831058085,5.06549997953698
371,5.980319976806641,2.606879949569702,4.2142720222473145,1.8538880348205566,4.162900033406913,3.6786999553442
372,6.052576065063477,1.5850880146026611,4.120319843292236,1.6799039840698242,5.059099989011884,2.7138000004924834
373,6.136608123779297,2.7409920692443848,5.147679805755615,1.777343988418579,14.019399997778237,2.372700022533536
374,6.410560131072998,3.10150408744812,4.171679973602295,1.7275840044021606,11.967700032982975,2.4569000233896077
375,4.734335899353027,2.44268798828125,4.288383960723877,1.6106879711151123,12.196999974548817,2.4437999818474054
376,5.784319877624512,2.0306239128112793,5.44547176361084,1.6250239610671997,8.884400012902915,2.509600017219782
377,10.455072402954102,1.893887996673584,5.74783992767334,1.6607680320739746,5.7354000164195895,1.9055000157095492
378,9.05081558227539,1.64137601852417,4.2870402336120605,1.699903964996338,4.222200019285083,1.8279000069014728
379,4.198944091796875,1.5818560123443604,4.2526397705078125,1.734879970550537,4.2925000307150185,1.7838000203482807
380,4.031807899475098,1.6560959815979004,5.08896017074585,2.231935977935791,4.432599991559982,1.6870999825187027
381,4.1080322265625,1.6465599536895752,4.191616058349609,1.7442560195922852,4.4306000345386565,1.7903000116348267
382,8.880127906799316,1.6070079803466797,4.237823963165283,1.684831976890564,5.031300010159612,1.8470000359229743
383,11.952351570129395,1.6729600429534912,4.535264015197754,1.6329280138015747,4.350600007455796,1.7998000257648528
384,4.815936088562012,1.71670401096344,4.171264171600342,1.7924480438232422,6.9204000174067914,1.7639999859966338
385,4.8809919357299805,1.5595200061798096,4.034111976623535,1.6543999910354614,6.444800004828721,2.1274000173434615
386,7.037248134613037,1.6732800006866455,4.106304168701172,1.6815359592437744,6.647099973633885,3.478700004052371
387,7.412479877471924,1.5215040445327759,5.335231781005859,1.8025599718093872,6.5932999714277685,1.7787000397220254
388,7.941664218902588,1.6463359594345093,4.289760112762451,1.7429759502410889,6.243999989237636,1.5888999914750457
389,4.0977277755737305,1.5380799770355225,4.269311904907227,1.9674880504608154,6.278000015299767,2.318000013474375
390,4.277215957641602,1.616927981376648,4.1635518074035645,1.7805759906768799,5.879300006199628,2.431900007650256
391,4.021471977233887,1.5744320154190063,8.129023551940918,1.8401919603347778,6.299900007434189,2.075799973681569
392,5.334400177001953,1.5972479581832886,9.1463041305542,1.703552007675171,10.913099977187812,1.8774000345729291
393,4.422848224639893,1.6111040115356445,7.187456130981445,1.7828799486160278,11.016500007826835,1.7565999878570437
394,4.209407806396484,1.6550719738006592,6.135776042938232,1.668287992477417,6.982100021559745,1.7781999777071178
395,4.171775817871094,1.642848014831543,6.306879997253418,1.7502399682998657,6.438699958380312,1.7080000252462924
396,10.378432273864746,1.6670399904251099,6.120672225952148,1.6490559577941895,5.654199980199337,1.7004000255838037
397,11.793888092041016,1.7460800409317017,6.006015777587891,1.716480016708374,6.9899000227451324,1.790100010111928
398,7.148863792419434,1.53929603099823,9.025664329528809,1.7439359426498413,7.760999957099557,5.670199985615909
399,7.2664642333984375,1.6476800441741943,7.531360149383545,1.7474240064620972,9.6246000030078,5.535200005397201
400,4.354368209838867,1.6576319932937622,6.3976640701293945,1.8342399597167969,8.456500014290214,3.99129994912073
401,4.226304054260254,1.6060479879379272,6.1629438400268555,1.629472017288208,5.907899991143495,3.958700050134212
402,4.136064052581787,1.6250560283660889,6.144896030426025,1.7283200025558472,12.431299954187125,4.0268999873660505
403,10.073599815368652,1.6130239963531494,6.081151962280273,1.6571840047836304,11.445200012531132,4.192600026726723
404,7.784095764160156,1.551103949546814,6.225791931152344,1.651039958000183,4.267399956006557,2.5579999783076346
405,7.370719909667969,3.8110079765319824,6.146719932556152,1.6798399686813354,5.279499979224056,2.0811999565921724
406,5.945568084716797,5.827487945556641,6.004064083099365,1.717695951461792,4.237800021655858,3.8087000139057636
407,6.032095909118652,5.563231945037842,6.1268157958984375,1.6684160232543945,4.836299980524927,3.283499972894788
408,6.089024066925049,5.288735866546631,5.965695858001709,2.537951946258545,4.2492999928072095,4.31300001218915
409,6.083199977874756,1.7800320386886597,5.951551914215088,1.8088959455490112,4.07900003483519,2.9870999860577285
410,6.297632217407227,1.6663039922714233,6.077375888824463,1.716096043586731,4.519500012975186,1.7328999820165336
411,5.8664960861206055,1.6845120191574097,6.159711837768555,1.8122559785842896,4.273099999409169,1.8567999941296875
412,6.058080196380615,1.602112054824829,6.158336162567139,1.7764159440994263,4.193700035102665,2.4480000138282776
413,6.220160007476807,1.621440052986145,6.076159954071045,1.6891200542449951,4.145300015807152,1.810799993108958
414,6.147136211395264,1.649183988571167,6.010240077972412,1.7700799703598022,6.378200021572411,1.7698000301606953
415,9.350879669189453,1.6060800552368164,6.152416229248047,1.6849600076675415,5.427800002507865,1.7453000182285905
416,13.37820816040039,1.6964800357818604,6.16480016708374,1.58297598361969,5.250499991234392,3.5484000109136105
417,4.356383800506592,1.648800015449524,5.99721622467041,3.2720000743865967,4.978699958883226,2.1006999886594713
418,4.2514238357543945,1.6821759939193726,5.965087890625,1.7540160417556763,4.393099981825799,1.697800005786121
419,4.081759929656982,1.7439359426498413,6.075776100158691,1.6488319635391235,4.210899991448969,3.2961000106297433
420,6.762944221496582,1.6750719547271729,6.098239898681641,1.7743040323257446,4.284299968276173,2.9781999764963984
421,5.986271858215332,1.6575039625167847,6.177087783813477,1.9432640075683594,4.816800006665289,2.4779000086709857
422,7.096864223480225,1.5862400531768799,6.17244815826416,1.9493119716644287,4.286699986550957,4.523699986748397
423,11.332832336425781,1.6167999505996704,6.171743869781494,1.6541759967803955,4.285599978175014,5.8682000380940735
424,9.163423538208008,1.6556799411773682,6.276159763336182,1.6173440217971802,4.184199962764978,5.826200009323657
425,5.348896026611328,1.7032639980316162,6.066495895385742,1.7855360507965088,4.878499952610582,5.171299970243126
426,5.336128234863281,1.6119999885559082,6.090496063232422,2.0229439735412598,4.352099960669875,3.518100013025105
427,4.714911937713623,1.5773760080337524,6.1129279136657715,1.7613439559936523,4.222099960315973,2.857400046195835
428,4.24124813079834,1.8503040075302124,6.04966402053833,1.7229440212249756,5.29069994809106,2.454300003591925
429,4.132351875305176,1.6700799465179443,6.1184000968933105,1.7006080150604248,4.311299999244511,2.425599959678948
430,4.374879837036133,1.5776000022888184,6.0774078369140625,1.7639039754867554,4.260800022166222,2.8125999961048365
431,10.346303939819336,1.6070400476455688,6.068575859069824,1.692639946937561,4.204500000923872,2.86250002682209
432,10.105024337768555,1.5868159532546997,6.160607814788818,1.6329599618911743,5.281199992168695,1.7758000176399946
433,5.029727935791016,1.6566400527954102,6.166399955749512,1.7034239768981934,4.189400002360344,1.8905000179074705
434,4.498496055603027,1.5493119955062866,6.096767902374268,1.6493760347366333,4.162599972914904,2.467299986165017
435,4.690944194793701,1.5640959739685059,6.156832218170166,1.7732800245285034,4.196499998215586,2.2791000083088875
436,4.154560089111328,1.569375991821289,5.253087997436523,1.7085119485855103,4.2486999882385135,1.9444000208750367
437,4.180768013000488,1.581663966178894,4.314688205718994,1.7064000368118286,4.301699984353036,1.7204000032506883
438,4.316192150115967,3.0803840160369873,4.101952075958252,1.7032959461212158,4.241999995429069,4.270500037819147
439,4.280159950256348,2.3384320735931396,4.350336074829102,1.7353919744491577,4.23590000718832,3.0740000074729323
440,4.38640022277832,1.5596799850463867,4.200223922729492,1.6340800523757935,4.427199950441718,4.527599958237261
441,4.256095886230469,3.1720640659332275,4.141312122344971,1.6491199731826782,4.288399999495596,4.840100009460002
442,4.165311813354492,3.0410239696502686,4.2778239250183105,1.7187520265579224,4.130900022573769,3.202499996405095
443,4.315360069274902,2.521440029144287,5.418432235717773,1.7036160230636597,4.1609000181779265,2.376900054514408
444,4.2363200187683105,2.250976085662842,4.8758721351623535,1.6925439834594727,4.232299979776144,2.3876999621279538
445,4.188191890716553,1.9543360471725464,4.311295986175537,1.9761600494384766,4.268899967428297,2.4340000236406922
446,4.202688217163086,1.6334079504013062,7.002655982971191,1.711616039276123,4.256799991708249,2.343399974051863
447,7.209727764129639,1.587839961051941,6.512351989746094,1.7351360321044922,4.221299954224378,2.4816999793983996
448,4.148064136505127,1.7267199754714966,6.353856086730957,1.7125120162963867,6.859100016299635,2.380700025241822
449,4.2038397789001465,1.641152024269104,5.276735782623291,1.74127995967865,5.4085999727249146,2.4170000106096268
450,4.897600173950195,1.6687999963760376,4.2314558029174805,1.6818560361862183,4.9863000167533755,2.3160999990068376
451,4.163616180419922,1.6242560148239136,4.191743850708008,1.6713279485702515,4.41530003445223,2.366199973039329
452,4.405856132507324,1.6377919912338257,8.156000137329102,1.6657919883728027,4.7276999684982,2.428600040730089
453,5.016511917114258,1.545024037361145,9.691583633422852,1.5994559526443481,4.112299997359514,2.396599971689284
454,4.260159969329834,2.668287992477417,7.1976318359375,3.5494720935821533,5.181799991987646,2.4287000414915383
455,6.606080055236816,3.1393280029296875,4.377344131469727,3.96012806892395,4.141600045841187,2.367099979892373
456,4.353631973266602,1.7288960218429565,4.402592182159424,4.097472190856934,4.287099989596754,2.3631000076420605
457,5.115903854370117,2.11081600189209,8.778816223144531,4.030464172363281,4.061700019519776,2.3867000127211213
458,4.30463981628418,3.1542720794677734,10.704768180847168,5.333119869232178,4.336400015745312,2.327799971681088
459,4.212831974029541,2.650752067565918,4.670527935028076,2.6948800086975098,4.287399991881102,2.387200016528368
460,4.177951812744141,2.136352062225342,4.166848182678223,3.5021119117736816,4.1649999911896884,2.3740999749861658
461,4.643743991851807,2.102976083755493,4.404895782470703,4.623839855194092,4.154499969445169,2.4653999716974795
462,4.261439800262451,1.6142079830169678,5.35097599029541,3.709696054458618,4.453999979887158,3.036400012206286
463,4.102015972137451,1.5592639446258545,4.576735973358154,7.1196160316467285,4.279999993741512,3.374999971129
464,4.036223888397217,1.638208031654358,4.494048118591309,3.742719888687134,4.168899962678552,1.8341999966651201
465,5.326816082000732,1.6643520593643188,4.280191898345947,3.024735927581787,4.167799954302609,2.416800009086728
466,4.193568229675293,1.6102399826049805,4.981855869293213,2.789792060852051,9.71630000276491,3.271499997936189
467,4.404416084289551,1.748960018157959,4.160736083984375,2.8425920009613037,10.279999987687916,2.6011000154539943
468,4.191999912261963,1.6139520406723022,4.318528175354004,2.6769919395446777,4.883499990683049,2.2962999646551907
469,4.091584205627441,1.6752959489822388,6.33519983291626,2.993407964706421,4.555799998342991,2.108600048813969
470,4.089791774749756,2.7249279022216797,5.0944318771362305,2.594399929046631,4.254000028595328,1.783600018825382
471,4.108320236206055,1.5751680135726929,4.437151908874512,2.716383934020996,4.242599999997765,1.7888000002130866
472,4.625696182250977,1.6052160263061523,4.897280216217041,2.5236480236053467,4.101899976376444,1.756099984049797
473,4.206560134887695,1.6031039953231812,5.7718400955200195,2.617055892944336,4.1588000021874905,1.6954999882727861
474,4.172800064086914,1.8905600309371948,4.406015872955322,2.3470399379730225,4.106099950149655,1.7086000298149884
475,4.140096187591553,1.6754239797592163,5.761792182922363,2.510240077972412,4.208999976981431,1.6490999842062593
476,4.547359943389893,1.6755520105361938,4.4290242195129395,2.371551990509033,4.183400014881045,1.7093000351451337
477,4.234272003173828,1.5948799848556519,4.201216220855713,2.4362239837646484,4.130000015720725,1.7208000062964857
478,4.254528045654297,1.6391680240631104,4.1648640632629395,2.423743963241577,4.168300016317517,3.6385999992489815
479,4.167168140411377,1.5045440196990967,4.490911960601807,2.5123519897460938,4.37090004561469,3.8116000359877944
480,4.85756778717041,1.689344048500061,4.980735778808594,2.39683198928833,4.243600007612258,3.8446999969892204
481,4.073023796081543,1.5965440273284912,4.351424217224121,2.377023935317993,4.224599979352206,3.936199995223433
482,4.103104114532471,1.5404800176620483,4.133408069610596,2.520319938659668,4.246799973770976,2.9898000066168606
483,4.136672019958496,1.6032320261001587,9.536128044128418,2.411072015762329,4.236999957356602,1.8672000151127577
484,4.344799995422363,1.6152640581130981,14.812640190124512,2.4160640239715576,4.122499958612025,1.7119000549428165
485,4.257472038269043,1.5647679567337036,8.720704078674316,2.5520639419555664,4.136900010053068,1.7807999975048006
486,4.0957441329956055,1.576032042503357,5.619584083557129,2.4145920276641846,4.193199973087758,1.733599987346679
487,4.230400085449219,1.6771520376205444,4.304543972015381,2.5016000270843506,4.129900014959276,1.7384999664500356
488,4.613376140594482,1.6238720417022705,4.074751853942871,2.3373119831085205,4.257100052200258,1.7483000410720706
489,4.047232151031494,1.5703680515289307,4.070079803466797,2.4232640266418457,4.1111999889835715,1.7160999705083668
490,4.021344184875488,1.6805119514465332,7.277952194213867,2.416735887527466,4.2369000148028135,1.7515000072307885
491,4.195615768432617,1.6554559469223022,4.809120178222656,2.3153278827667236,4.249000048730522,1.7017999780364335
492,4.208064079284668,1.6135679483413696,5.2732157707214355,2.532831907272339,4.168600018601865,1.753099961206317
493,4.076096057891846,1.6184959411621094,15.449440002441406,2.432543992996216,4.154899972490966,1.7135999514721334
494,4.0385918617248535,1.65174400806427,5.82316780090332,2.4932799339294434,4.19589999364689,1.7105999868363142
495,4.2611517906188965,1.6766079664230347,4.284031867980957,2.48140811920166,6.5181999816559255,1.7272999975830317
496,5.349184036254883,1.622912049293518,4.226624011993408,2.400160074234009,6.874099955894053,1.8315999768674374
497,4.399936199188232,1.6375999450683594,4.95033597946167,2.4180800914764404,5.509799986612052,1.7329000402241945
498,4.267168045043945,1.5503679513931274,4.345119953155518,2.378175973892212,4.219099995680153,1.7717999871820211
499,4.483551979064941,1.6735999584197998,4.240416049957275,2.441279888153076,4.17959998594597,1.7604000167921185
500,4.461887836456299,1.6327680349349976,4.288095951080322,2.3031039237976074,4.320099949836731,1.6914000152610242
501,9.800000190734863,1.6157439947128296,5.139840126037598,4.316415786743164,7.191799988504499,3.164099995046854
502,5.326496124267578,1.595039963722229,4.262112140655518,2.5917439460754395,7.093299995176494,2.064500004053116
503,4.14358377456665,1.6271040439605713,4.230527877807617,3.043872117996216,7.016099989414215,1.782699953764677
504,4.034656047821045,1.571679949760437,4.149951934814453,3.9498560428619385,4.275200015399605,2.3714000126346946
505,4.073184013366699,1.5531200170516968,6.284063816070557,3.0930240154266357,5.770199990365654,2.571700024418533
506,6.05785608291626,1.6379519701004028,5.086400032043457,2.5710721015930176,4.7848999965935946,2.1350999595597386
507,4.985311985015869,1.5886720418930054,4.8170881271362305,2.4672000408172607,4.287999996449798,1.891499967314303
508,5.188896179199219,1.7939519882202148,5.119200229644775,2.3420159816741943,4.0698000229895115,2.54690001020208
509,4.125184059143066,1.5543040037155151,4.230688095092773,2.255039930343628,3.961100010201335,3.0465000309050083
510,4.12175989151001,1.6681599617004395,6.145120143890381,2.2731521129608154,5.003899976145476,1.815199968405068
511,3.9684159755706787,1.5401599407196045,5.751232147216797,2.360991954803467,5.406699958257377,2.3151999921537936
512,4.072351932525635,1.5480639934539795,4.318399906158447,2.3768959045410156,7.554400013759732,3.1277000089176
513,4.094751834869385,1.5831999778747559,4.283008098602295,2.2992959022521973,5.10120001854375,2.5025999639183283
514,4.035327911376953,1.6415679454803467,4.1247358322143555,2.4565439224243164,4.078800033312291,2.3922999971546233
515,3.9892160892486572,1.6351679563522339,4.670368194580078,2.394335985183716,4.17959998594597,2.212700026575476
516,3.874239921569824,1.525696039199829,4.172095775604248,2.3377599716186523,4.001300025265664,1.7599000129848719
517,4.122848033905029,1.4999040365219116,4.132160186767578,2.4029440879821777,4.259500012267381,1.8354000058025122
518,4.086656093597412,1.5991359949111938,4.147327899932861,6.106048107147217,4.043099994305521,1.685400027781725
519,4.041056156158447,1.6072959899902344,10.370495796203613,5.70684814453125,4.140299977734685,1.7456000205129385
520,3.9360640048980713,1.6696319580078125,15.241567611694336,5.027135848999023,3.999800013843924,1.8318999791517854
521,4.692831993103027,1.6886719465255737,7.292928218841553,3.74236798286438,6.362200016155839,1.7682999605312943
522,3.9807040691375732,1.6721279621124268,7.841407775878906,1.6948800086975098,6.684600026346743,1.7257999861612916
523,4.312128067016602,1.5881919860839844,7.329247951507568,1.78985595703125,7.791299954988062,1.6931999707594514
524,4.198336124420166,1.5095360279083252,7.353919982910156,2.3383679389953613,5.80629997421056,1.9041000050492585
525,4.110112190246582,1.6448320150375366,6.535359859466553,2.0870399475097656,7.6775000197812915,1.7230999656021595
526,4.158463954925537,1.6649600267410278,6.659776210784912,1.709663987159729,5.071599967777729,1.688400050625205
527,4.213535785675049,1.7410880327224731,6.670720100402832,1.6325440406799316,4.149499989580363,1.7089999746531248
528,4.302783966064453,1.5514240264892578,6.7909440994262695,1.8186880350112915,4.206400015391409,1.6955999890342355
529,11.954272270202637,1.5720000267028809,6.431136131286621,1.7500159740447998,5.414600018411875,1.7040999955497682
530,9.658271789550781,1.6586240530014038,6.843808174133301,1.7327680587768555,4.405800020322204,1.78980000782758
531,4.575808048248291,1.6246720552444458,6.860991954803467,1.7553280591964722,4.428400017786771,1.8038000562228262
532,4.574463844299316,1.6610239744186401,6.4516801834106445,1.6894400119781494,4.364299995359033,1.8794999923557043
533,5.7178239822387695,1.468832015991211,6.313024044036865,1.720960021018982,4.959900048561394,1.784200023394078
534,6.122496128082275,1.549631953239441,6.344543933868408,1.7375359535217285,4.195199988316745,1.7745000077411532
535,6.288959980010986,1.6127680540084839,8.085887908935547,1.7721600532531738,4.153600020799786,1.7096000374294817
536,6.0990400314331055,1.6226880550384521,6.208223819732666,1.6958400011062622,4.175300011411309,1.6790999798104167
537,6.06217622756958,1.6256959438323975,6.1262078285217285,1.7237759828567505,4.498600028455257,1.7266999930143356
538,5.978176116943359,1.6280319690704346,6.044640064239502,3.999903917312622,4.275700019206852,1.7817000043578446
539,6.025023937225342,1.6556799411773682,6.493696212768555,1.9895360469818115,4.407399974297732,1.6312000225298107
540,6.012479782104492,1.636672019958496,6.410143852233887,1.6906239986419678,4.254599974956363,1.8202000064775348
541,7.942048072814941,1.6804159879684448,6.921535968780518,2.7904319763183594,14.958799991291016,1.7637000419199467
542,4.764095783233643,1.6055999994277954,6.49564790725708,2.7388479709625244,11.361600016243756,1.962199981790036
543,6.525728225708008,1.5743999481201172,4.818431854248047,2.2468481063842773,6.288599979598075,1.781500002834946
544,8.72060775756836,1.6574079990386963,6.531040191650391,2.003232002258301,6.241300026886165,1.7856999766081572
545,10.700511932373047,1.5497599840164185,10.304351806640625,1.8299839496612549,6.255699961911887,1.6601999523118138
546,6.2421441078186035,1.5838079452514648,11.291232109069824,1.6068799495697021,8.506599988322705,1.7620999715290964
547,6.569952011108398,1.6367039680480957,6.380703926086426,1.5880000591278076,9.120000002440065,1.7321999766863883
548,6.434656143188477,1.5869120359420776,8.231871604919434,1.6196160316467285,9.228800015989691,1.7314000288024545
549,4.340928077697754,1.6347520351409912,4.132351875305176,1.655519962310791,4.634300014004111,1.6619000234641135
550,4.676767826080322,1.6945600509643555,5.540287971496582,1.706719994544983,4.572800011374056,1.7897000070661306
551,5.358975887298584,2.478463888168335,9.251903533935547,1.7283200025558472,5.386500037275255,1.762600033544004
552,11.103263854980469,1.5536320209503174,11.347968101501465,1.6208959817886353,4.378899990115315,2.291399985551834
553,9.815103530883789,1.5970239639282227,14.614399909973145,1.6537599563598633,4.606600035913289,1.7616000259295106
554,6.142079830169678,1.5571199655532837,7.87286376953125,1.747488021850586,4.107400018256158,1.7655999981798232
555,6.094272136688232,1.609503984451294,7.885695934295654,1.6728639602661133,5.0755999982357025,1.7632000381127
556,5.908351898193359,1.664031982421875,6.6248321533203125,1.6442879438400269,4.460200027097017,1.7453000182285905
557,6.052512168884277,1.6240320205688477,4.997056007385254,1.6262400150299072,6.429600005503744,1.8476999830454588
558,5.951648235321045,1.7222399711608887,4.510591983795166,1.730944037437439,4.755200003273785,1.8557999865151942
559,6.133120059967041,1.5494719743728638,7.979775905609131,1.6779520511627197,4.283800022676587,1.6763000166974962
560,5.961664199829102,1.648800015449524,6.468063831329346,1.6014399528503418,4.1034999885596335,1.7597000114619732
561,8.670592308044434,1.6817920207977295,5.24889612197876,1.569216012954712,4.216399975121021,1.7315000295639038
562,12.349663734436035,1.6145919561386108,4.20147180557251,1.6017600297927856,4.7294000396505,1.8147000228054821
563,6.657472133636475,1.5789120197296143,4.324351787567139,1.7052799463272095,4.354599979706109,1.66680000256747
564,6.0457282066345215,1.5777920484542847,4.140128135681152,1.6425280570983887,4.1955000488087535,1.7105999868363142
565,6.076576232910156,1.5369600057601929,4.563839912414551,1.7592320442199707,4.84040001174435,1.7844999674707651
566,5.985599994659424,1.687008023262024,4.089471817016602,1.6674879789352417,4.219700000248849,1.7548000323586166
567,6.020415782928467,1.6481599807739258,4.197504043579102,1.7001279592514038,4.033100034575909,1.6935000312514603
568,5.97324800491333,1.5982719659805298,4.326752185821533,1.6979520320892334,4.123500024434179,1.671799982432276
569,6.023071765899658,1.5837119817733765,9.189727783203125,1.6449600458145142,6.34269998408854,1.7416999908164144
570,6.165664196014404,1.6420799493789673,6.465407848358154,1.668063998222351,4.271000041626394,1.64899998344481
571,6.03334379196167,1.9045120477676392,5.756608009338379,1.5818560123443604,4.5828999718651175,1.7290999530814588
572,6.118847846984863,1.6355199813842773,4.287295818328857,1.6291840076446533,4.341399995610118,1.7019999795593321
573,5.964416027069092,1.564352035522461,4.142784118652344,1.6862399578094482,5.911200016271323,1.7692000255919993
574,6.0733442306518555,1.762976050376892,4.565631866455078,4.6490559577941895,5.171500029973686,1.7435000045225024
575,6.084959983825684,1.911679983139038,4.305759906768799,5.800159931182861,4.695599956903607,1.6438000020571053
576,6.117599964141846,1.813439965248108,4.4119038581848145,5.712992191314697,7.410399965010583,1.8147999653592706
577,5.915520191192627,1.6700479984283447,4.269696235656738,4.365983963012695,7.922400021925569,1.7090999754145741
578,5.843935966491699,1.5928319692611694,10.40668773651123,1.9104959964752197,5.325299978721887,3.31290002213791
579,5.943871974945068,1.7195199728012085,11.98249626159668,1.6947519779205322,4.272799997124821,3.8505999837070704
580,5.948863983154297,2.0920000076293945,6.5602240562438965,3.1237759590148926,4.306399961933494,3.7138000479899347
581,5.993855953216553,3.1063039302825928,6.117728233337402,2.7510080337524414,4.123699967749417,3.7383000017143786
582,6.024767875671387,1.6623680591583252,6.326079845428467,2.4153599739074707,6.373100040946156,3.6356000346131623
583,5.899519920349121,2.202176094055176,6.052031993865967,3.4535999298095703,4.9974999856203794,3.093699982855469
584,6.199007987976074,3.1410560607910156,6.070144176483154,2.499743938446045,4.2301000212319195,2.060999977402389
585,5.916287899017334,2.7695999145507812,6.0180158615112305,1.6899199485778809,4.657400015275925,1.683899958152324
586,6.017312049865723,2.0918400287628174,6.005856037139893,2.4195520877838135,4.229400015901774,1.7031999886967242
587,6.015615940093994,3.158207893371582,12.9901123046875,3.10809588432312,4.313100012950599,1.6923000221140683
588,5.906720161437988,1.5667519569396973,13.993760108947754,2.5539839267730713,4.200000024866313,1.6543999663554132
589,5.853312015533447,1.6736960411071777,6.8400959968566895,2.3364479541778564,4.486999998334795,1.677399966865778
590,6.135519981384277,1.5474879741668701,7.940063953399658,2.013216018676758,4.188899998553097,1.7155999667011201
591,5.940095901489258,1.635424017906189,4.559840202331543,1.6613759994506836,4.183900018688291,1.608800026588142
592,6.6902079582214355,1.5545920133590698,5.0384321212768555,1.674015998840332,7.154999999329448,2.0259000011719763
593,14.541664123535156,1.8327360153198242,10.183008193969727,1.7143360376358032,5.224300024565309,2.6041000382974744
594,6.761919975280762,1.63264000415802,11.99728012084961,1.5555520057678223,8.2408000016585,2.3501000250689685
595,4.977536201477051,1.7489279508590698,4.5083842277526855,1.5911359786987305,7.313500042073429,2.3403000086545944
596,4.448639869689941,2.283776044845581,4.142047882080078,1.6385600566864014,4.537899978458881,2.2977999760769308
597,5.086495876312256,1.568127989768982,4.116576194763184,1.6440320014953613,4.130900022573769,2.3705000057816505
598,8.719679832458496,1.6665600538253784,6.158336162567139,1.6036479473114014,4.596300015691668,2.349600021261722
599,7.857952117919922,1.6257280111312866,5.880127906799316,4.145023822784424,4.177600028924644,2.3367999820038676
600,4.383264064788818,1.6054400205612183,4.187839984893799,4.3915839195251465,4.457000002730638,2.487400022801012
601,4.340735912322998,1.5605119466781616,5.287519931793213,4.2045440673828125,4.136100003961474,2.412599977105856
602,7.045919895172119,1.63919997215271,6.079999923706055,3.9127678871154785,4.147900035604835,2.3803000221960247
603,6.5180158615112305,1.6009600162506104,5.027359962463379,2.7747840881347656,4.034499987028539,2.3483000113628805
604,6.397568225860596,1.5321919918060303,4.178880214691162,1.806048035621643,4.201199975796044,2.3723000194877386
605,6.258368015289307,1.674623966217041,4.166912078857422,1.7544959783554077,4.042999993544072,2.4298999924212694
606,6.054687976837158,2.436448097229004,4.16428804397583,1.6443840265274048,4.232499981299043,2.3311999975703657
607,6.096831798553467,1.6919679641723633,4.229407787322998,1.7539199590682983,4.093500028830022,2.5160000077448785
608,6.195295810699463,1.7133760452270508,4.248415946960449,1.688480019569397,4.177600028924644,2.4219999904744327
609,6.056640148162842,1.7307840585708618,4.241919994354248,1.6707520484924316,4.067100002430379,2.4187000235542655
610,6.020224094390869,1.7095680236816406,4.207295894622803,1.7078399658203125,6.104000029154122,2.354399999603629
611,6.07539176940918,1.6632959842681885,4.132383823394775,1.714751958847046,5.0959999789483845,2.3521000402979553
612,5.925504207611084,1.6480319499969482,4.870912075042725,3.119136095046997,5.249099980574101,2.414699993096292
613,5.992800235748291,1.6515840291976929,4.194496154785156,2.467008113861084,4.350700008217245,2.4822999839670956
614,5.991936206817627,1.598431944847107,4.120607852935791,1.7568000555038452,4.370299982838333,3.8353000418283045
615,6.091807842254639,2.5364160537719727,4.268127918243408,2.723680019378662,4.1514000040479,1.97049998678267
616,6.17955207824707,1.7113920450210571,5.616032123565674,3.0537919998168945,5.481400003191084,1.7069000168703496
617,6.0978240966796875,1.599776029586792,4.120575904846191,2.363935947418213,6.100400001741946,3.3899000263772905
618,6.3072638511657715,1.596384048461914,4.111839771270752,2.7710719108581543,8.269899990409613,2.686500025447458
619,6.081503868103027,1.6870720386505127,6.057055950164795,3.8289599418640137,5.832499999087304,2.294400008395314
620,5.98422384262085,1.6193280220031738,4.3854079246521,3.8337600231170654,4.1877999901771545,2.8119999915361404
621,6.028063774108887,1.6533759832382202,5.186495780944824,3.64630389213562,4.31429996388033,4.0957999881356955
622,6.124288082122803,1.5955519676208496,4.5839362144470215,3.6309120655059814,5.746399983763695,4.06410003779456
623,6.013023853302002,1.7240639925003052,4.4252800941467285,3.4905600547790527,6.902900000568479,4.059300001244992
624,6.010752201080322,1.844607949256897,4.126272201538086,2.737056016921997,7.918099989183247,4.48340002913028
625,6.04150390625,1.7786240577697754,4.24675178527832,2.153280019760132,4.900400002952665,2.8929999680258334
626,5.94924783706665,1.7155840396881104,4.216000080108643,1.8361599445343018,4.142999998293817,1.78089999826625
627,5.982079982757568,1.7076480388641357,4.194464206695557,1.7643519639968872,4.248899989761412,2.81949999043718
628,6.06492805480957,1.6091519594192505,4.3526082038879395,1.6693120002746582,4.9144999939017,3.1213999609462917
629,6.752511978149414,1.636512041091919,4.267392158508301,1.6412800550460815,6.229199992958456,3.2817000173963606
630,4.135104179382324,1.676192045211792,4.750336170196533,1.6360960006713867,6.272600032389164,1.9540999783203006
631,4.490367889404297,1.6369279623031616,4.219871997833252,1.6846719980239868,6.680299993604422,1.6915000160224736
632,4.058656215667725,1.5985280275344849,4.1906561851501465,1.590656042098999,6.131300004199147,1.6252000350505114
633,7.036287784576416,1.6543680429458618,5.138336181640625,1.658079981803894,6.134199968073517,2.1492000087164342
634,4.180160045623779,1.6924159526824951,16.160127639770508,1.6827199459075928,6.113999988883734,1.9853999838232994
635,4.901951789855957,1.6495039463043213,5.437471866607666,1.6160320043563843,6.0662999749183655,1.8391000339761376
636,4.405856132507324,1.5335359573364258,4.2718400955200195,1.7598079442977905,6.101100007072091,1.740999985486269
637,4.061471939086914,1.6478079557418823,4.273344039916992,1.5945600271224976,5.965899967122823,1.6760999569669366
638,4.110367774963379,1.6622400283813477,4.339935779571533,1.6669119596481323,6.2494000303559005,1.673599996138364
639,4.015423774719238,1.552191972732544,4.210720062255859,1.6911040544509888,6.1923000030219555,1.7120999982580543
640,10.946016311645508,1.5994880199432373,4.239424228668213,1.6910400390625,6.228199985343963,1.8862999859265983
641,13.318592071533203,1.7280960083007812,4.180895805358887,1.8102400302886963,6.121600046753883,1.7361000063829124
642,6.693632125854492,1.614016056060791,4.343167781829834,1.6743040084838867,6.167199986521155,1.770599978044629
643,6.028736114501953,1.5639679431915283,4.187935829162598,1.6928000450134277,6.136299984063953,1.7395999748259783
644,5.899231910705566,2.6861441135406494,4.298943996429443,1.5495680570602417,6.184300000313669,1.7856000340543687
645,6.083168029785156,2.383136034011841,4.098144054412842,1.6670080423355103,6.59320002887398,1.7868999857455492
646,6.069568157196045,1.601631999015808,6.265408039093018,1.7205760478973389,6.19460002053529,1.7810999997891486
647,5.917503833770752,1.8737280368804932,4.3066558837890625,1.664512038230896,6.323000008706003,1.7666000057943165
648,5.899968147277832,3.014400005340576,5.66537618637085,1.631168007850647,6.34570000693202,1.7855999758467078
649,5.886688232421875,2.3676159381866455,4.432096004486084,1.6819839477539062,6.194500019773841,2.0750999683514237
650,5.9113922119140625,2.094496011734009,4.054815769195557,1.7197439670562744,9.897899988573045,1.764400047250092
651,5.856575965881348,2.027071952819824,3.9970240592956543,1.7057600021362305,11.799400032032281,1.8463999731466174
652,6.760416030883789,1.7332799434661865,4.067647933959961,1.7088960409164429,6.341399974189699,1.659100002143532
653,5.988959789276123,1.739456057548523,4.141536235809326,1.661344051361084,6.3587999902665615,1.7376999603584409
654,7.055488109588623,1.6792000532150269,4.095583915710449,1.774399995803833,5.87460002861917,1.7723999917507172
655,6.480607986450195,1.622879981994629,4.024064064025879,1.687648057937622,4.459800024051219,1.7296000150963664
656,7.447648048400879,1.5470080375671387,4.100319862365723,1.6622719764709473,4.498199967201799,1.7988000181503594
657,5.148416042327881,1.5612800121307373,4.213183879852295,1.6313600540161133,8.398399979341775,1.713500008918345
658,4.010272026062012,1.669376015663147,4.144512176513672,1.7350399494171143,10.872800019569695,3.2184000010602176
659,4.038368225097656,1.65283203125,3.9875519275665283,1.6691839694976807,8.498099981807172,2.6289999950677156
660,4.054880142211914,1.8060799837112427,4.070591926574707,2.6872000694274902,4.368699970655143,1.682399946730584
661,4.0312957763671875,2.141184091567993,4.494175910949707,1.7822719812393188,5.703400005586445,2.6729999808594584
662,3.977152109146118,2.702591896057129,14.944864273071289,2.5694079399108887,4.248299985192716,2.8879999881610274
663,4.034976005554199,1.5312639474868774,11.091039657592773,2.891808032989502,4.316799982916564,2.513199986424297
664,3.9260799884796143,1.584928035736084,6.345407962799072,2.5257599353790283,4.37219999730587,2.400500001385808
665,4.004255771636963,2.29366397857666,6.261888027191162,2.269279956817627,5.226299981586635,2.0890000159852207
666,4.127615928649902,2.2517120838165283,6.207871913909912,1.820863962173462,4.253499966580421,1.7549999756738544
667,3.95033597946167,1.9405440092086792,9.393312454223633,1.8074239492416382,4.1600000113248825,1.6858999733813107
668,4.009471893310547,1.663424015045166,12.835295677185059,1.7706559896469116,4.104300052858889,1.7483000410720706
669,7.042751789093018,2.6013760566711426,4.3500800132751465,1.6699520349502563,9.845599997788668,1.8659000052139163
670,8.657024383544922,3.287008047103882,4.20195198059082,1.66486394405365,10.767399973701686,1.6792999813333154
671,6.99616003036499,1.6158080101013184,4.133056163787842,1.6859840154647827,8.530599996447563,1.7939999816007912
672,7.365920066833496,1.5616639852523804,7.247168064117432,2.9328958988189697,8.654200006276369,1.7905000131577253
673,5.405951976776123,2.1277120113372803,6.354400157928467,4.101535797119141,4.438699979800731,1.7859000363387167
674,3.985856056213379,2.249567985534668,6.435423851013184,3.9366400241851807,5.343099997844547,3.106999967712909
675,3.956415891647339,1.9305599927902222,4.306719779968262,3.978303909301758,6.097999983467162,1.788599998690188
676,3.917344093322754,1.6153919696807861,4.024352073669434,3.9617919921875,5.068900005426258,1.7819000058807433
677,4.050559997558594,4.119967937469482,4.10214376449585,2.6655359268188477,9.870999958366156,1.6701999702490866
678,3.8758718967437744,5.317279815673828,6.850016117095947,2.1579840183258057,9.291799971833825,2.0182000007480383
679,3.9197120666503906,5.286208152770996,4.459648132324219,1.9999359846115112,6.904299953021109,1.867000013589859
680,3.884351968765259,5.355648040771484,6.193535804748535,1.665343999862671,4.841299960389733,1.6852999688126147
681,4.665311813354492,4.069759845733643,7.063007831573486,1.7758400440216064,4.753299988806248,1.748699985910207
682,14.816512107849121,3.0937280654907227,4.721407890319824,1.6365439891815186,4.355099983513355,3.753500001039356
683,6.912288188934326,2.4701120853424072,5.896927833557129,1.6449600458145142,6.444200000260025,2.2037000162526965
684,6.271359920501709,2.196959972381592,4.604544162750244,1.7299840450286865,6.195000023581088,1.7791999853216112
685,5.332767963409424,2.9283840656280518,4.0109758377075195,1.677024006843567,7.103300013113767,1.658199995290488
686,4.026048183441162,3.0499520301818848,4.10646390914917,1.6332800388336182,10.346899973228574,1.9120000069960952
687,3.944256067276001,1.5917760133743286,4.171360015869141,1.7912960052490234,10.922499990556389,2.136100025381893
688,3.9465599060058594,1.656991958618164,6.224800109863281,1.7497279644012451,13.44089995836839,1.7983000143431127
689,5.772160053253174,2.1667840480804443,4.888800144195557,1.743232011795044,7.157200016081333,1.6759000136516988
690,5.13040018081665,2.407871961593628,4.154784202575684,1.681920051574707,6.271099962759763,2.0846000406891108
691,5.173984050750732,2.1101438999176025,5.08403205871582,1.7000000476837158,6.395199976395816,1.638099958654493
692,4.875232219696045,2.598560094833374,4.198239803314209,1.6121599674224854,6.185600010212511,1.7155999667011201
693,4.021376132965088,3.7734079360961914,4.121280193328857,1.751423954963684,6.219200033228844,1.6913999570533633
694,4.0471038818359375,1.7446399927139282,3.9736320972442627,1.7052799463272095,6.383400002960116,1.7445999546907842
695,3.9803519248962402,1.635424017906189,4.260287761688232,1.6288319826126099,6.150199973490089,1.6749999485909939
696,5.833888053894043,1.653663992881775,4.0979838371276855,1.6432640552520752,8.119000005535781,1.7231999663636088
697,4.162623882293701,2.405855894088745,4.083263874053955,1.6959680318832397,5.046100006438792,1.6042999923229218
698,4.05734395980835,2.0743680000305176,4.090400218963623,1.7015680074691772,6.847699987702072,1.7441000090911984
699,4.144224166870117,1.7451519966125488,4.797855854034424,1.7086080312728882,15.338399971369654,2.0342000061646104
700,4.9897918701171875,4.578271865844727,4.031040191650391,1.6543999910354614,6.9889999576844275,1.7578999977558851
701,4.059040069580078,2.824320077896118,4.158720016479492,1.7477120161056519,7.875899958889931,1.6825000056996942
702,4.316991806030273,2.249216079711914,4.067455768585205,1.6577279567718506,9.801100008189678,1.6811999958008528
703,4.1954240798950195,4.494048118591309,5.697184085845947,1.7302080392837524,8.704099978785962,1.8367000157013535
704,5.744448184967041,3.397599935531616,5.3824639320373535,1.647264003753662,5.766100017353892,1.872599998023361
705,5.520383834838867,3.0003199577331543,5.204671859741211,1.5372480154037476,4.109499976038933,1.6965999966487288
706,4.918208122253418,2.1895039081573486,4.25651216506958,1.6885119676589966,4.131399968173355,1.8057999550364912
707,4.5253119468688965,2.2540159225463867,4.131360054016113,1.6657600402832031,7.591200002934784,1.747799979057163
708,4.1282877922058105,2.2512319087982178,4.244128227233887,1.575103998184204,9.539499995298684,2.368600049521774
709,4.037280082702637,2.2595200538635254,4.006847858428955,1.7209279537200928,7.531599956564605,2.4144999915733933
710,4.0629119873046875,2.2487359046936035,4.128159999847412,1.7423360347747803,6.146400002762675,1.8044000025838614
711,6.00054407119751,2.224479913711548,4.0682878494262695,1.7053120136260986,6.305100047029555,1.712900004349649
712,4.2218241691589355,2.252351999282837,4.040095806121826,1.6540160179138184,6.317199964541942,1.7382000223733485
713,4.47327995300293,2.2719359397888184,4.071231842041016,1.6964479684829712,6.153399997856468,1.6927000251598656
714,4.269087791442871,2.2637441158294678,5.075263977050781,1.798624038696289,6.798300018999726,1.7075000214390457
715,3.9739840030670166,2.1657280921936035,5.010144233703613,2.5452160835266113,4.296400002203882,1.7455000197514892
716,4.053152084350586,2.198431968688965,4.932960033416748,1.9606720209121704,5.088499980047345,1.8650999991223216
717,4.007296085357666,2.2510719299316406,6.064767837524414,3.423743963241577,6.091999995987862,1.741299987770617
718,4.146080017089844,2.1776959896087646,4.138239860534668,2.2600960731506348,4.708399996161461,1.8050000071525574
719,4.134848117828369,2.3438720703125,4.301248073577881,1.6778240203857422,7.208700000774115,1.7399999778717756
720,4.066431999206543,2.212671995162964,4.02291202545166,1.7595839500427246,7.050600019283593,1.819100056309253
721,4.003232002258301,2.1483840942382812,4.804096221923828,2.893376111984253,8.077899983618408,1.7373000155203044
722,4.006303787231445,2.2570879459381104,4.160607814788818,2.524991989135742,8.907000010367483,1.775600016117096
723,6.4693121910095215,2.357952117919922,4.254464149475098,2.1472320556640625,8.601100009400398,1.7322999774478376
724,4.7126078605651855,2.189984083175659,4.105152130126953,2.0975680351257324,6.5596000058576465,1.8277999479323626
725,4.155935764312744,2.181407928466797,4.11030387878418,1.7085119485855103,4.2505000019446015,1.7713999841362238
726,4.428895950317383,2.2121920585632324,3.9962239265441895,1.6441600322723389,4.750999971292913,1.713500008918345
727,4.309088230133057,3.6777279376983643,3.9896318912506104,2.585952043533325,4.5276000164449215,1.817300042603165
728,4.176511764526367,1.8316800594329834,4.096288204193115,6.0195841789245605,4.98860003426671,1.7448000144213438
729,4.024543762207031,1.8211519718170166,4.285280227661133,5.956704139709473,4.384799976833165,1.8539000302553177
730,15.146719932556152,2.376415967941284,4.103583812713623,5.737279891967773,4.799600050318986,1.7153999651782215
731,11.672160148620605,3.01200008392334,4.235136032104492,4.933536052703857,4.641700012143701,1.6938999760895967
732,6.466720104217529,2.4496960639953613,4.119711875915527,3.440671920776367,4.297300009056926,1.6809000517241657
733,5.897088050842285,1.5701440572738647,4.158112049102783,2.852031946182251,4.181399999652058,1.7582000000402331
734,5.884768009185791,2.9312639236450195,4.059040069580078,2.4244799613952637,4.349499999079853,1.847199979238212
735,5.945087909698486,1.6428159475326538,4.225696086883545,2.3865280151367188,4.921399988234043,1.8168999813497066
736,5.993152141571045,1.5875840187072754,4.219391822814941,2.3085439205169678,4.245700023602694,1.875900023151189
737,5.885216236114502,1.593951940536499,4.079552173614502,2.3007678985595703,4.176999966148287,1.8208000110462308
738,6.079040050506592,1.5922880172729492,4.0800957679748535,2.386591911315918,4.723599995486438,1.879399991594255
739,6.119999885559082,1.6097279787063599,4.036704063415527,4.444511890411377,5.078499962110072,1.6920999623835087
740,5.981664180755615,1.5603519678115845,4.035679817199707,5.761472225189209,4.275499959476292,1.7592000076547265
741,6.046751976013184,1.6087039709091187,4.084352016448975,5.826432228088379,4.3471999815665185,1.8004999728873372
742,5.952223777770996,1.5360000133514404,4.0884480476379395,5.479551792144775,6.847699987702072,1.7851999728009105
743,6.003680229187012,1.6525119543075562,4.108448028564453,3.7576000690460205,5.2702000248245895,1.7723000491969287
744,6.64521598815918,1.5976320505142212,4.136735916137695,3.055072069168091,4.222200019285083,1.7375000170432031
745,7.995296001434326,1.6183359622955322,4.102047920227051,2.532639980316162,13.74339999165386,1.92170002264902
746,5.448256015777588,1.626304030418396,3.9987199306488037,2.30515193939209,11.294899974018335,4.483599972445518
747,4.125376224517822,1.5476800203323364,4.001887798309326,2.349184036254883,7.931100029964,4.089699999894947
748,4.2242560386657715,1.551584005355835,4.101312160491943,2.366431951522827,7.521299994550645,3.9528999477624893
749,4.089151859283447,1.6330560445785522,4.190464019775391,2.3903679847717285,4.258500004652888,4.15729999076575
750,5.565279960632324,1.6894400119781494,4.206560134887695,2.445568084716797,4.841999965719879,2.046499983407557
751,4.190400123596191,1.5569599866867065,4.096767902374268,2.3163199424743652,4.273800004739314,1.8701999797485769
752,4.081888198852539,1.6533119678497314,4.118559837341309,2.3889598846435547,4.419900011271238,1.7359000048600137
753,4.488351821899414,1.914687991142273,4.150432109832764,2.291167974472046,4.193499975372106,1.6899000038392842
754,5.9767680168151855,1.6839040517807007,4.025792121887207,3.5451200008392334,4.377000033855438,1.748399983625859
755,4.320352077484131,1.6347839832305908,4.064799785614014,2.2086400985717773,7.949299993924797,1.7828000127337873
756,4.405151844024658,1.597823977470398,3.9864320755004883,1.789471983909607,10.07650000974536,1.7948999884538352
757,7.503200054168701,1.6073919534683228,4.067359924316406,2.6536641120910645,5.135599989444017,1.7132999491877854
758,8.542176246643066,1.6343040466308594,4.0965118408203125,1.7962239980697632,4.3809000053443015,1.6464999644085765
759,12.94092845916748,1.588479995727539,4.162655830383301,1.6147840023040771,4.34260000474751,3.448599949479103
760,13.71168041229248,1.5754560232162476,4.054175853729248,1.7465920448303223,4.571400000713766,2.1330000017769635
761,6.925920009613037,1.633247971534729,6.387008190155029,2.357151985168457,4.7529999865219,1.8163000349886715
762,7.1748480796813965,1.5987520217895508,6.058688163757324,4.004640102386475,4.072399984579533,3.5869000130333006
763,7.880671977996826,2.436511993408203,6.68284797668457,1.792639970779419,4.1396000306122005,2.9997999663464725
764,6.2006402015686035,1.7613120079040527,4.595359802246094,1.6753920316696167,4.2298000189475715,2.535599982365966
765,6.000800132751465,1.5709439516067505,4.17091178894043,2.302079916000366,4.2218000162392855,5.659500020556152
766,6.039231777191162,1.6285760402679443,4.208608150482178,2.5188798904418945,4.2292000143788755,5.7960000121966
767,7.314239978790283,1.7428159713745117,4.3533759117126465,2.115936040878296,4.228700010571629,6.032700010109693
768,4.359583854675293,1.5684479475021362,4.132544040679932,1.8364800214767456,7.331800006795675,2.7516999980434775
769,5.186016082763672,1.679263949394226,4.196959972381592,1.9059200286865234,4.553200036752969,1.7493999912403524
770,7.153696060180664,1.6848000288009644,4.140607833862305,1.666975975036621,4.894400015473366,1.8698000349104404
771,6.113344192504883,1.59334397315979,5.518080234527588,1.7912960052490234,8.50129994796589,2.7153000119142234
772,7.602719783782959,1.6125119924545288,4.222047805786133,2.245055913925171,11.717599991243333,2.2766999900341034
773,4.630335807800293,1.846176028251648,5.583712100982666,2.2751359939575195,8.00789997447282,1.9890000112354755
774,7.6154561042785645,1.6700160503387451,4.567552089691162,2.0097599029541016,6.163800018839538,1.7450000159442425
775,9.273632049560547,1.5483520030975342,4.040863990783691,1.748255968093872,7.289599976502359,4.421600024215877
776,7.879712104797363,1.6710400581359863,3.944767951965332,1.621791958808899,5.582600017078221,5.966000026091933
777,4.872223854064941,1.6284799575805664,3.962496042251587,2.1659839153289795,7.133800012525171,5.850299960002303
778,4.275487899780273,1.690783977508545,4.138751983642578,1.6704959869384766,10.223300021607429,5.842700018547475
779,4.044864177703857,1.7575360536575317,4.036064147949219,1.7695039510726929,8.79479997092858,4.227299999911338
780,4.165535926818848,1.6022720336914062,4.083807945251465,1.6527680158615112,6.263800023589283,3.0193999991752207
781,7.287903785705566,1.6535999774932861,4.109087944030762,1.6338239908218384,6.312099983915687,2.4552999529987574
782,6.020832061767578,1.6673280000686646,3.9703359603881836,1.7220799922943115,6.342799984849989,2.551100042182952
783,6.223104000091553,1.722432017326355,4.151167869567871,1.725216031074524,6.3791999709792435,2.690299996174872
784,6.221856117248535,1.6713600158691406,4.0668158531188965,2.916543960571289,6.094000011216849,2.383599989116192
785,5.947487831115723,1.8351680040359497,3.9266879558563232,2.18176007270813,6.222199997864664,2.3274000268429518
786,6.18233585357666,1.6416640281677246,4.093344211578369,2.153696060180664,6.281099980697036,2.2939000045880675
787,6.138944149017334,1.6111040115356445,4.060192108154297,1.7009600400924683,6.347400019876659,2.4141999892890453
788,5.942624092102051,1.5554879903793335,4.007328033447266,1.735360026359558,6.297999992966652,2.3323000059463084
789,6.111392021179199,1.6030720472335815,4.054815769195557,1.6418240070343018,6.353000004310161,2.36909999512136
790,5.986176013946533,1.6683199405670166,4.196991920471191,1.6857600212097168,6.192800006829202,2.5322000146843493
791,6.041344165802002,1.688223958015442,4.100992202758789,1.6260160207748413,6.292900012340397,2.4070999934338033
792,6.23740816116333,1.7230720520019531,4.024864196777344,1.7671359777450562,6.086300010792911,2.383100043516606
793,6.053440093994141,1.6651840209960938,4.048064231872559,1.7987200021743774,6.0181999579072,2.3813999723643064
794,6.050367832183838,1.5943039655685425,4.1910719871521,1.7859200239181519,6.0628000064753,2.341900020837784
795,6.016895771026611,1.6672320365905762,4.167168140411377,4.435743808746338,6.170700013171881,2.300499996636063
796,6.158239841461182,1.588703989982605,4.107135772705078,1.9671679735183716,6.079300015699118,2.286300004925579
797,6.055967807769775,1.6064640283584595,4.201600074768066,2.823904037475586,6.109900015871972,2.362900006119162
798,6.083615779876709,1.5630079507827759,4.1348161697387695,3.7375359535217285,4.64629998896271,2.3070000461302698
799,5.899231910705566,1.5820159912109375,4.070240020751953,3.680959939956665,4.291100020054728,2.3710000095888972
800,6.105855941772461,1.5291199684143066,4.19539213180542,3.8824000358581543,4.2418999946676195,2.5094999582506716
801,5.891136169433594,1.632416009902954,3.9846720695495605,2.0030720233917236,5.870499997399747,2.449299965519458
802,5.823328018188477,1.6197439432144165,4.157599925994873,1.71561598777771,5.426200048532337,2.3211000370793045
803,6.138336181640625,1.6107840538024902,4.111167907714844,3.415519952774048,7.067399972584099,2.6765000075101852
804,7.916128158569336,1.652735948562622,4.012608051300049,2.917664051055908,6.17980002425611,2.4475999525748193
805,4.5735039710998535,1.6233919858932495,4.030111789703369,2.5038399696350098,4.975299991201609,2.4676999892108142
806,6.669760227203369,1.6789120435714722,4.1561279296875,2.2173759937286377,5.39160001790151,2.4557000142522156
807,4.775392055511475,1.6248960494995117,4.125887870788574,1.6255040168762207,5.265899992082268,2.3731999681331217
808,8.538816452026367,1.5791360139846802,4.041888236999512,1.7533440589904785,4.298900021240115,2.336400037165731
809,11.03929615020752,1.6129599809646606,4.082911968231201,1.7324479818344116,4.429000022355467,2.3363999789580703
810,6.267871856689453,1.5941760540008545,4.123424053192139,1.722432017326355,4.156099981628358,3.7581000360660255
811,6.035808086395264,1.6040639877319336,5.812032222747803,1.6832000017166138,7.1495999582111835,2.406399988103658
812,6.010496139526367,1.576799988746643,5.332543849945068,1.7301440238952637,5.297600000631064,2.3622000007890165
813,5.907455921173096,2.815648078918457,4.370207786560059,1.5956480503082275,5.425999988801777,2.2592999739572406
814,6.139520168304443,1.666368007659912,4.410431861877441,1.7017920017242432,5.661599978338927,2.3820000351406634
815,5.9132161140441895,1.6921600103378296,4.107679843902588,1.8857920169830322,5.376899964176118,2.3784000077284873
816,6.046879768371582,1.7042880058288574,4.436992168426514,2.0915520191192627,5.195200035814196,2.399899996817112
817,6.311583995819092,2.083264112472534,4.073440074920654,1.6891200542449951,4.985900013707578,2.484500000718981
818,6.217599868774414,1.8709759712219238,4.32476806640625,1.7186880111694336,4.176300019025803,2.3025000118650496
819,6.038271903991699,1.6587200164794922,4.165952205657959,2.1946558952331543,4.10560000455007,2.3628000053577125
820,5.937471866607666,1.6862399578094482,4.087967872619629,2.1566720008850098,5.64639997901395,2.3173000081442297
821,6.1143999099731445,1.7484159469604492,4.14463996887207,2.064608097076416,4.494299995712936,2.357900026254356
822,6.080832004547119,1.7791680097579956,4.582335948944092,1.8059519529342651,4.582999972626567,2.3305999930016696
823,6.105472087860107,1.69651198387146,4.380832195281982,1.5975359678268433,4.2443000129424036,2.3267000215128064
824,5.981664180755615,1.6375360488891602,4.368703842163086,1.7210880517959595,4.550600016955286,2.3464999976567924
825,5.911263942718506,1.6000319719314575,4.261407852172852,1.5885119438171387,4.386499989777803,2.40759999724105
826,6.103744029998779,1.656000018119812,4.519743919372559,1.6832319498062134,4.240999987814575,2.3387999972328544
827,6.075232028961182,1.6992000341415405,4.303840160369873,1.7526079416275024,4.688700020778924,2.363900013733655
828,6.162496089935303,1.6063679456710815,4.281439781188965,1.6934720277786255,7.745000009890646,2.309700008481741
829,5.902976036071777,1.6390080451965332,4.251071929931641,1.763327956199646,9.28959995508194,2.3157999967224896
830,5.976736068725586,1.629472017288208,7.715263843536377,1.7036800384521484,6.259000045247376,2.3377000470645726
831,5.955039978027344,1.6891839504241943,7.504672050476074,1.780608057975769,6.258499983232468,2.384199993684888
832,6.147615909576416,3.6978559494018555,4.227327823638916,1.6967999935150146,6.308500014711171,2.3489000159315765
833,5.961631774902344,1.7760319709777832,6.594719886779785,1.7286399602890015,6.082799984142184,2.2539999918080866
834,6.0596160888671875,1.8315839767456055,11.966079711914062,4.032832145690918,6.015599996317178,2.4010000051930547
835,6.1536641120910645,3.304863929748535,4.094560146331787,1.8989759683609009,6.196899979840964,2.302000008057803
836,5.960383892059326,2.7764480113983154,4.383008003234863,1.673151969909668,6.185400008689612,2.3973999777808785
837,5.946720123291016,2.2328639030456543,5.333727836608887,2.4938879013061523,6.112300034146756,2.3412000155076385
838,6.349855899810791,2.122879981994629,15.161408424377441,2.5020480155944824,6.046900001820177,2.437799994368106
839,6.1517438888549805,1.8090879917144775,15.560288429260254,2.2314560413360596,6.238700007088482,2.299100044183433
840,6.077760219573975,1.803712010383606,10.671584129333496,2.152064085006714,6.2612000037916005,2.3905999842099845
841,5.95468807220459,1.5896960496902466,9.128416061401367,3.177567958831787,6.199600000400096,2.3699000012129545
842,9.133472442626953,1.6434880495071411,4.339903831481934,1.7327359914779663,6.244399992283434,2.3288000375032425
843,10.380288124084473,1.574944019317627,4.2630720138549805,2.48089599609375,6.112899980507791,2.535099978558719
844,9.28867244720459,1.667296051979065,4.110464096069336,1.7511680126190186,5.915000045206398,2.506699995137751
845,6.150720119476318,1.708575963973999,6.495935916900635,1.7428159713745117,6.01379998261109,3.6423999699763954
846,6.190752029418945,1.6891520023345947,5.162528038024902,1.7022080421447754,5.931799998506904,2.01489997562021
847,5.937344074249268,1.9827200174331665,5.7097601890563965,3.277087926864624,6.255500018596649,2.0389000419527292
848,5.936831951141357,1.7176320552825928,5.145503997802734,2.6913599967956543,6.154400005470961,3.1457000295631588
849,6.0161919593811035,1.7132799625396729,4.161471843719482,1.65392005443573,6.268400000408292,2.559299988206476
850,5.997056007385254,1.5775680541992188,4.24019193649292,1.7110079526901245,6.285400013439357,2.2040000185370445
851,5.970335960388184,1.6906880140304565,4.171584129333496,2.8657920360565186,6.1990999965928495,3.8270000368356705
852,5.966015815734863,2.0074241161346436,4.0871357917785645,2.4056639671325684,6.205499987117946,2.422100049443543
853,5.885119915008545,1.8192640542984009,4.166624069213867,1.8956799507141113,6.123600003775209,2.9065999551676214
854,6.01961612701416,1.7313920259475708,4.113376140594482,1.8201279640197754,6.109900015871972,3.67429998004809
855,5.833216190338135,1.624735951423645,4.096447944641113,2.0614399909973145,6.0804999666288495,3.1567999976687133
856,5.9779839515686035,1.6363840103149414,6.367775917053223,5.984896183013916,6.415799958631396,2.9327000374905765
857,5.9244160652160645,1.7549760341644287,5.009984016418457,5.743872165679932,6.120800040662289,2.6206999900750816
858,5.949344158172607,1.6196479797363281,4.0471038818359375,5.939295768737793,4.986700019799173,2.343399974051863
859,5.922719955444336,1.6622079610824585,6.55676794052124,4.877408027648926,4.114100011065602,2.3308999952860177
860,5.9169921875,1.676192045211792,7.881984233856201,3.473759889602661,6.804100004956126,2.3669999791309237
861,6.125855922698975,1.6641279458999634,6.184192180633545,2.739423990249634,9.256799996364862,2.339300001040101
862,6.033279895782471,1.691424012184143,4.103424072265625,2.293855905532837,6.24650000827387,2.4158000014722347
863,6.074368000030518,1.575935959815979,3.991744041442871,2.5322558879852295,4.360999970231205,3.749699972104281
864,5.994336128234863,1.6244800090789795,3.9431040287017822,2.3971199989318848,4.39750001532957,2.1040000137872994
865,6.104351997375488,1.6028480529785156,11.849120140075684,2.4010560512542725,7.712200051173568,2.026700007263571
866,6.081823825836182,1.5789439678192139,10.667488098144531,2.3453760147094727,8.877400017809123,3.478200000245124
867,6.049600124359131,1.8433599472045898,4.562496185302734,2.4020800590515137,6.538699963130057,2.8048999956808984
868,6.024672031402588,1.5767359733581543,5.637184143066406,2.3720319271087646,7.172900019213557,2.4370999890379608
869,6.110527992248535,1.702720046043396,6.320576190948486,2.3062400817871094,6.108400004450232,2.1081999875605106
870,6.064864158630371,1.7335679531097412,4.499743938446045,2.363071918487549,6.2188999727368355,1.9429000094532967
871,5.9627838134765625,1.6887999773025513,4.239935874938965,2.3234241008758545,5.988400022033602,1.6651999903842807
872,5.955840110778809,1.674015998840332,4.311903953552246,2.326495885848999,6.162100005894899,1.7050000024028122
873,5.948671817779541,1.6162559986114502,4.175295829772949,2.343616008758545,6.048999959602952,1.7351999995298684
874,10.152095794677734,1.647487998008728,4.35865592956543,2.447808027267456,6.172900029923767,1.6689999611116946
875,8.590815544128418,1.6418559551239014,4.064608097076416,2.3648641109466553,8.90279997838661,1.701399974990636
876,8.30787181854248,1.9524799585342407,5.550559997558594,2.2482240200042725,9.71489999210462,1.6261000419035554
877,6.748672008514404,1.726464033126831,4.287424087524414,3.5060479640960693,6.853900034911931,1.7115999944508076
878,5.347775936126709,1.80022394657135,4.517727851867676,2.6551361083984375,6.757099996320903,1.7447000136598945
879,5.486015796661377,1.763808012008667,4.0972161293029785,1.719391942024231,5.570999986957759,1.7336000455543399
880,4.451136112213135,1.6857919692993164,8.317215919494629,1.92467200756073,4.305400012526661,1.6695999656803906
881,4.210432052612305,1.6299200057983398,11.017600059509277,2.968319892883301,4.0009000222198665,1.6662999987602234
882,4.188223838806152,1.6060479879379272,11.583807945251465,2.4195199012756348,4.139100026804954,1.755799981765449
883,4.180768013000488,1.6375679969787598,6.886240005493164,2.1684799194335938,4.183700017165393,1.7862999811768532
884,3.96016001701355,1.6259839534759521,6.1460161209106445,3.911520004272461,4.133500042371452,1.7386000254191458
885,4.115392208099365,1.686784029006958,6.054175853729248,1.711616039276123,4.182700009550899,1.76170002669096
886,4.022143840789795,2.8838720321655273,6.242271900177002,1.8877760171890259,4.045600013341755,1.6574999899603426
887,3.919584035873413,2.6405439376831055,6.098911762237549,2.5322558879852295,5.175600002985448,1.6490000416524708
888,3.829375982284546,2.5588159561157227,6.140031814575195,1.7829760313034058,4.300400032661855,1.7118999967351556
889,4.073631763458252,1.9782079458236694,6.005248069763184,1.6809920072555542,5.425999988801777,2.148600004147738
890,4.029952049255371,1.6236159801483154,6.021920204162598,1.6590720415115356,4.2078000260517,1.663499977439642
891,4.091839790344238,1.6412479877471924,6.447968006134033,3.0087039470672607,4.934699973091483,1.754900033120066
892,4.174943923950195,2.2249600887298584,5.917600154876709,3.162911891937256,4.285399976652116,1.6361000016331673
893,4.15177583694458,3.994879961013794,6.173664093017578,1.775712013244629,4.226799996104091,1.7253999831154943
894,4.026591777801514,1.6826560497283936,6.163392066955566,2.035423994064331,6.194099958520383,1.6900000046007335
895,4.110400199890137,1.654047966003418,6.044384002685547,1.834879994392395,4.714200040325522,1.6487999819219112
896,4.009215831756592,1.6537599563598633,5.9585280418396,1.7700799703598022,5.947400000877678,1.782100007403642
897,6.350656032562256,1.8861440420150757,5.965504169464111,2.128704071044922,4.860399989411235,1.7282000044360757
898,4.426368236541748,1.7320959568023682,6.024479866027832,2.0024640560150146,4.285799979697913,3.329999977722764
899,6.3624958992004395,1.6741119623184204,6.153600215911865,2.1793599128723145,4.929399990942329,1.9588000141084194
900,6.402976036071777,2.4885759353637695,5.882976055145264,1.7600640058517456,4.29059995803982,1.8700000364333391
901,4.941760063171387,2.9197120666503906,6.095232009887695,1.7549439668655396,5.025999969802797,2.636199991684407
902,4.102047920227051,1.6113280057907104,6.166560173034668,1.7128000259399414,4.552600032184273,1.79130001924932
903,4.490079879760742,1.6563199758529663,5.899936199188232,1.8888640403747559,4.322800028603524,1.7612000228837132
904,4.07587194442749,1.6109440326690674,5.926400184631348,1.6247999668121338,4.966199980117381,1.7197999986819923
905,4.0411200523376465,1.6446399688720703,6.171584129333496,2.0801279544830322,4.663200001232326,1.873500004876405
906,4.101439952850342,1.5906879901885986,5.979936122894287,1.752511978149414,4.217699985019863,3.4834000398404896
907,4.131040096282959,1.6446720361709595,6.147264003753662,1.71014404296875,4.219499998725951,1.916100038215518
908,4.087103843688965,1.6813759803771973,6.13372802734375,1.6858240365982056,4.668599984142929,2.166000020224601
909,4.08457612991333,1.5970239639282227,6.07587194442749,1.7900480031967163,4.516799992416054,3.4848999930545688
910,4.089248180389404,1.665824055671692,6.070271968841553,1.69542396068573,4.345700028352439,2.7731999871321023
911,4.676095962524414,2.499488115310669,6.162784099578857,1.6957759857177734,4.30989998858422,2.4218999897129834
912,4.252352237701416,1.998304009437561,6.20688009262085,1.6741759777069092,6.861899979412556,2.3435999755747616
913,3.9208319187164307,1.787551999092102,6.589280128479004,1.7297919988632202,4.163099976722151,1.7106000450439751
914,4.012224197387695,1.5981760025024414,4.122975826263428,1.7103040218353271,4.791799990925938,1.733299985062331
915,4.0966081619262695,1.757599949836731,4.52675199508667,1.6514559984207153,5.270600027870387,1.6806000494398177
916,3.9909439086914062,1.682144045829773,4.355648040771484,1.7196799516677856,4.531499987933785,1.698100008070469
917,3.938944101333618,1.697759985923767,5.208640098571777,1.8503040075302124,4.209800041280687,1.7952999914996326
918,4.080575942993164,1.5309439897537231,4.98035192489624,1.8574399948120117,4.211599996779114,1.6569000435993075
919,4.15664005279541,1.6463680267333984,4.453536033630371,1.7713600397109985,11.696300003677607,1.7362000071443617
920,3.9647998809814453,5.281536102294922,7.157663822174072,1.692031979560852,10.386399982962757,1.794499985408038
921,3.9786880016326904,5.273856163024902,6.220992088317871,1.787071943283081,6.298799999058247,1.7027999856509268
922,3.9774720668792725,5.363039970397949,8.392640113830566,1.789471983909607,6.752500019501895,1.7356000025756657
923,4.005152225494385,3.036736011505127,10.593119621276855,1.5785919427871704,4.5424000127241015,1.7104999860748649
924,4.059999942779541,1.801151990890503,9.9236478805542,1.7430399656295776,4.447599989362061,1.698100008070469
925,3.9272639751434326,1.7751359939575195,8.294879913330078,1.6666239500045776,4.164000041782856,1.7684000195004046
926,3.9809279441833496,1.709439992904663,5.342400074005127,1.7316479682922363,8.906400005798787,1.6469000256620347
927,4.02236795425415,1.6367039680480957,4.239712238311768,1.8383680582046509,6.771699991077185,1.6973000019788742
928,4.3527679443359375,1.6759999990463257,4.422719955444336,1.8640639781951904,6.462200020905584,1.7093000351451337
929,4.074368000030518,1.766592025756836,4.986623764038086,1.6988799571990967,6.361400010064244,1.6268999897874892
930,4.066880226135254,1.6412479877471924,4.249792098999023,1.6676479578018188,6.214799999725074,1.7389999702572823
931,4.14851188659668,1.6978880167007446,4.2267842292785645,1.7331839799880981,7.164500013459474,1.7998000257648528
932,6.41539192199707,3.3655359745025635,4.294144153594971,1.7989439964294434,6.07299996772781,1.7471000319346786
933,7.583104133605957,3.939840078353882,5.92793607711792,1.7699840068817139,9.371899999678135,1.7933999770320952
934,8.004544258117676,3.8305599689483643,4.156864166259766,1.7947839498519897,13.049199944362044,1.8714999896474183
935,4.6800642013549805,3.9295361042022705,4.144800186157227,1.712224006652832,7.809899980202317,1.6297000111080706
936,6.351615905761719,3.2571520805358887,4.2745280265808105,1.7429759502410889,9.544000029563904,1.6932000289671123
937,4.487775802612305,1.6930880546569824,12.5065279006958,1.721727967262268,9.970699960831553,1.6788000357337296
938,4.866623878479004,1.7819520235061646,8.337504386901855,1.7121599912643433,8.508700004313141,1.7054000054486096
939,4.20147180557251,1.7154239416122437,3.989504098892212,1.6117759943008423,4.871499957516789,1.7727999947965145
940,5.596415996551514,1.6465920209884644,4.685791969299316,1.733888030052185,5.505800014361739,1.6524000093340874
941,10.215776443481445,1.6360000371932983,5.58735990524292,1.6546239852905273,6.514100008644164,3.68759996490553
942,8.932448387145996,1.606943964958191,4.691808223724365,1.7995519638061523,4.743600031360984,1.8791999900713563
943,4.28380823135376,1.7204159498214722,4.18943977355957,1.750432014465332,4.925299959722906,1.7422999953851104
944,5.588895797729492,1.6011840105056763,4.243840217590332,1.6720319986343384,5.172099976334721,3.273200010880828
945,11.02883243560791,1.6079360246658325,4.589791774749756,1.7140159606933594,4.2418999946676195,2.7559000300243497
946,11.868255615234375,3.723871946334839,4.233503818511963,1.7301119565963745,4.246899974532425,2.41499999538064
947,6.139359951019287,1.9595199823379517,4.232800006866455,1.7526079416275024,4.285900038667023,2.043500018771738
948,6.377312183380127,1.6391040086746216,4.142144203186035,1.7435519695281982,6.848899996839464,1.818499993532896
949,6.008639812469482,3.035423994064331,11.712575912475586,1.648352026939392,4.266300005838275,1.7279000021517277
950,5.912511825561523,2.802783966064453,8.866463661193848,1.6679680347442627,5.267500004265457,1.819700002670288
951,6.322175979614258,2.2366080284118652,4.311552047729492,1.6851840019226074,5.474699952173978,1.7479000380262733
952,4.202879905700684,3.3523519039154053,4.039423942565918,1.6430079936981201,4.407299973536283,1.7396000330336392
953,4.222559928894043,2.0499839782714844,4.106368064880371,1.7500799894332886,4.393300041556358,1.7856999766081572
954,3.987168073654175,1.6868159770965576,4.87388801574707,1.7380479574203491,5.4151000222191215,1.782399951480329
955,4.587200164794922,1.610144019126892,4.364352226257324,1.9068479537963867,6.203799974173307,1.6471999697387218
956,4.174464225769043,1.6086399555206299,4.274335861206055,1.788864016532898,5.629800027236342,1.7973999492824078
957,4.145567893981934,1.6945279836654663,4.1757121086120605,1.6442240476608276,5.860999983269721,6.219999981112778
958,4.111616134643555,1.677024006843567,4.632768154144287,1.6509759426116943,4.343500011600554,5.806200031656772
959,6.321536064147949,1.5752639770507812,4.150271892547607,1.7502399682998657,4.300600034184754,5.347299971617758
960,4.353568077087402,1.5876480340957642,4.21017599105835,1.6549760103225708,4.239500034600496,1.7985000158660114
961,4.178656101226807,2.768735885620117,4.868447780609131,1.7680319547653198,4.501399991568178,1.6395000275224447
962,5.138783931732178,3.8051199913024902,4.367584228515625,1.7029759883880615,4.155200032982975,1.7921000253409147
963,4.309055805206299,3.3571200370788574,4.1827521324157715,1.6469119787216187,4.3759000254794955,1.7166000325232744
964,4.137599945068359,5.236544132232666,4.26032018661499,1.7192000150680542,4.251100006513298,1.7466999706812203
965,4.12662410736084,4.063456058502197,8.661215782165527,1.7394880056381226,5.064399971161038,1.686000032350421
966,5.015200138092041,3.0768959522247314,14.87622356414795,1.6042239665985107,4.322099965065718,1.6964999958872795
967,4.351744174957275,2.2359681129455566,8.988127708435059,1.6655999422073364,4.395899944938719,1.7245999770238996
968,4.362720012664795,2.3045759201049805,6.198592185974121,1.721951961517334,4.722199984826148,1.8068000208586454
969,4.181695938110352,2.3050880432128906,6.104351997375488,1.740831971168518,4.185500030871481,1.944200019352138
970,6.773695945739746,2.258239984512329,6.141759872436523,1.6267520189285278,4.221900017000735,1.6914000152610242
971,5.51145601272583,2.274240016937256,6.500095844268799,1.6511039733886719,4.1449000127613544,1.7080000252462924
972,5.734432220458984,2.3147521018981934,4.958943843841553,1.660863995552063,7.187400013208389,2.0616999827325344
973,10.5065279006958,2.342303991317749,4.953951835632324,1.6632319688796997,5.109300022013485,2.0691000390797853
974,8.3439359664917,2.1401278972625732,4.22976016998291,1.7200959920883179,7.174599973950535,1.8564999918453395
975,4.272704124450684,2.347071886062622,4.227424144744873,2.8598721027374268,6.747499981429428,1.7794999876059592
976,5.624767780303955,2.2883200645446777,4.024127960205078,2.2868800163269043,6.951899966225028,1.617999980226159
977,5.161312103271484,2.2332160472869873,4.123136043548584,2.0418241024017334,6.34880003053695,1.9314999808557332
978,4.207712173461914,2.2499520778656006,7.804736137390137,1.7005759477615356,4.314200021326542,4.422400030307472
979,4.481184005737305,4.169087886810303,6.258336067199707,1.6233919858932495,4.3960000039078295,4.171499982476234
980,4.027616024017334,2.528831958770752,4.216479778289795,3.00710391998291,4.078899975866079,4.058100050315261
981,4.629568099975586,2.7548160552978516,4.464191913604736,2.057663917541504,14.260699972510338,4.115099960472435
982,4.253983974456787,4.174975872039795,4.198016166687012,1.8817600011825562,9.500799991656095,1.8951999954879284
983,4.2123517990112305,3.081631898880005,4.263840198516846,1.6262719631195068,6.471699976827949,1.6630999743938446
984,4.044735908508301,2.8340160846710205,4.3579840660095215,1.701024055480957,6.196400034241378,1.8218000186607242
985,4.861536026000977,2.259648084640503,4.243648052215576,1.6521600484848022,4.39590000314638,2.0351000130176544
986,4.336607933044434,2.165343999862671,4.177792072296143,1.6504000425338745,4.355599987320602,1.9210000173188746
987,4.24454402923584,2.3001279830932617,4.162303924560547,1.7383999824523926,4.058599995914847,1.865199999883771
988,4.3730878829956055,2.2240641117095947,7.490111827850342,1.671839952468872,5.641800002194941,1.722400018479675
989,4.976352214813232,2.1970880031585693,14.995583534240723,1.6431679725646973,4.342000000178814,2.0183000015094876
990,4.158815860748291,2.187551975250244,10.735808372497559,1.6603200435638428,4.158099996857345,1.7879000515677035
991,4.027967929840088,4.072383880615234,7.1137919425964355,1.6769599914550781,5.889899970497936,1.7590000061318278
992,4.162975788116455,3.0125439167022705,4.405920028686523,3.217344045639038,10.492400033399463,1.7715999856591225
993,13.884736061096191,2.8620479106903076,4.4627838134765625,2.366624116897583,8.674399985466152,1.6894000000320375
994,12.708800315856934,4.463520050048828,4.42252779006958,1.7424639463424683,5.736599967349321,1.7780999769456685
995,6.5990400314331055,3.365760087966919,4.24783992767334,2.629823923110962,5.751199962105602,1.6781000304035842
996,6.110559940338135,2.9190399646759033,4.005951881408691,1.7827839851379395,6.736099952831864,1.8352000042796135
997,5.833920001983643,2.221503973007202,4.125696182250977,1.717311978340149,6.5116999903693795,1.6868000384420156
998,8.316831588745117,2.18668794631958,5.643455982208252,1.6783039569854736,7.888399995863438,1.7927000299096107
999,14.654111862182617,2.28985595703125,15.047967910766602,2.1786561012268066,4.677099990658462,1.7715999856591225
1000,5.05295991897583,2.25817608833313,9.398688316345215,2.3443520069122314,6.594500038772821,1.7877999925985932
