dataset,approach,query_id,precision_at_10,hit_at_10,mrr_at_10,ndcg_at_10,map_at_100,recall_at_1,recall_at_3,recall_at_5,recall_at_10,recall_at_20,recall_at_50,recall_at_100
scifact,tfidf,1,0.0,0.0,0.0,0.0,0.0,0.0,0.0,0.0,0.0,0.0,0.0,0.0
scifact,tfidf,100,0.1,1.0,1.0,1.0,1.0,1.0,1.0,1.0,1.0,1.0,1.0,1.0
scifact,tfidf,1012,0.1,1.0,1.0,1.0,1.0,1.0,1.0,1.0,1.0,1.0,1.0,1.0
scifact,tfidf,1014,0.1,1.0,1.0,1.0,1.0,1.0,1.0,1.0,1.0,1.0,1.0,1.0
scifact,tfidf,1019,0.1,1.0,0.5,0.6309297535714575,0.5,0.0,1.0,1.0,1.0,1.0,1.0,1.0
scifact,tfidf,1020,0.1,1.0,0.3333333333333333,0.5,0.3333333333333333,0.0,1.0,1.0,1.0,1.0,1.0,1.0
scifact,tfidf,1021,0.1,1.0,0.3333333333333333,0.5,0.3333333333333333,0.0,1.0,1.0,1.0,1.0,1.0,1.0
scifact,tfidf,1024,0.1,1.0,1.0,1.0,1.0,1.0,1.0,1.0,1.0,1.0,1.0,1.0
scifact,tfidf,1029,0.2,1.0,1.0,0.7039180890341347,0.5858585858585857,0.3333333333333333,0.6666666666666666,0.6666666666666666,0.6666666666666666,0.6666666666666666,1.0,1.0
scifact,tfidf,1041,0.2,1.0,0.16666666666666666,0.4227898344066503,0.22619047619047616,0.0,0.0,0.0,1.0,1.0,1.0,1.0
scifact,tfidf,1049,0.0,0.0,0.0,0.0,0.0125,0.0,0.0,0.0,0.0,0.0,0.0,1.0
scifact,tfidf,1062,0.1,1.0,1.0,1.0,1.0,1.0,1.0,1.0,1.0,1.0,1.0,1.0
scifact,tfidf,1086,0.1,1.0,1.0,1.0,1.0,1.0,1.0,1.0,1.0,1.0,1.0,1.0
scifact,tfidf,1088,0.0,0.0,0.0,0.0,0.0,0.0,0.0,0.0,0.0,0.0,0.0,0.0
scifact,tfidf,1089,0.1,1.0,1.0,1.0,1.0,1.0,1.0,1.0,1.0,1.0,1.0,1.0
scifact,tfidf,1099,0.1,1.0,0.16666666666666666,0.3562071871080222,0.16666666666666666,0.0,0.0,0.0,1.0,1.0,1.0,1.0
scifact,tfidf,1100,0.1,1.0,0.2,0.38685280723454163,0.2,0.0,0.0,1.0,1.0,1.0,1.0,1.0
scifact,tfidf,1104,0.1,1.0,1.0,1.0,1.0,1.0,1.0,1.0,1.0,1.0,1.0,1.0
scifact,tfidf,1107,0.1,1.0,1.0,1.0,1.0,1.0,1.0,1.0,1.0,1.0,1.0,1.0
scifact,tfidf,1110,0.0,0.0,0.0,0.0,0.0,0.0,0.0,0.0,0.0,0.0,0.0,0.0
scifact,tfidf,1121,0.1,1.0,0.25,0.43067655807339306,0.25,0.0,0.0,1.0,1.0,1.0,1.0,1.0
scifact,tfidf,113,0.1,1.0,0.3333333333333333,0.5,0.3333333333333333,0.0,1.0,1.0,1.0,1.0,1.0,1.0
scifact,tfidf,1130,0.1,1.0,1.0,1.0,1.0,1.0,1.0,1.0,1.0,1.0,1.0,1.0
scifact,tfidf,1132,0.1,1.0,0.5,0.38685280723454163,0.28125,0.0,0.5,0.5,0.5,0.5,1.0,1.0
scifact,tfidf,1137,0.1,1.0,0.14285714285714285,0.3333333333333333,0.14285714285714285,0.0,0.0,0.0,1.0,1.0,1.0,1.0
scifact,tfidf,1140,0.0,0.0,0.0,0.0,0.09090909090909091,0.0,0.0,0.0,0.0,1.0,1.0,1.0
scifact,tfidf,1144,0.1,1.0,0.5,0.6309297535714575,0.5,0.0,1.0,1.0,1.0,1.0,1.0,1.0
scifact,tfidf,1146,0.1,1.0,1.0,1.0,1.0,1.0,1.0,1.0,1.0,1.0,1.0,1.0
scifact,tfidf,115,0.1,1.0,1.0,1.0,1.0,1.0,1.0,1.0,1.0,1.0,1.0,1.0
scifact,tfidf,1150,0.1,1.0,1.0,1.0,1.0,1.0,1.0,1.0,1.0,1.0,1.0,1.0
scifact,tfidf,1163,0.1,1.0,1.0,1.0,1.0,1.0,1.0,1.0,1.0,1.0,1.0,1.0
scifact,tfidf,1175,0.0,0.0,0.0,0.0,0.05263157894736842,0.0,0.0,0.0,0.0,1.0,1.0,1.0
scifact,tfidf,1179,0.1,1.0,0.1,0.2890648263178879,0.1,0.0,0.0,0.0,1.0,1.0,1.0,1.0
scifact,tfidf,118,0.1,1.0,1.0,1.0,1.0,1.0,1.0,1.0,1.0,1.0,1.0,1.0
scifact,tfidf,1180,0.1,1.0,0.5,0.6309297535714575,0.5,0.0,1.0,1.0,1.0,1.0,1.0,1.0
scifact,tfidf,1185,0.1,1.0,1.0,1.0,1.0,1.0,1.0,1.0,1.0,1.0,1.0,1.0
scifact,tfidf,1187,0.1,1.0,0.5,0.6309297535714575,0.5,0.0,1.0,1.0,1.0,1.0,1.0,1.0
scifact,tfidf,1191,0.0,0.0,0.0,0.0,0.0,0.0,0.0,0.0,0.0,0.0,0.0,0.0
scifact,tfidf,1194,0.1,1.0,1.0,1.0,1.0,1.0,1.0,1.0,1.0,1.0,1.0,1.0
scifact,tfidf,1196,0.0,0.0,0.0,0.0,0.0,0.0,0.0,0.0,0.0,0.0,0.0,0.0
scifact,tfidf,1197,0.0,0.0,0.0,0.0,0.0,0.0,0.0,0.0,0.0,0.0,0.0,0.0
scifact,tfidf,1199,0.0,0.0,0.0,0.0,0.0,0.0,0.0,0.0,0.0,0.0,0.0,0.0
scifact,tfidf,1200,0.0,0.0,0.0,0.0,0.0,0.0,0.0,0.0,0.0,0.0,0.0,0.0
scifact,tfidf,1202,0.1,1.0,1.0,1.0,1.0,1.0,1.0,1.0,1.0,1.0,1.0,1.0
scifact,tfidf,1204,0.1,1.0,1.0,1.0,1.0,1.0,1.0,1.0,1.0,1.0,1.0,1.0
scifact,tfidf,1207,0.1,1.0,0.5,0.6309297535714575,0.5,0.0,1.0,1.0,1.0,1.0,1.0,1.0
scifact,tfidf,1213,0.0,0.0,0.0,0.0,0.0,0.0,0.0,0.0,0.0,0.0,0.0,0.0
scifact,tfidf,1216,0.1,1.0,1.0,1.0,1.0,1.0,1.0,1.0,1.0,1.0,1.0,1.0
scifact,tfidf,1221,0.0,0.0,0.0,0.0,0.058823529411764705,0.0,0.0,0.0,0.0,1.0,1.0,1.0
scifact,tfidf,1225,0.1,1.0,0.14285714285714285,0.3333333333333333,0.14285714285714285,0.0,0.0,0.0,1.0,1.0,1.0,1.0
scifact,tfidf,1226,0.0,0.0,0.0,0.0,0.0,0.0,0.0,0.0,0.0,0.0,0.0,0.0
scifact,tfidf,1232,0.1,1.0,1.0,1.0,1.0,1.0,1.0,1.0,1.0,1.0,1.0,1.0
scifact,tfidf,124,0.1,1.0,1.0,1.0,1.0,1.0,1.0,1.0,1.0,1.0,1.0,1.0
scifact,tfidf,1241,0.0,0.0,0.0,0.0,0.0,0.0,0.0,0.0,0.0,0.0,0.0,0.0
scifact,tfidf,1245,0.1,1.0,1.0,1.0,1.0,1.0,1.0,1.0,1.0,1.0,1.0,1.0
scifact,tfidf,1259,0.1,1.0,0.16666666666666666,0.3562071871080222,0.16666666666666666,0.0,0.0,0.0,1.0,1.0,1.0,1.0
scifact,tfidf,1262,0.1,1.0,1.0,1.0,1.0,1.0,1.0,1.0,1.0,1.0,1.0,1.0
scifact,tfidf,1266,0.1,1.0,1.0,1.0,1.0,1.0,1.0,1.0,1.0,1.0,1.0,1.0
scifact,tfidf,127,0.1,1.0,1.0,1.0,1.0,1.0,1.0,1.0,1.0,1.0,1.0,1.0
scifact,tfidf,1270,0.1,1.0,1.0,1.0,1.0,1.0,1.0,1.0,1.0,1.0,1.0,1.0
scifact,tfidf,1271,0.1,1.0,1.0,1.0,1.0,1.0,1.0,1.0,1.0,1.0,1.0,1.0
scifact,tfidf,1272,0.1,1.0,1.0,1.0,1.0,1.0,1.0,1.0,1.0,1.0,1.0,1.0
scifact,tfidf,1273,0.1,1.0,1.0,1.0,1.0,1.0,1.0,1.0,1.0,1.0,1.0,1.0
scifact,tfidf,1274,0.3,1.0,1.0,0.8854598815714874,0.7555555555555555,0.3333333333333333,0.6666666666666666,1.0,1.0,1.0,1.0,1.0
scifact,tfidf,1278,0.0,0.0,0.0,0.0,0.0,0.0,0.0,0.0,0.0,0.0,0.0,0.0
scifact,tfidf,1279,0.0,0.0,0.0,0.0,0.0,0.0,0.0,0.0,0.0,0.0,0.0,0.0
scifact,tfidf,128,0.1,1.0,0.2,0.38685280723454163,0.2,0.0,0.0,1.0,1.0,1.0,1.0,1.0
scifact,tfidf,1280,0.0,0.0,0.0,0.0,0.07142857142857142,0.0,0.0,0.0,0.0,1.0,1.0,1.0
scifact,tfidf,1281,0.0,0.0,0.0,0.0,0.0,0.0,0.0,0.0,0.0,0.0,0.0,0.0
scifact,tfidf,1282,0.1,1.0,0.3333333333333333,0.5,0.3333333333333333,0.0,1.0,1.0,1.0,1.0,1.0,1.0
scifact,tfidf,129,0.1,1.0,1.0,1.0,1.0,1.0,1.0,1.0,1.0,1.0,1.0,1.0
scifact,tfidf,1290,0.1,1.0,1.0,1.0,1.0,1.0,1.0,1.0,1.0,1.0,1.0,1.0
scifact,tfidf,1292,0.1,1.0,1.0,1.0,1.0,1.0,1.0,1.0,1.0,1.0,1.0,1.0
scifact,tfidf,1298,0.1,1.0,1.0,1.0,1.0,1.0,1.0,1.0,1.0,1.0,1.0,1.0
scifact,tfidf,13,0.0,0.0,0.0,0.0,0.0,0.0,0.0,0.0,0.0,0.0,0.0,0.0
scifact,tfidf,130,0.1,1.0,1.0,1.0,1.0,1.0,1.0,1.0,1.0,1.0,1.0,1.0
scifact,tfidf,1303,0.1,1.0,0.16666666666666666,0.3562071871080222,0.16666666666666666,0.0,0.0,0.0,1.0,1.0,1.0,1.0
scifact,tfidf,1316,0.0,0.0,0.0,0.0,0.018518518518518517,0.0,0.0,0.0,0.0,0.0,0.0,1.0
scifact,tfidf,1319,0.1,1.0,1.0,1.0,1.0,1.0,1.0,1.0,1.0,1.0,1.0,1.0
scifact,tfidf,132,0.0,0.0,0.0,0.0,0.0,0.0,0.0,0.0,0.0,0.0,0.0,0.0
scifact,tfidf,1320,0.1,1.0,1.0,1.0,1.0,1.0,1.0,1.0,1.0,1.0,1.0,1.0
scifact,tfidf,133,0.2,1.0,0.25,0.27727342735504823,0.20543859649122806,0.0,0.0,0.4,0.4,0.8,0.8,0.8
scifact,tfidf,1332,0.0,0.0,0.0,0.0,0.0,0.0,0.0,0.0,0.0,0.0,0.0,0.0
scifact,tfidf,1335,0.1,1.0,1.0,1.0,1.0,1.0,1.0,1.0,1.0,1.0,1.0,1.0
scifact,tfidf,1336,0.1,1.0,1.0,1.0,1.0,1.0,1.0,1.0,1.0,1.0,1.0,1.0
scifact,tfidf,1337,0.1,1.0,1.0,1.0,1.0,1.0,1.0,1.0,1.0,1.0,1.0,1.0
scifact,tfidf,1339,0.1,1.0,1.0,1.0,1.0,1.0,1.0,1.0,1.0,1.0,1.0,1.0
scifact,tfidf,1344,0.1,1.0,1.0,1.0,1.0,1.0,1.0,1.0,1.0,1.0,1.0,1.0
scifact,tfidf,1352,0.1,1.0,1.0,1.0,1.0,1.0,1.0,1.0,1.0,1.0,1.0,1.0
scifact,tfidf,1359,0.1,1.0,1.0,1.0,1.0,1.0,1.0,1.0,1.0,1.0,1.0,1.0
scifact,tfidf,1362,0.1,1.0,0.2,0.38685280723454163,0.2,0.0,0.0,1.0,1.0,1.0,1.0,1.0
scifact,tfidf,1363,0.1,1.0,0.2,0.38685280723454163,0.2,0.0,0.0,1.0,1.0,1.0,1.0,1.0
scifact,tfidf,1368,0.0,0.0,0.0,0.0,0.016666666666666666,0.0,0.0,0.0,0.0,0.0,0.0,1.0
scifact,tfidf,137,0.1,1.0,1.0,1.0,1.0,1.0,1.0,1.0,1.0,1.0,1.0,1.0
scifact,tfidf,1370,0.1,1.0,0.14285714285714285,0.3333333333333333,0.14285714285714285,0.0,0.0,0.0,1.0,1.0,1.0,1.0
scifact,tfidf,1379,0.3,1.0,1.0,0.6760236910196462,0.5109649122807017,0.25,0.25,0.5,0.75,1.0,1.0,1.0
scifact,tfidf,1382,0.0,0.0,0.0,0.0,0.058823529411764705,0.0,0.0,0.0,0.0,1.0,1.0,1.0
scifact,tfidf,1385,0.1,1.0,1.0,1.0,1.0,1.0,1.0,1.0,1.0,1.0,1.0,1.0
scifact,tfidf,1389,0.1,1.0,1.0,1.0,1.0,1.0,1.0,1.0,1.0,1.0,1.0,1.0
scifact,tfidf,1395,0.0,0.0,0.0,0.0,0.012345679012345678,0.0,0.0,0.0,0.0,0.0,0.0,1.0
scifact,tfidf,141,0.2,1.0,1.0,1.0,1.0,0.5,1.0,1.0,1.0,1.0,1.0,1.0
scifact,tfidf,142,0.1,1.0,1.0,1.0,1.0,1.0,1.0,1.0,1.0,1.0,1.0,1.0
scifact,tfidf,143,0.1,1.0,1.0,1.0,1.0,1.0,1.0,1.0,1.0,1.0,1.0,1.0
scifact,tfidf,146,0.1,1.0,1.0,1.0,1.0,1.0,1.0,1.0,1.0,1.0,1.0,1.0
scifact,tfidf,148,0.1,1.0,1.0,1.0,1.0,1.0,1.0,1.0,1.0,1.0,1.0,1.0
scifact,tfidf,163,0.1,1.0,1.0,1.0,1.0,1.0,1.0,1.0,1.0,1.0,1.0,1.0
scifact,tfidf,171,0.1,1.0,1.0,1.0,1.0,1.0,1.0,1.0,1.0,1.0,1.0,1.0
scifact,tfidf,179,0.2,1.0,1.0,0.5585075862632192,0.4504464285714286,0.25,0.25,0.5,0.5,0.75,1.0,1.0
scifact,tfidf,180,0.1,1.0,1.0,1.0,1.0,1.0,1.0,1.0,1.0,1.0,1.0,1.0
scifact,tfidf,183,0.0,0.0,0.0,0.0,0.020833333333333332,0.0,0.0,0.0,0.0,0.0,1.0,1.0
scifact,tfidf,185,0.0,0.0,0.0,0.0,0.038461538461538464,0.0,0.0,0.0,0.0,0.0,1.0,1.0
scifact,tfidf,198,0.1,1.0,0.125,0.31546487678572877,0.125,0.0,0.0,0.0,1.0,1.0,1.0,1.0
scifact,tfidf,208,0.1,1.0,1.0,1.0,1.0,1.0,1.0,1.0,1.0,1.0,1.0,1.0
scifact,tfidf,212,0.1,1.0,0.5,0.6309297535714575,0.5,0.0,1.0,1.0,1.0,1.0,1.0,1.0
scifact,tfidf,213,0.1,1.0,0.3333333333333333,0.5,0.3333333333333333,0.0,1.0,1.0,1.0,1.0,1.0,1.0
scifact,tfidf,216,0.1,1.0,1.0,1.0,1.0,1.0,1.0,1.0,1.0,1.0,1.0,1.0
scifact,tfidf,217,0.1,1.0,1.0,1.0,1.0,1.0,1.0,1.0,1.0,1.0,1.0,1.0
scifact,tfidf,218,0.1,1.0,1.0,1.0,1.0,1.0,1.0,1.0,1.0,1.0,1.0,1.0
scifact,tfidf,219,0.1,1.0,1.0,1.0,1.0,1.0,1.0,1.0,1.0,1.0,1.0,1.0
scifact,tfidf,230,0.1,1.0,0.5,0.6309297535714575,0.5,0.0,1.0,1.0,1.0,1.0,1.0,1.0
scifact,tfidf,232,0.1,1.0,1.0,1.0,1.0,1.0,1.0,1.0,1.0,1.0,1.0,1.0
scifact,tfidf,233,0.1,1.0,1.0,1.0,1.0,1.0,1.0,1.0,1.0,1.0,1.0,1.0
scifact,tfidf,236,0.1,1.0,1.0,1.0,1.0,1.0,1.0,1.0,1.0,1.0,1.0,1.0
scifact,tfidf,237,0.1,1.0,1.0,1.0,1.0,1.0,1.0,1.0,1.0,1.0,1.0,1.0
scifact,tfidf,238,0.0,0.0,0.0,0.0,0.07142857142857142,0.0,0.0,0.0,0.0,1.0,1.0,1.0
scifact,tfidf,239,0.0,0.0,0.0,0.0,0.0,0.0,0.0,0.0,0.0,0.0,0.0,0.0
scifact,tfidf,248,0.1,1.0,0.5,0.6309297535714575,0.5,0.0,1.0,1.0,1.0,1.0,1.0,1.0
scifact,tfidf,249,0.1,1.0,0.5,0.6309297535714575,0.5,0.0,1.0,1.0,1.0,1.0,1.0,1.0
scifact,tfidf,261,0.0,0.0,0.0,0.0,0.020833333333333332,0.0,0.0,0.0,0.0,0.0,0.5,0.5
scifact,tfidf,268,0.1,1.0,1.0,1.0,1.0,1.0,1.0,1.0,1.0,1.0,1.0,1.0
scifact,tfidf,269,0.1,1.0,1.0,1.0,1.0,1.0,1.0,1.0,1.0,1.0,1.0,1.0
scifact,tfidf,274,0.1,1.0,1.0,1.0,1.0,1.0,1.0,1.0,1.0,1.0,1.0,1.0
scifact,tfidf,275,0.1,1.0,1.0,0.46927872602275644,0.34848484848484845,0.3333333333333333,0.3333333333333333,0.3333333333333333,0.3333333333333333,0.3333333333333333,0.6666666666666666,0.6666666666666666
scifact,tfidf,279,0.1,1.0,1.0,1.0,1.0,1.0,1.0,1.0,1.0,1.0,1.0,1.0
scifact,tfidf,294,0.1,1.0,1.0,1.0,1.0,1.0,1.0,1.0,1.0,1.0,1.0,1.0
scifact,tfidf,295,0.1,1.0,1.0,1.0,1.0,1.0,1.0,1.0,1.0,1.0,1.0,1.0
scifact,tfidf,298,0.1,1.0,1.0,1.0,1.0,1.0,1.0,1.0,1.0,1.0,1.0,1.0
scifact,tfidf,3,0.1,1.0,0.3333333333333333,0.5,0.3333333333333333,0.0,1.0,1.0,1.0,1.0,1.0,1.0
scifact,tfidf,300,0.1,1.0,0.25,0.43067655807339306,0.25,0.0,0.0,1.0,1.0,1.0,1.0,1.0
scifact,tfidf,303,0.1,1.0,0.5,0.6309297535714575,0.5,0.0,1.0,1.0,1.0,1.0,1.0,1.0
scifact,tfidf,312,0.1,1.0,0.25,0.43067655807339306,0.25,0.0,0.0,1.0,1.0,1.0,1.0,1.0
scifact,tfidf,314,0.0,0.0,0.0,0.0,0.07142857142857142,0.0,0.0,0.0,0.0,1.0,1.0,1.0
scifact,tfidf,324,0.0,0.0,0.0,0.0,0.07142857142857142,0.0,0.0,0.0,0.0,1.0,1.0,1.0
scifact,tfidf,327,0.1,1.0,1.0,1.0,1.0,1.0,1.0,1.0,1.0,1.0,1.0,1.0
scifact,tfidf,338,0.1,1.0,1.0,1.0,1.0,1.0,1.0,1.0,1.0,1.0,1.0,1.0
scifact,tfidf,343,0.2,1.0,0.3333333333333333,0.5249810332008933,0.3333333333333333,0.0,0.5,0.5,1.0,1.0,1.0,1.0
scifact,tfidf,350,0.1,1.0,0.5,0.6309297535714575,0.5,0.0,1.0,1.0,1.0,1.0,1.0,1.0
scifact,tfidf,354,0.1,1.0,1.0,1.0,1.0,1.0,1.0,1.0,1.0,1.0,1.0,1.0
scifact,tfidf,36,0.1,1.0,0.1111111111111111,0.18457569677956817,0.12698412698412698,0.0,0.0,0.0,0.5,1.0,1.0,1.0
scifact,tfidf,362,0.1,1.0,0.5,0.6309297535714575,0.5,0.0,1.0,1.0,1.0,1.0,1.0,1.0
scifact,tfidf,380,0.1,1.0,1.0,1.0,1.0,1.0,1.0,1.0,1.0,1.0,1.0,1.0
scifact,tfidf,384,0.0,0.0,0.0,0.0,0.043478260869565216,0.0,0.0,0.0,0.0,0.0,1.0,1.0
scifact,tfidf,385,0.0,0.0,0.0,0.0,0.06506238859180036,0.0,0.0,0.0,0.0,0.5,0.5,1.0
scifact,tfidf,386,0.1,1.0,1.0,1.0,1.0,1.0,1.0,1.0,1.0,1.0,1.0,1.0
scifact,tfidf,388,0.1,1.0,0.25,0.43067655807339306,0.25,0.0,0.0,1.0,1.0,1.0,1.0,1.0
scifact,tfidf,399,0.1,1.0,1.0,1.0,1.0,1.0,1.0,1.0,1.0,1.0,1.0,1.0
scifact,tfidf,410,0.1,1.0,1.0,1.0,1.0,1.0,1.0,1.0,1.0,1.0,1.0,1.0
scifact,tfidf,411,0.1,1.0,1.0,1.0,1.0,1.0,1.0,1.0,1.0,1.0,1.0,1.0
scifact,tfidf,415,0.1,1.0,0.14285714285714285,0.3333333333333333,0.14285714285714285,0.0,0.0,0.0,1.0,1.0,1.0,1.0
scifact,tfidf,42,0.1,1.0,0.5,0.6309297535714575,0.5,0.0,1.0,1.0,1.0,1.0,1.0,1.0
scifact,tfidf,421,0.1,1.0,0.25,0.43067655807339306,0.25,0.0,0.0,1.0,1.0,1.0,1.0,1.0
scifact,tfidf,431,0.0,0.0,0.0,0.0,0.0,0.0,0.0,0.0,0.0,0.0,0.0,0.0
scifact,tfidf,436,0.1,1.0,1.0,1.0,1.0,1.0,1.0,1.0,1.0,1.0,1.0,1.0
scifact,tfidf,437,0.0,0.0,0.0,0.0,0.0,0.0,0.0,0.0,0.0,0.0,0.0,0.0
scifact,tfidf,439,0.1,1.0,0.3333333333333333,0.5,0.3333333333333333,0.0,1.0,1.0,1.0,1.0,1.0,1.0
scifact,tfidf,440,0.1,1.0,0.3333333333333333,0.5,0.3333333333333333,0.0,1.0,1.0,1.0,1.0,1.0,1.0
scifact,tfidf,443,0.1,1.0,1.0,1.0,1.0,1.0,1.0,1.0,1.0,1.0,1.0,1.0
scifact,tfidf,452,0.1,1.0,1.0,0.6131471927654584,0.5625,0.5,0.5,0.5,0.5,1.0,1.0,1.0
scifact,tfidf,475,0.0,0.0,0.0,0.0,0.02702702702702703,0.0,0.0,0.0,0.0,0.0,1.0,1.0
scifact,tfidf,478,0.1,1.0,1.0,1.0,1.0,1.0,1.0,1.0,1.0,1.0,1.0,1.0
scifact,tfidf,48,0.1,1.0,0.3333333333333333,0.5,0.3333333333333333,0.0,1.0,1.0,1.0,1.0,1.0,1.0
scifact,tfidf,49,0.1,1.0,0.5,0.6309297535714575,0.5,0.0,1.0,1.0,1.0,1.0,1.0,1.0
scifact,tfidf,491,0.1,1.0,1.0,1.0,1.0,1.0,1.0,1.0,1.0,1.0,1.0,1.0
scifact,tfidf,5,0.1,1.0,1.0,1.0,1.0,1.0,1.0,1.0,1.0,1.0,1.0,1.0
scifact,tfidf,50,0.1,1.0,1.0,1.0,1.0,1.0,1.0,1.0,1.0,1.0,1.0,1.0
scifact,tfidf,501,0.1,1.0,0.5,0.6309297535714575,0.5,0.0,1.0,1.0,1.0,1.0,1.0,1.0
scifact,tfidf,502,0.0,0.0,0.0,0.0,0.0,0.0,0.0,0.0,0.0,0.0,0.0,0.0
scifact,tfidf,507,0.1,1.0,1.0,1.0,1.0,1.0,1.0,1.0,1.0,1.0,1.0,1.0
scifact,tfidf,508,0.0,0.0,0.0,0.0,0.041666666666666664,0.0,0.0,0.0,0.0,0.0,1.0,1.0
scifact,tfidf,51,0.1,1.0,1.0,1.0,1.0,1.0,1.0,1.0,1.0,1.0,1.0,1.0
scifact,tfidf,513,0.1,1.0,0.2,0.38685280723454163,0.2,0.0,0.0,1.0,1.0,1.0,1.0,1.0
scifact,tfidf,514,0.0,0.0,0.0,0.0,0.06666666666666667,0.0,0.0,0.0,0.0,1.0,1.0,1.0
scifact,tfidf,516,0.1,1.0,1.0,1.0,1.0,1.0,1.0,1.0,1.0,1.0,1.0,1.0
scifact,tfidf,517,0.0,0.0,0.0,0.0,0.029411764705882353,0.0,0.0,0.0,0.0,0.0,1.0,1.0
scifact,tfidf,521,0.1,1.0,1.0,1.0,1.0,1.0,1.0,1.0,1.0,1.0,1.0,1.0
scifact,tfidf,525,0.1,1.0,1.0,1.0,1.0,1.0,1.0,1.0,1.0,1.0,1.0,1.0
scifact,tfidf,527,0.1,1.0,1.0,1.0,1.0,1.0,1.0,1.0,1.0,1.0,1.0,1.0
scifact,tfidf,528,0.1,1.0,1.0,1.0,1.0,1.0,1.0,1.0,1.0,1.0,1.0,1.0
scifact,tfidf,53,0.1,1.0,1.0,1.0,1.0,1.0,1.0,1.0,1.0,1.0,1.0,1.0
scifact,tfidf,532,0.1,1.0,1.0,1.0,1.0,1.0,1.0,1.0,1.0,1.0,1.0,1.0
scifact,tfidf,533,0.1,1.0,1.0,1.0,1.0,1.0,1.0,1.0,1.0,1.0,1.0,1.0
scifact,tfidf,535,0.0,0.0,0.0,0.0,0.0,0.0,0.0,0.0,0.0,0.0,0.0,0.0
scifact,tfidf,536,0.1,1.0,0.5,0.6309297535714575,0.5,0.0,1.0,1.0,1.0,1.0,1.0,1.0
scifact,tfidf,539,0.1,1.0,1.0,1.0,1.0,1.0,1.0,1.0,1.0,1.0,1.0,1.0
scifact,tfidf,54,0.1,1.0,0.125,0.31546487678572877,0.125,0.0,0.0,0.0,1.0,1.0,1.0,1.0
scifact,tfidf,540,0.0,0.0,0.0,0.0,0.05615942028985507,0.0,0.0,0.0,0.0,0.5,0.5,1.0
scifact,tfidf,544,0.0,0.0,0.0,0.0,0.023809523809523808,0.0,0.0,0.0,0.0,0.0,1.0,1.0
scifact,tfidf,549,0.1,1.0,1.0,1.0,1.0,1.0,1.0,1.0,1.0,1.0,1.0,1.0
scifact,tfidf,551,0.1,1.0,0.5,0.6309297535714575,0.5,0.0,1.0,1.0,1.0,1.0,1.0,1.0
scifact,tfidf,552,0.1,1.0,1.0,1.0,1.0,1.0,1.0,1.0,1.0,1.0,1.0,1.0
scifact,tfidf,554,0.1,1.0,0.16666666666666666,0.3562071871080222,0.16666666666666666,0.0,0.0,0.0,1.0,1.0,1.0,1.0
scifact,tfidf,56,0.1,1.0,1.0,1.0,1.0,1.0,1.0,1.0,1.0,1.0,1.0,1.0
scifact,tfidf,560,0.0,0.0,0.0,0.0,0.0,0.0,0.0,0.0,0.0,0.0,0.0,0.0
scifact,tfidf,569,0.1,1.0,0.3333333333333333,0.5,0.3333333333333333,0.0,1.0,1.0,1.0,1.0,1.0,1.0
scifact,tfidf,57,0.1,1.0,1.0,1.0,1.0,1.0,1.0,1.0,1.0,1.0,1.0,1.0
scifact,tfidf,575,0.1,1.0,0.25,0.43067655807339306,0.25,0.0,0.0,1.0,1.0,1.0,1.0,1.0
scifact,tfidf,577,0.0,0.0,0.0,0.0,0.0,0.0,0.0,0.0,0.0,0.0,0.0,0.0
scifact,tfidf,578,0.1,1.0,1.0,1.0,1.0,1.0,1.0,1.0,1.0,1.0,1.0,1.0
scifact,tfidf,587,0.1,1.0,0.3333333333333333,0.5,0.3333333333333333,0.0,1.0,1.0,1.0,1.0,1.0,1.0
scifact,tfidf,589,0.1,1.0,1.0,1.0,1.0,1.0,1.0,1.0,1.0,1.0,1.0,1.0
scifact,tfidf,593,0.1,1.0,0.5,0.6309297535714575,0.5,0.0,1.0,1.0,1.0,1.0,1.0,1.0
scifact,tfidf,597,0.3,1.0,1.0,0.8529278650606567,0.7000000000000001,0.3333333333333333,0.3333333333333333,1.0,1.0,1.0,1.0,1.0
scifact,tfidf,598,0.1,1.0,0.125,0.31546487678572877,0.125,0.0,0.0,0.0,1.0,1.0,1.0,1.0
scifact,tfidf,613,0.1,1.0,1.0,1.0,1.0,1.0,1.0,1.0,1.0,1.0,1.0,1.0
scifact,tfidf,619,0.1,1.0,0.14285714285714285,0.20438239758848611,0.07142857142857142,0.0,0.0,0.0,0.5,0.5,0.5,0.5
scifact,tfidf,623,0.1,1.0,0.5,0.6309297535714575,0.5,0.0,1.0,1.0,1.0,1.0,1.0,1.0
scifact,tfidf,628,0.0,0.0,0.0,0.0,0.06666666666666667,0.0,0.0,0.0,0.0,1.0,1.0,1.0
scifact,tfidf,636,0.1,1.0,0.2,0.38685280723454163,0.2,0.0,0.0,1.0,1.0,1.0,1.0,1.0
scifact,tfidf,637,0.0,0.0,0.0,0.0,0.09090909090909091,0.0,0.0,0.0,0.0,1.0,1.0,1.0
scifact,tfidf,641,0.1,1.0,0.5,0.38685280723454163,0.282258064516129,0.0,0.5,0.5,0.5,0.5,1.0,1.0
scifact,tfidf,644,0.1,1.0,1.0,1.0,1.0,1.0,1.0,1.0,1.0,1.0,1.0,1.0
scifact,tfidf,649,0.1,1.0,0.2,0.38685280723454163,0.2,0.0,0.0,1.0,1.0,1.0,1.0,1.0
scifact,tfidf,659,0.1,1.0,1.0,1.0,1.0,1.0,1.0,1.0,1.0,1.0,1.0,1.0
scifact,tfidf,660,0.0,0.0,0.0,0.0,0.05,0.0,0.0,0.0,0.0,1.0,1.0,1.0
scifact,tfidf,674,0.1,1.0,1.0,1.0,1.0,1.0,1.0,1.0,1.0,1.0,1.0,1.0
scifact,tfidf,684,0.1,1.0,0.5,0.6309297535714575,0.5,0.0,1.0,1.0,1.0,1.0,1.0,1.0
scifact,tfidf,690,0.1,1.0,1.0,1.0,1.0,1.0,1.0,1.0,1.0,1.0,1.0,1.0
scifact,tfidf,691,0.1,1.0,0.3333333333333333,0.5,0.3333333333333333,0.0,1.0,1.0,1.0,1.0,1.0,1.0
scifact,tfidf,692,0.1,1.0,0.5,0.6309297535714575,0.5,0.0,1.0,1.0,1.0,1.0,1.0,1.0
scifact,tfidf,693,0.1,1.0,0.5,0.6309297535714575,0.5,0.0,1.0,1.0,1.0,1.0,1.0,1.0
scifact,tfidf,70,0.2,1.0,1.0,0.9197207891481876,0.8333333333333333,0.5,1.0,1.0,1.0,1.0,1.0,1.0
scifact,tfidf,700,0.1,1.0,1.0,1.0,1.0,1.0,1.0,1.0,1.0,1.0,1.0,1.0
scifact,tfidf,702,0.0,0.0,0.0,0.0,0.058823529411764705,0.0,0.0,0.0,0.0,1.0,1.0,1.0
scifact,tfidf,715,0.0,0.0,0.0,0.0,0.045454545454545456,0.0,0.0,0.0,0.0,0.0,1.0,1.0
scifact,tfidf,716,0.0,0.0,0.0,0.0,0.0,0.0,0.0,0.0,0.0,0.0,0.0,0.0
scifact,tfidf,718,0.1,1.0,0.1,0.2890648263178879,0.1,0.0,0.0,0.0,1.0,1.0,1.0,1.0
scifact,tfidf,72,0.1,1.0,0.1111111111111111,0.3010299956639812,0.1111111111111111,0.0,0.0,0.0,1.0,1.0,1.0,1.0
scifact,tfidf,721,0.1,1.0,1.0,1.0,1.0,1.0,1.0,1.0,1.0,1.0,1.0,1.0
scifact,tfidf,723,0.1,1.0,1.0,1.0,1.0,1.0,1.0,1.0,1.0,1.0,1.0,1.0
scifact,tfidf,727,0.1,1.0,0.5,0.6309297535714575,0.5,0.0,1.0,1.0,1.0,1.0,1.0,1.0
scifact,tfidf,728,0.2,1.0,0.5,0.5912352048230277,0.39285714285714285,0.0,0.5,0.5,1.0,1.0,1.0,1.0
scifact,tfidf,729,0.1,1.0,0.5,0.6309297535714575,0.5,0.0,1.0,1.0,1.0,1.0,1.0,1.0
scifact,tfidf,742,0.1,1.0,1.0,1.0,1.0,1.0,1.0,1.0,1.0,1.0,1.0,1.0
scifact,tfidf,743,0.1,1.0,1.0,1.0,1.0,1.0,1.0,1.0,1.0,1.0,1.0,1.0
scifact,tfidf,744,0.1,1.0,0.3333333333333333,0.5,0.3333333333333333,0.0,1.0,1.0,1.0,1.0,1.0,1.0
scifact,tfidf,75,0.1,1.0,0.5,0.6309297535714575,0.5,0.0,1.0,1.0,1.0,1.0,1.0,1.0
scifact,tfidf,756,0.1,1.0,0.1111111111111111,0.3010299956639812,0.1111111111111111,0.0,0.0,0.0,1.0,1.0,1.0,1.0
scifact,tfidf,759,0.1,1.0,0.3333333333333333,0.5,0.3333333333333333,0.0,1.0,1.0,1.0,1.0,1.0,1.0
scifact,tfidf,768,0.1,1.0,0.125,0.31546487678572877,0.125,0.0,0.0,0.0,1.0,1.0,1.0,1.0
scifact,tfidf,770,0.1,1.0,1.0,1.0,1.0,1.0,1.0,1.0,1.0,1.0,1.0,1.0
scifact,tfidf,775,0.0,0.0,0.0,0.0,0.0,0.0,0.0,0.0,0.0,0.0,0.0,0.0
scifact,tfidf,781,0.1,1.0,0.5,0.6309297535714575,0.5,0.0,1.0,1.0,1.0,1.0,1.0,1.0
scifact,tfidf,783,0.0,0.0,0.0,0.0,0.045454545454545456,0.0,0.0,0.0,0.0,0.0,1.0,1.0
scifact,tfidf,784,0.1,1.0,0.25,0.43067655807339306,0.25,0.0,0.0,1.0,1.0,1.0,1.0,1.0
scifact,tfidf,785,0.1,1.0,0.3333333333333333,0.5,0.3333333333333333,0.0,1.0,1.0,1.0,1.0,1.0,1.0
scifact,tfidf,793,0.1,1.0,1.0,1.0,1.0,1.0,1.0,1.0,1.0,1.0,1.0,1.0
scifact,tfidf,800,0.0,0.0,0.0,0.0,0.020833333333333332,0.0,0.0,0.0,0.0,0.0,1.0,1.0
scifact,tfidf,805,0.1,1.0,1.0,1.0,1.0,1.0,1.0,1.0,1.0,1.0,1.0,1.0
scifact,tfidf,808,0.1,1.0,1.0,1.0,1.0,1.0,1.0,1.0,1.0,1.0,1.0,1.0
scifact,tfidf,811,0.1,1.0,1.0,1.0,1.0,1.0,1.0,1.0,1.0,1.0,1.0,1.0
scifact,tfidf,814,0.1,1.0,0.5,0.6309297535714575,0.5,0.0,1.0,1.0,1.0,1.0,1.0,1.0
scifact,tfidf,820,0.0,0.0,0.0,0.0,0.01694915254237288,0.0,0.0,0.0,0.0,0.0,0.0,1.0
scifact,tfidf,821,0.0,0.0,0.0,0.0,0.017241379310344827,0.0,0.0,0.0,0.0,0.0,0.0,1.0
scifact,tfidf,823,0.1,1.0,1.0,1.0,1.0,1.0,1.0,1.0,1.0,1.0,1.0,1.0
scifact,tfidf,830,0.1,1.0,0.1111111111111111,0.3010299956639812,0.1111111111111111,0.0,0.0,0.0,1.0,1.0,1.0,1.0
scifact,tfidf,831,0.0,0.0,0.0,0.0,0.08333333333333333,0.0,0.0,0.0,0.0,1.0,1.0,1.0
scifact,tfidf,832,0.1,1.0,1.0,1.0,1.0,1.0,1.0,1.0,1.0,1.0,1.0,1.0
scifact,tfidf,834,0.0,0.0,0.0,0.0,0.030303030303030304,0.0,0.0,0.0,0.0,0.0,1.0,1.0
scifact,tfidf,837,0.1,1.0,0.5,0.6309297535714575,0.5,0.0,1.0,1.0,1.0,1.0,1.0,1.0
scifact,tfidf,839,0.1,1.0,0.5,0.6309297535714575,0.5,0.0,1.0,1.0,1.0,1.0,1.0,1.0
scifact,tfidf,845,0.1,1.0,1.0,1.0,1.0,1.0,1.0,1.0,1.0,1.0,1.0,1.0
scifact,tfidf,847,0.1,1.0,1.0,1.0,1.0,1.0,1.0,1.0,1.0,1.0,1.0,1.0
scifact,tfidf,852,0.1,1.0,1.0,1.0,1.0,1.0,1.0,1.0,1.0,1.0,1.0,1.0
scifact,tfidf,859,0.1,1.0,0.2,0.38685280723454163,0.2,0.0,0.0,1.0,1.0,1.0,1.0,1.0
scifact,tfidf,870,0.0,0.0,0.0,0.0,0.0,0.0,0.0,0.0,0.0,0.0,0.0,0.0
scifact,tfidf,873,0.0,0.0,0.0,0.0,0.010760401721664276,0.0,0.0,0.0,0.0,0.0,0.2,0.4
scifact,tfidf,879,0.1,1.0,1.0,1.0,1.0,1.0,1.0,1.0,1.0,1.0,1.0,1.0
scifact,tfidf,880,0.1,1.0,1.0,1.0,1.0,1.0,1.0,1.0,1.0,1.0,1.0,1.0
scifact,tfidf,882,0.1,1.0,1.0,1.0,1.0,1.0,1.0,1.0,1.0,1.0,1.0,1.0
scifact,tfidf,887,0.0,0.0,0.0,0.0,0.0,0.0,0.0,0.0,0.0,0.0,0.0,0.0
scifact,tfidf,903,0.1,1.0,1.0,1.0,1.0,1.0,1.0,1.0,1.0,1.0,1.0,1.0
scifact,tfidf,904,0.1,1.0,1.0,1.0,1.0,1.0,1.0,1.0,1.0,1.0,1.0,1.0
scifact,tfidf,907,0.1,1.0,1.0,1.0,1.0,1.0,1.0,1.0,1.0,1.0,1.0,1.0
scifact,tfidf,911,0.1,1.0,1.0,1.0,1.0,1.0,1.0,1.0,1.0,1.0,1.0,1.0
scifact,tfidf,913,0.0,0.0,0.0,0.0,0.0,0.0,0.0,0.0,0.0,0.0,0.0,0.0
scifact,tfidf,914,0.0,0.0,0.0,0.0,0.0,0.0,0.0,0.0,0.0,0.0,0.0,0.0
scifact,tfidf,921,0.1,1.0,1.0,1.0,1.0,1.0,1.0,1.0,1.0,1.0,1.0,1.0
scifact,tfidf,922,0.1,1.0,1.0,1.0,1.0,1.0,1.0,1.0,1.0,1.0,1.0,1.0
scifact,tfidf,936,0.1,1.0,1.0,1.0,1.0,1.0,1.0,1.0,1.0,1.0,1.0,1.0
scifact,tfidf,94,0.1,1.0,1.0,1.0,1.0,1.0,1.0,1.0,1.0,1.0,1.0,1.0
scifact,tfidf,956,0.1,1.0,0.25,0.43067655807339306,0.25,0.0,0.0,1.0,1.0,1.0,1.0,1.0
scifact,tfidf,957,0.1,1.0,1.0,1.0,1.0,1.0,1.0,1.0,1.0,1.0,1.0,1.0
scifact,tfidf,960,0.1,1.0,1.0,1.0,1.0,1.0,1.0,1.0,1.0,1.0,1.0,1.0
scifact,tfidf,967,0.2,1.0,1.0,1.0,1.0,0.5,1.0,1.0,1.0,1.0,1.0,1.0
scifact,tfidf,971,0.3,1.0,0.2,0.39866240631493294,0.28809523809523807,0.0,0.0,0.25,0.75,1.0,1.0,1.0
scifact,tfidf,975,0.0,0.0,0.0,0.0,0.0,0.0,0.0,0.0,0.0,0.0,0.0,0.0
scifact,tfidf,982,0.1,1.0,1.0,1.0,1.0,1.0,1.0,1.0,1.0,1.0,1.0,1.0
scifact,tfidf,985,0.1,1.0,1.0,1.0,1.0,1.0,1.0,1.0,1.0,1.0,1.0,1.0
scifact,tfidf,99,0.1,1.0,1.0,1.0,1.0,1.0,1.0,1.0,1.0,1.0,1.0,1.0
scifact,tfidf,993,0.1,1.0,0.2,0.38685280723454163,0.2,0.0,0.0,1.0,1.0,1.0,1.0,1.0
scifact,bm25,1,0.0,0.0,0.0,0.0,0.0,0.0,0.0,0.0,0.0,0.0,0.0,0.0
scifact,bm25,100,0.1,1.0,1.0,1.0,1.0,1.0,1.0,1.0,1.0,1.0,1.0,1.0
scifact,bm25,1012,0.1,1.0,1.0,1.0,1.0,1.0,1.0,1.0,1.0,1.0,1.0,1.0
scifact,bm25,1014,0.1,1.0,1.0,1.0,1.0,1.0,1.0,1.0,1.0,1.0,1.0,1.0
scifact,bm25,1019,0.1,1.0,0.5,0.6309297535714575,0.5,0.0,1.0,1.0,1.0,1.0,1.0,1.0
scifact,bm25,1020,0.1,1.0,0.5,0.6309297535714575,0.5,0.0,1.0,1.0,1.0,1.0,1.0,1.0
scifact,bm25,1021,0.1,1.0,0.5,0.6309297535714575,0.5,0.0,1.0,1.0,1.0,1.0,1.0,1.0
scifact,bm25,1024,0.1,1.0,1.0,1.0,1.0,1.0,1.0,1.0,1.0,1.0,1.0,1.0
scifact,bm25,1029,0.3,1.0,1.0,0.9134015924715543,0.7916666666666666,0.3333333333333333,0.6666666666666666,0.6666666666666666,1.0,1.0,1.0,1.0
scifact,bm25,1041,0.2,1.0,0.2,0.4415801103577823,0.24285714285714285,0.0,0.0,0.5,1.0,1.0,1.0,1.0
scifact,bm25,1049,0.0,0.0,0.0,0.0,0.0,0.0,0.0,0.0,0.0,0.0,0.0,0.0
scifact,bm25,1062,0.1,1.0,1.0,1.0,1.0,1.0,1.0,1.0,1.0,1.0,1.0,1.0
scifact,bm25,1086,0.1,1.0,1.0,1.0,1.0,1.0,1.0,1.0,1.0,1.0,1.0,1.0
scifact,bm25,1088,0.0,0.0,0.0,0.0,0.0,0.0,0.0,0.0,0.0,0.0,0.0,0.0
scifact,bm25,1089,0.1,1.0,1.0,1.0,1.0,1.0,1.0,1.0,1.0,1.0,1.0,1.0
scifact,bm25,1099,0.1,1.0,0.3333333333333333,0.5,0.3333333333333333,0.0,1.0,1.0,1.0,1.0,1.0,1.0
scifact,bm25,1100,0.1,1.0,0.5,0.6309297535714575,0.5,0.0,1.0,1.0,1.0,1.0,1.0,1.0
scifact,bm25,1104,0.1,1.0,1.0,1.0,1.0,1.0,1.0,1.0,1.0,1.0,1.0,1.0
scifact,bm25,1107,0.1,1.0,1.0,1.0,1.0,1.0,1.0,1.0,1.0,1.0,1.0,1.0
scifact,bm25,1110,0.0,0.0,0.0,0.0,0.0,0.0,0.0,0.0,0.0,0.0,0.0,0.0
scifact,bm25,1121,0.1,1.0,0.5,0.6309297535714575,0.5,0.0,1.0,1.0,1.0,1.0,1.0,1.0
scifact,bm25,113,0.1,1.0,1.0,1.0,1.0,1.0,1.0,1.0,1.0,1.0,1.0,1.0
scifact,bm25,1130,0.1,1.0,1.0,1.0,1.0,1.0,1.0,1.0,1.0,1.0,1.0,1.0
scifact,bm25,1132,0.1,1.0,0.25,0.2640681225725909,0.1553030303030303,0.0,0.0,0.5,0.5,0.5,1.0,1.0
scifact,bm25,1137,0.1,1.0,1.0,1.0,1.0,1.0,1.0,1.0,1.0,1.0,1.0,1.0
scifact,bm25,1140,0.1,1.0,0.16666666666666666,0.3562071871080222,0.16666666666666666,0.0,0.0,0.0,1.0,1.0,1.0,1.0
scifact,bm25,1144,0.1,1.0,1.0,1.0,1.0,1.0,1.0,1.0,1.0,1.0,1.0,1.0
scifact,bm25,1146,0.1,1.0,1.0,1.0,1.0,1.0,1.0,1.0,1.0,1.0,1.0,1.0
scifact,bm25,115,0.1,1.0,1.0,1.0,1.0,1.0,1.0,1.0,1.0,1.0,1.0,1.0
scifact,bm25,1150,0.1,1.0,1.0,1.0,1.0,1.0,1.0,1.0,1.0,1.0,1.0,1.0
scifact,bm25,1163,0.1,1.0,1.0,1.0,1.0,1.0,1.0,1.0,1.0,1.0,1.0,1.0
scifact,bm25,1175,0.0,0.0,0.0,0.0,0.027777777777777776,0.0,0.0,0.0,0.0,0.0,1.0,1.0
scifact,bm25,1179,0.1,1.0,0.1111111111111111,0.3010299956639812,0.1111111111111111,0.0,0.0,0.0,1.0,1.0,1.0,1.0
scifact,bm25,118,0.1,1.0,1.0,1.0,1.0,1.0,1.0,1.0,1.0,1.0,1.0,1.0
scifact,bm25,1180,0.1,1.0,0.2,0.38685280723454163,0.2,0.0,0.0,1.0,1.0,1.0,1.0,1.0
scifact,bm25,1185,0.1,1.0,1.0,1.0,1.0,1.0,1.0,1.0,1.0,1.0,1.0,1.0
scifact,bm25,1187,0.1,1.0,1.0,1.0,1.0,1.0,1.0,1.0,1.0,1.0,1.0,1.0
scifact,bm25,1191,0.0,0.0,0.0,0.0,0.0,0.0,0.0,0.0,0.0,0.0,0.0,0.0
scifact,bm25,1194,0.1,1.0,0.2,0.38685280723454163,0.2,0.0,0.0,1.0,1.0,1.0,1.0,1.0
scifact,bm25,1196,0.0,0.0,0.0,0.0,0.01020408163265306,0.0,0.0,0.0,0.0,0.0,0.0,1.0
scifact,bm25,1197,0.0,0.0,0.0,0.0,0.0,0.0,0.0,0.0,0.0,0.0,0.0,0.0
scifact,bm25,1199,0.0,0.0,0.0,0.0,0.0,0.0,0.0,0.0,0.0,0.0,0.0,0.0
scifact,bm25,1200,0.0,0.0,0.0,0.0,0.0,0.0,0.0,0.0,0.0,0.0,0.0,0.0
scifact,bm25,1202,0.1,1.0,1.0,1.0,1.0,1.0,1.0,1.0,1.0,1.0,1.0,1.0
scifact,bm25,1204,0.1,1.0,1.0,1.0,1.0,1.0,1.0,1.0,1.0,1.0,1.0,1.0
scifact,bm25,1207,0.1,1.0,1.0,1.0,1.0,1.0,1.0,1.0,1.0,1.0,1.0,1.0
scifact,bm25,1213,0.0,0.0,0.0,0.0,0.0,0.0,0.0,0.0,0.0,0.0,0.0,0.0
scifact,bm25,1216,0.1,1.0,1.0,1.0,1.0,1.0,1.0,1.0,1.0,1.0,1.0,1.0
scifact,bm25,1221,0.0,0.0,0.0,0.0,0.0,0.0,0.0,0.0,0.0,0.0,0.0,0.0
scifact,bm25,1225,0.1,1.0,1.0,1.0,1.0,1.0,1.0,1.0,1.0,1.0,1.0,1.0
scifact,bm25,1226,0.0,0.0,0.0,0.0,0.010869565217391304,0.0,0.0,0.0,0.0,0.0,0.0,1.0
scifact,bm25,1232,0.1,1.0,1.0,1.0,1.0,1.0,1.0,1.0,1.0,1.0,1.0,1.0
scifact,bm25,124,0.1,1.0,1.0,1.0,1.0,1.0,1.0,1.0,1.0,1.0,1.0,1.0
scifact,bm25,1241,0.0,0.0,0.0,0.0,0.0,0.0,0.0,0.0,0.0,0.0,0.0,0.0
scifact,bm25,1245,0.0,0.0,0.0,0.0,0.058823529411764705,0.0,0.0,0.0,0.0,1.0,1.0,1.0
scifact,bm25,1259,0.1,1.0,0.5,0.6309297535714575,0.5,0.0,1.0,1.0,1.0,1.0,1.0,1.0
scifact,bm25,1262,0.1,1.0,1.0,1.0,1.0,1.0,1.0,1.0,1.0,1.0,1.0,1.0
scifact,bm25,1266,0.1,1.0,0.3333333333333333,0.5,0.3333333333333333,0.0,1.0,1.0,1.0,1.0,1.0,1.0
scifact,bm25,127,0.1,1.0,0.5,0.6309297535714575,0.5,0.0,1.0,1.0,1.0,1.0,1.0,1.0
scifact,bm25,1270,0.1,1.0,1.0,1.0,1.0,1.0,1.0,1.0,1.0,1.0,1.0,1.0
scifact,bm25,1271,0.1,1.0,1.0,1.0,1.0,1.0,1.0,1.0,1.0,1.0,1.0,1.0
scifact,bm25,1272,0.1,1.0,0.25,0.43067655807339306,0.25,0.0,0.0,1.0,1.0,1.0,1.0,1.0
scifact,bm25,1273,0.1,1.0,1.0,1.0,1.0,1.0,1.0,1.0,1.0,1.0,1.0,1.0
scifact,bm25,1274,0.3,1.0,0.5,0.6653497124326151,0.5,0.0,0.3333333333333333,0.6666666666666666,1.0,1.0,1.0,1.0
scifact,bm25,1278,0.0,0.0,0.0,0.0,0.0,0.0,0.0,0.0,0.0,0.0,0.0,0.0
scifact,bm25,1279,0.0,0.0,0.0,0.0,0.0,0.0,0.0,0.0,0.0,0.0,0.0,0.0
scifact,bm25,128,0.1,1.0,0.3333333333333333,0.5,0.3333333333333333,0.0,1.0,1.0,1.0,1.0,1.0,1.0
scifact,bm25,1280,0.0,0.0,0.0,0.0,0.03571428571428571,0.0,0.0,0.0,0.0,0.0,1.0,1.0
scifact,bm25,1281,0.0,0.0,0.0,0.0,0.0,0.0,0.0,0.0,0.0,0.0,0.0,0.0
scifact,bm25,1282,0.1,1.0,1.0,1.0,1.0,1.0,1.0,1.0,1.0,1.0,1.0,1.0
scifact,bm25,129,0.1,1.0,1.0,1.0,1.0,1.0,1.0,1.0,1.0,1.0,1.0,1.0
scifact,bm25,1290,0.1,1.0,1.0,1.0,1.0,1.0,1.0,1.0,1.0,1.0,1.0,1.0
scifact,bm25,1292,0.1,1.0,1.0,1.0,1.0,1.0,1.0,1.0,1.0,1.0,1.0,1.0
scifact,bm25,1298,0.1,1.0,1.0,1.0,1.0,1.0,1.0,1.0,1.0,1.0,1.0,1.0
scifact,bm25,13,0.0,0.0,0.0,0.0,0.0,0.0,0.0,0.0,0.0,0.0,0.0,0.0
scifact,bm25,130,0.1,1.0,1.0,1.0,1.0,1.0,1.0,1.0,1.0,1.0,1.0,1.0
scifact,bm25,1303,0.1,1.0,1.0,1.0,1.0,1.0,1.0,1.0,1.0,1.0,1.0,1.0
scifact,bm25,1316,0.0,0.0,0.0,0.0,0.015873015873015872,0.0,0.0,0.0,0.0,0.0,0.0,1.0
scifact,bm25,1319,0.1,1.0,0.2,0.38685280723454163,0.2,0.0,0.0,1.0,1.0,1.0,1.0,1.0
scifact,bm25,132,0.0,0.0,0.0,0.0,0.0,0.0,0.0,0.0,0.0,0.0,0.0,0.0
scifact,bm25,1320,0.1,1.0,1.0,1.0,1.0,1.0,1.0,1.0,1.0,1.0,1.0,1.0
scifact,bm25,133,0.1,1.0,0.25,0.14606834984270645,0.15862745098039216,0.0,0.0,0.2,0.2,0.8,0.8,0.8
scifact,bm25,1332,0.0,0.0,0.0,0.0,0.0,0.0,0.0,0.0,0.0,0.0,0.0,0.0
scifact,bm25,1335,0.1,1.0,1.0,1.0,1.0,1.0,1.0,1.0,1.0,1.0,1.0,1.0
scifact,bm25,1336,0.1,1.0,1.0,1.0,1.0,1.0,1.0,1.0,1.0,1.0,1.0,1.0
scifact,bm25,1337,0.1,1.0,1.0,1.0,1.0,1.0,1.0,1.0,1.0,1.0,1.0,1.0
scifact,bm25,1339,0.1,1.0,1.0,1.0,1.0,1.0,1.0,1.0,1.0,1.0,1.0,1.0
scifact,bm25,1344,0.1,1.0,1.0,1.0,1.0,1.0,1.0,1.0,1.0,1.0,1.0,1.0
scifact,bm25,1352,0.1,1.0,1.0,1.0,1.0,1.0,1.0,1.0,1.0,1.0,1.0,1.0
scifact,bm25,1359,0.1,1.0,1.0,1.0,1.0,1.0,1.0,1.0,1.0,1.0,1.0,1.0
scifact,bm25,1362,0.1,1.0,0.3333333333333333,0.5,0.3333333333333333,0.0,1.0,1.0,1.0,1.0,1.0,1.0
scifact,bm25,1363,0.1,1.0,1.0,1.0,1.0,1.0,1.0,1.0,1.0,1.0,1.0,1.0
scifact,bm25,1368,0.0,0.0,0.0,0.0,0.02857142857142857,0.0,0.0,0.0,0.0,0.0,1.0,1.0
scifact,bm25,137,0.1,1.0,1.0,1.0,1.0,1.0,1.0,1.0,1.0,1.0,1.0,1.0
scifact,bm25,1370,0.1,1.0,0.2,0.38685280723454163,0.2,0.0,0.0,1.0,1.0,1.0,1.0,1.0
scifact,bm25,1379,0.2,1.0,0.5,0.3973220069685352,0.3259615384615384,0.0,0.25,0.5,0.5,0.75,1.0,1.0
scifact,bm25,1382,0.0,0.0,0.0,0.0,0.06666666666666667,0.0,0.0,0.0,0.0,1.0,1.0,1.0
scifact,bm25,1385,0.1,1.0,1.0,1.0,1.0,1.0,1.0,1.0,1.0,1.0,1.0,1.0
scifact,bm25,1389,0.1,1.0,1.0,1.0,1.0,1.0,1.0,1.0,1.0,1.0,1.0,1.0
scifact,bm25,1395,0.0,0.0,0.0,0.0,0.04,0.0,0.0,0.0,0.0,0.0,1.0,1.0
scifact,bm25,141,0.2,1.0,1.0,1.0,1.0,0.5,1.0,1.0,1.0,1.0,1.0,1.0
scifact,bm25,142,0.1,1.0,1.0,1.0,1.0,1.0,1.0,1.0,1.0,1.0,1.0,1.0
scifact,bm25,143,0.1,1.0,1.0,1.0,1.0,1.0,1.0,1.0,1.0,1.0,1.0,1.0
scifact,bm25,146,0.1,1.0,1.0,1.0,1.0,1.0,1.0,1.0,1.0,1.0,1.0,1.0
scifact,bm25,148,0.1,1.0,1.0,1.0,1.0,1.0,1.0,1.0,1.0,1.0,1.0,1.0
scifact,bm25,163,0.1,1.0,1.0,1.0,1.0,1.0,1.0,1.0,1.0,1.0,1.0,1.0
scifact,bm25,171,0.1,1.0,1.0,1.0,1.0,1.0,1.0,1.0,1.0,1.0,1.0,1.0
scifact,bm25,179,0.3,1.0,1.0,0.6984152163370878,0.5083333333333333,0.25,0.5,0.5,0.75,0.75,0.75,1.0
scifact,bm25,180,0.1,1.0,1.0,1.0,1.0,1.0,1.0,1.0,1.0,1.0,1.0,1.0
scifact,bm25,183,0.0,0.0,0.0,0.0,0.09090909090909091,0.0,0.0,0.0,0.0,1.0,1.0,1.0
scifact,bm25,185,0.1,1.0,0.5,0.6309297535714575,0.5,0.0,1.0,1.0,1.0,1.0,1.0,1.0
scifact,bm25,198,0.1,1.0,0.5,0.6309297535714575,0.5,0.0,1.0,1.0,1.0,1.0,1.0,1.0
scifact,bm25,208,0.1,1.0,1.0,1.0,1.0,1.0,1.0,1.0,1.0,1.0,1.0,1.0
scifact,bm25,212,0.1,1.0,0.5,0.6309297535714575,0.5,0.0,1.0,1.0,1.0,1.0,1.0,1.0
scifact,bm25,213,0.1,1.0,0.16666666666666666,0.3562071871080222,0.16666666666666666,0.0,0.0,0.0,1.0,1.0,1.0,1.0
scifact,bm25,216,0.1,1.0,1.0,1.0,1.0,1.0,1.0,1.0,1.0,1.0,1.0,1.0
scifact,bm25,217,0.1,1.0,1.0,1.0,1.0,1.0,1.0,1.0,1.0,1.0,1.0,1.0
scifact,bm25,218,0.1,1.0,1.0,1.0,1.0,1.0,1.0,1.0,1.0,1.0,1.0,1.0
scifact,bm25,219,0.1,1.0,1.0,1.0,1.0,1.0,1.0,1.0,1.0,1.0,1.0,1.0
scifact,bm25,230,0.1,1.0,1.0,1.0,1.0,1.0,1.0,1.0,1.0,1.0,1.0,1.0
scifact,bm25,232,0.1,1.0,0.5,0.6309297535714575,0.5,0.0,1.0,1.0,1.0,1.0,1.0,1.0
scifact,bm25,233,0.1,1.0,1.0,1.0,1.0,1.0,1.0,1.0,1.0,1.0,1.0,1.0
scifact,bm25,236,0.1,1.0,1.0,1.0,1.0,1.0,1.0,1.0,1.0,1.0,1.0,1.0
scifact,bm25,237,0.1,1.0,1.0,1.0,1.0,1.0,1.0,1.0,1.0,1.0,1.0,1.0
scifact,bm25,238,0.0,0.0,0.0,0.0,0.045454545454545456,0.0,0.0,0.0,0.0,0.0,1.0,1.0
scifact,bm25,239,0.0,0.0,0.0,0.0,0.0,0.0,0.0,0.0,0.0,0.0,0.0,0.0
scifact,bm25,248,0.1,1.0,1.0,1.0,1.0,1.0,1.0,1.0,1.0,1.0,1.0,1.0
scifact,bm25,249,0.1,1.0,0.5,0.6309297535714575,0.5,0.0,1.0,1.0,1.0,1.0,1.0,1.0
scifact,bm25,261,0.1,1.0,0.2,0.23719771276929622,0.1,0.0,0.0,0.5,0.5,0.5,0.5,0.5
scifact,bm25,268,0.1,1.0,0.5,0.6309297535714575,0.5,0.0,1.0,1.0,1.0,1.0,1.0,1.0
scifact,bm25,269,0.1,1.0,0.5,0.6309297535714575,0.5,0.0,1.0,1.0,1.0,1.0,1.0,1.0
scifact,bm25,274,0.1,1.0,1.0,1.0,1.0,1.0,1.0,1.0,1.0,1.0,1.0,1.0
scifact,bm25,275,0.1,1.0,1.0,0.46927872602275644,0.3684210526315789,0.3333333333333333,0.3333333333333333,0.3333333333333333,0.3333333333333333,0.6666666666666666,0.6666666666666666,0.6666666666666666
scifact,bm25,279,0.1,1.0,1.0,1.0,1.0,1.0,1.0,1.0,1.0,1.0,1.0,1.0
scifact,bm25,294,0.1,1.0,1.0,1.0,1.0,1.0,1.0,1.0,1.0,1.0,1.0,1.0
scifact,bm25,295,0.1,1.0,1.0,1.0,1.0,1.0,1.0,1.0,1.0,1.0,1.0,1.0
scifact,bm25,298,0.1,1.0,1.0,1.0,1.0,1.0,1.0,1.0,1.0,1.0,1.0,1.0
scifact,bm25,3,0.1,1.0,1.0,1.0,1.0,1.0,1.0,1.0,1.0,1.0,1.0,1.0
scifact,bm25,300,0.1,1.0,0.25,0.43067655807339306,0.25,0.0,0.0,1.0,1.0,1.0,1.0,1.0
scifact,bm25,303,0.1,1.0,0.5,0.6309297535714575,0.5,0.0,1.0,1.0,1.0,1.0,1.0,1.0
scifact,bm25,312,0.1,1.0,0.2,0.38685280723454163,0.2,0.0,0.0,1.0,1.0,1.0,1.0,1.0
scifact,bm25,314,0.1,1.0,0.25,0.43067655807339306,0.25,0.0,0.0,1.0,1.0,1.0,1.0,1.0
scifact,bm25,324,0.0,0.0,0.0,0.0,0.07692307692307693,0.0,0.0,0.0,0.0,1.0,1.0,1.0
scifact,bm25,327,0.1,1.0,1.0,1.0,1.0,1.0,1.0,1.0,1.0,1.0,1.0,1.0
scifact,bm25,338,0.1,1.0,1.0,1.0,1.0,1.0,1.0,1.0,1.0,1.0,1.0,1.0
scifact,bm25,343,0.2,1.0,0.5,0.6509209298071326,0.5,0.0,0.5,1.0,1.0,1.0,1.0,1.0
scifact,bm25,350,0.1,1.0,1.0,1.0,1.0,1.0,1.0,1.0,1.0,1.0,1.0,1.0
scifact,bm25,354,0.1,1.0,1.0,1.0,1.0,1.0,1.0,1.0,1.0,1.0,1.0,1.0
scifact,bm25,36,0.1,1.0,0.16666666666666666,0.21840743681816419,0.11363636363636363,0.0,0.0,0.0,0.5,0.5,1.0,1.0
scifact,bm25,362,0.1,1.0,1.0,1.0,1.0,1.0,1.0,1.0,1.0,1.0,1.0,1.0
scifact,bm25,380,0.1,1.0,1.0,1.0,1.0,1.0,1.0,1.0,1.0,1.0,1.0,1.0
scifact,bm25,384,0.0,0.0,0.0,0.0,0.0625,0.0,0.0,0.0,0.0,1.0,1.0,1.0
scifact,bm25,385,0.2,1.0,0.3333333333333333,0.48381288316677695,0.26666666666666666,0.0,0.5,0.5,1.0,1.0,1.0,1.0
scifact,bm25,386,0.1,1.0,1.0,1.0,1.0,1.0,1.0,1.0,1.0,1.0,1.0,1.0
scifact,bm25,388,0.1,1.0,0.3333333333333333,0.5,0.3333333333333333,0.0,1.0,1.0,1.0,1.0,1.0,1.0
scifact,bm25,399,0.1,1.0,1.0,1.0,1.0,1.0,1.0,1.0,1.0,1.0,1.0,1.0
scifact,bm25,410,0.1,1.0,1.0,1.0,1.0,1.0,1.0,1.0,1.0,1.0,1.0,1.0
scifact,bm25,411,0.1,1.0,1.0,1.0,1.0,1.0,1.0,1.0,1.0,1.0,1.0,1.0
scifact,bm25,415,0.1,1.0,0.16666666666666666,0.3562071871080222,0.16666666666666666,0.0,0.0,0.0,1.0,1.0,1.0,1.0
scifact,bm25,42,0.1,1.0,0.5,0.6309297535714575,0.5,0.0,1.0,1.0,1.0,1.0,1.0,1.0
scifact,bm25,421,0.0,0.0,0.0,0.0,0.0,0.0,0.0,0.0,0.0,0.0,0.0,0.0
scifact,bm25,431,0.0,0.0,0.0,0.0,0.0,0.0,0.0,0.0,0.0,0.0,0.0,0.0
scifact,bm25,436,0.1,1.0,1.0,1.0,1.0,1.0,1.0,1.0,1.0,1.0,1.0,1.0
scifact,bm25,437,0.0,0.0,0.0,0.0,0.0,0.0,0.0,0.0,0.0,0.0,0.0,0.0
scifact,bm25,439,0.1,1.0,0.5,0.6309297535714575,0.5,0.0,1.0,1.0,1.0,1.0,1.0,1.0
scifact,bm25,440,0.1,1.0,0.5,0.6309297535714575,0.5,0.0,1.0,1.0,1.0,1.0,1.0,1.0
scifact,bm25,443,0.1,1.0,1.0,1.0,1.0,1.0,1.0,1.0,1.0,1.0,1.0,1.0
scifact,bm25,452,0.1,1.0,0.16666666666666666,0.21840743681816419,0.08333333333333333,0.0,0.0,0.0,0.5,0.5,0.5,0.5
scifact,bm25,475,0.0,0.0,0.0,0.0,0.08333333333333333,0.0,0.0,0.0,0.0,1.0,1.0,1.0
scifact,bm25,478,0.1,1.0,0.5,0.6309297535714575,0.5,0.0,1.0,1.0,1.0,1.0,1.0,1.0
scifact,bm25,48,0.1,1.0,0.5,0.6309297535714575,0.5,0.0,1.0,1.0,1.0,1.0,1.0,1.0
scifact,bm25,49,0.1,1.0,1.0,1.0,1.0,1.0,1.0,1.0,1.0,1.0,1.0,1.0
scifact,bm25,491,0.1,1.0,1.0,1.0,1.0,1.0,1.0,1.0,1.0,1.0,1.0,1.0
scifact,bm25,5,0.1,1.0,1.0,1.0,1.0,1.0,1.0,1.0,1.0,1.0,1.0,1.0
scifact,bm25,50,0.1,1.0,1.0,1.0,1.0,1.0,1.0,1.0,1.0,1.0,1.0,1.0
scifact,bm25,501,0.1,1.0,1.0,1.0,1.0,1.0,1.0,1.0,1.0,1.0,1.0,1.0
scifact,bm25,502,0.0,0.0,0.0,0.0,0.0,0.0,0.0,0.0,0.0,0.0,0.0,0.0
scifact,bm25,507,0.1,1.0,1.0,1.0,1.0,1.0,1.0,1.0,1.0,1.0,1.0,1.0
scifact,bm25,508,0.0,0.0,0.0,0.0,0.02040816326530612,0.0,0.0,0.0,0.0,0.0,1.0,1.0
scifact,bm25,51,0.1,1.0,1.0,1.0,1.0,1.0,1.0,1.0,1.0,1.0,1.0,1.0
scifact,bm25,513,0.1,1.0,1.0,1.0,1.0,1.0,1.0,1.0,1.0,1.0,1.0,1.0
scifact,bm25,514,0.0,0.0,0.0,0.0,0.07692307692307693,0.0,0.0,0.0,0.0,1.0,1.0,1.0
scifact,bm25,516,0.1,1.0,1.0,1.0,1.0,1.0,1.0,1.0,1.0,1.0,1.0,1.0
scifact,bm25,517,0.0,0.0,0.0,0.0,0.04,0.0,0.0,0.0,0.0,0.0,1.0,1.0
scifact,bm25,521,0.1,1.0,1.0,1.0,1.0,1.0,1.0,1.0,1.0,1.0,1.0,1.0
scifact,bm25,525,0.1,1.0,1.0,1.0,1.0,1.0,1.0,1.0,1.0,1.0,1.0,1.0
scifact,bm25,527,0.1,1.0,0.5,0.6309297535714575,0.5,0.0,1.0,1.0,1.0,1.0,1.0,1.0
scifact,bm25,528,0.1,1.0,1.0,1.0,1.0,1.0,1.0,1.0,1.0,1.0,1.0,1.0
scifact,bm25,53,0.1,1.0,1.0,1.0,1.0,1.0,1.0,1.0,1.0,1.0,1.0,1.0
scifact,bm25,532,0.1,1.0,1.0,1.0,1.0,1.0,1.0,1.0,1.0,1.0,1.0,1.0
scifact,bm25,533,0.1,1.0,1.0,1.0,1.0,1.0,1.0,1.0,1.0,1.0,1.0,1.0
scifact,bm25,535,0.0,0.0,0.0,0.0,0.0,0.0,0.0,0.0,0.0,0.0,0.0,0.0
scifact,bm25,536,0.1,1.0,1.0,1.0,1.0,1.0,1.0,1.0,1.0,1.0,1.0,1.0
scifact,bm25,539,0.1,1.0,1.0,1.0,1.0,1.0,1.0,1.0,1.0,1.0,1.0,1.0
scifact,bm25,54,0.1,1.0,0.125,0.31546487678572877,0.125,0.0,0.0,0.0,1.0,1.0,1.0,1.0
scifact,bm25,540,0.1,1.0,0.16666666666666666,0.21840743681816419,0.10460992907801418,0.0,0.0,0.0,0.5,0.5,1.0,1.0
scifact,bm25,544,0.0,0.0,0.0,0.0,0.038461538461538464,0.0,0.0,0.0,0.0,0.0,1.0,1.0
scifact,bm25,549,0.1,1.0,1.0,1.0,1.0,1.0,1.0,1.0,1.0,1.0,1.0,1.0
scifact,bm25,551,0.1,1.0,0.16666666666666666,0.3562071871080222,0.16666666666666666,0.0,0.0,0.0,1.0,1.0,1.0,1.0
scifact,bm25,552,0.1,1.0,1.0,1.0,1.0,1.0,1.0,1.0,1.0,1.0,1.0,1.0
scifact,bm25,554,0.1,1.0,0.14285714285714285,0.3333333333333333,0.14285714285714285,0.0,0.0,0.0,1.0,1.0,1.0,1.0
scifact,bm25,56,0.1,1.0,1.0,1.0,1.0,1.0,1.0,1.0,1.0,1.0,1.0,1.0
scifact,bm25,560,0.0,0.0,0.0,0.0,0.0,0.0,0.0,0.0,0.0,0.0,0.0,0.0
scifact,bm25,569,0.1,1.0,1.0,1.0,1.0,1.0,1.0,1.0,1.0,1.0,1.0,1.0
scifact,bm25,57,0.1,1.0,1.0,1.0,1.0,1.0,1.0,1.0,1.0,1.0,1.0,1.0
scifact,bm25,575,0.0,0.0,0.0,0.0,0.06666666666666667,0.0,0.0,0.0,0.0,1.0,1.0,1.0
scifact,bm25,577,0.0,0.0,0.0,0.0,0.0,0.0,0.0,0.0,0.0,0.0,0.0,0.0
scifact,bm25,578,0.1,1.0,1.0,1.0,1.0,1.0,1.0,1.0,1.0,1.0,1.0,1.0
scifact,bm25,587,0.1,1.0,0.16666666666666666,0.3562071871080222,0.16666666666666666,0.0,0.0,0.0,1.0,1.0,1.0,1.0
scifact,bm25,589,0.1,1.0,1.0,1.0,1.0,1.0,1.0,1.0,1.0,1.0,1.0,1.0
scifact,bm25,593,0.1,1.0,1.0,1.0,1.0,1.0,1.0,1.0,1.0,1.0,1.0,1.0
scifact,bm25,597,0.3,1.0,1.0,0.9325210919548239,0.8333333333333334,0.3333333333333333,0.6666666666666666,0.6666666666666666,1.0,1.0,1.0,1.0
scifact,bm25,598,0.1,1.0,0.16666666666666666,0.3562071871080222,0.16666666666666666,0.0,0.0,0.0,1.0,1.0,1.0,1.0
scifact,bm25,613,0.1,1.0,1.0,1.0,1.0,1.0,1.0,1.0,1.0,1.0,1.0,1.0
scifact,bm25,619,0.1,1.0,0.16666666666666666,0.21840743681816419,0.08333333333333333,0.0,0.0,0.0,0.5,0.5,0.5,0.5
scifact,bm25,623,0.1,1.0,0.1,0.2890648263178879,0.1,0.0,0.0,0.0,1.0,1.0,1.0,1.0
scifact,bm25,628,0.1,1.0,0.2,0.38685280723454163,0.2,0.0,0.0,1.0,1.0,1.0,1.0,1.0
scifact,bm25,636,0.1,1.0,0.3333333333333333,0.5,0.3333333333333333,0.0,1.0,1.0,1.0,1.0,1.0,1.0
scifact,bm25,637,0.1,1.0,0.16666666666666666,0.3562071871080222,0.16666666666666666,0.0,0.0,0.0,1.0,1.0,1.0,1.0
scifact,bm25,641,0.1,1.0,1.0,0.6131471927654584,0.5588235294117647,0.5,0.5,0.5,0.5,1.0,1.0,1.0
scifact,bm25,644,0.1,1.0,0.5,0.6309297535714575,0.5,0.0,1.0,1.0,1.0,1.0,1.0,1.0
scifact,bm25,649,0.1,1.0,1.0,1.0,1.0,1.0,1.0,1.0,1.0,1.0,1.0,1.0
scifact,bm25,659,0.1,1.0,1.0,1.0,1.0,1.0,1.0,1.0,1.0,1.0,1.0,1.0
scifact,bm25,660,0.1,1.0,1.0,1.0,1.0,1.0,1.0,1.0,1.0,1.0,1.0,1.0
scifact,bm25,674,0.1,1.0,1.0,1.0,1.0,1.0,1.0,1.0,1.0,1.0,1.0,1.0
scifact,bm25,684,0.1,1.0,1.0,1.0,1.0,1.0,1.0,1.0,1.0,1.0,1.0,1.0
scifact,bm25,690,0.0,0.0,0.0,0.0,0.09090909090909091,0.0,0.0,0.0,0.0,1.0,1.0,1.0
scifact,bm25,691,0.1,1.0,1.0,1.0,1.0,1.0,1.0,1.0,1.0,1.0,1.0,1.0
scifact,bm25,692,0.1,1.0,1.0,1.0,1.0,1.0,1.0,1.0,1.0,1.0,1.0,1.0
scifact,bm25,693,0.1,1.0,1.0,1.0,1.0,1.0,1.0,1.0,1.0,1.0,1.0,1.0
scifact,bm25,70,0.2,1.0,1.0,1.0,1.0,0.5,1.0,1.0,1.0,1.0,1.0,1.0
scifact,bm25,700,0.1,1.0,0.5,0.6309297535714575,0.5,0.0,1.0,1.0,1.0,1.0,1.0,1.0
scifact,bm25,702,0.1,1.0,0.3333333333333333,0.5,0.3333333333333333,0.0,1.0,1.0,1.0,1.0,1.0,1.0
scifact,bm25,715,0.0,0.0,0.0,0.0,0.027777777777777776,0.0,0.0,0.0,0.0,0.0,1.0,1.0
scifact,bm25,716,0.0,0.0,0.0,0.0,0.0,0.0,0.0,0.0,0.0,0.0,0.0,0.0
scifact,bm25,718,0.1,1.0,1.0,1.0,1.0,1.0,1.0,1.0,1.0,1.0,1.0,1.0
scifact,bm25,72,0.1,1.0,0.1,0.2890648263178879,0.1,0.0,0.0,0.0,1.0,1.0,1.0,1.0
scifact,bm25,721,0.1,1.0,1.0,1.0,1.0,1.0,1.0,1.0,1.0,1.0,1.0,1.0
scifact,bm25,723,0.1,1.0,1.0,1.0,1.0,1.0,1.0,1.0,1.0,1.0,1.0,1.0
scifact,bm25,727,0.1,1.0,0.5,0.6309297535714575,0.5,0.0,1.0,1.0,1.0,1.0,1.0,1.0
scifact,bm25,728,0.2,1.0,0.5,0.6052602440527057,0.41666666666666663,0.0,0.5,0.5,1.0,1.0,1.0,1.0
scifact,bm25,729,0.1,1.0,0.5,0.6309297535714575,0.5,0.0,1.0,1.0,1.0,1.0,1.0,1.0
scifact,bm25,742,0.1,1.0,1.0,1.0,1.0,1.0,1.0,1.0,1.0,1.0,1.0,1.0
scifact,bm25,743,0.1,1.0,1.0,1.0,1.0,1.0,1.0,1.0,1.0,1.0,1.0,1.0
scifact,bm25,744,0.1,1.0,0.5,0.6309297535714575,0.5,0.0,1.0,1.0,1.0,1.0,1.0,1.0
scifact,bm25,75,0.1,1.0,1.0,1.0,1.0,1.0,1.0,1.0,1.0,1.0,1.0,1.0
scifact,bm25,756,0.1,1.0,0.1,0.2890648263178879,0.1,0.0,0.0,0.0,1.0,1.0,1.0,1.0
scifact,bm25,759,0.1,1.0,1.0,1.0,1.0,1.0,1.0,1.0,1.0,1.0,1.0,1.0
scifact,bm25,768,0.1,1.0,0.25,0.43067655807339306,0.25,0.0,0.0,1.0,1.0,1.0,1.0,1.0
scifact,bm25,770,0.1,1.0,1.0,1.0,1.0,1.0,1.0,1.0,1.0,1.0,1.0,1.0
scifact,bm25,775,0.0,0.0,0.0,0.0,0.0,0.0,0.0,0.0,0.0,0.0,0.0,0.0
scifact,bm25,781,0.1,1.0,0.5,0.6309297535714575,0.5,0.0,1.0,1.0,1.0,1.0,1.0,1.0
scifact,bm25,783,0.0,0.0,0.0,0.0,0.043478260869565216,0.0,0.0,0.0,0.0,0.0,1.0,1.0
scifact,bm25,784,0.1,1.0,0.3333333333333333,0.5,0.3333333333333333,0.0,1.0,1.0,1.0,1.0,1.0,1.0
scifact,bm25,785,0.1,1.0,0.5,0.6309297535714575,0.5,0.0,1.0,1.0,1.0,1.0,1.0,1.0
scifact,bm25,793,0.1,1.0,1.0,1.0,1.0,1.0,1.0,1.0,1.0,1.0,1.0,1.0
scifact,bm25,800,0.0,0.0,0.0,0.0,0.0,0.0,0.0,0.0,0.0,0.0,0.0,0.0
scifact,bm25,805,0.1,1.0,1.0,1.0,1.0,1.0,1.0,1.0,1.0,1.0,1.0,1.0
scifact,bm25,808,0.1,1.0,1.0,1.0,1.0,1.0,1.0,1.0,1.0,1.0,1.0,1.0
scifact,bm25,811,0.1,1.0,1.0,1.0,1.0,1.0,1.0,1.0,1.0,1.0,1.0,1.0
scifact,bm25,814,0.1,1.0,1.0,1.0,1.0,1.0,1.0,1.0,1.0,1.0,1.0,1.0
scifact,bm25,820,0.0,0.0,0.0,0.0,0.0,0.0,0.0,0.0,0.0,0.0,0.0,0.0
scifact,bm25,821,0.0,0.0,0.0,0.0,0.0,0.0,0.0,0.0,0.0,0.0,0.0,0.0
scifact,bm25,823,0.1,1.0,1.0,1.0,1.0,1.0,1.0,1.0,1.0,1.0,1.0,1.0
scifact,bm25,830,0.1,1.0,0.2,0.38685280723454163,0.2,0.0,0.0,1.0,1.0,1.0,1.0,1.0
scifact,bm25,831,0.0,0.0,0.0,0.0,0.08333333333333333,0.0,0.0,0.0,0.0,1.0,1.0,1.0
scifact,bm25,832,0.1,1.0,1.0,1.0,1.0,1.0,1.0,1.0,1.0,1.0,1.0,1.0
scifact,bm25,834,0.0,0.0,0.0,0.0,0.03225806451612903,0.0,0.0,0.0,0.0,0.0,1.0,1.0
scifact,bm25,837,0.1,1.0,1.0,1.0,1.0,1.0,1.0,1.0,1.0,1.0,1.0,1.0
scifact,bm25,839,0.1,1.0,1.0,1.0,1.0,1.0,1.0,1.0,1.0,1.0,1.0,1.0
scifact,bm25,845,0.1,1.0,1.0,1.0,1.0,1.0,1.0,1.0,1.0,1.0,1.0,1.0
scifact,bm25,847,0.1,1.0,1.0,1.0,1.0,1.0,1.0,1.0,1.0,1.0,1.0,1.0
scifact,bm25,852,0.1,1.0,1.0,1.0,1.0,1.0,1.0,1.0,1.0,1.0,1.0,1.0
scifact,bm25,859,0.1,1.0,0.5,0.6309297535714575,0.5,0.0,1.0,1.0,1.0,1.0,1.0,1.0
scifact,bm25,870,0.0,0.0,0.0,0.0,0.0,0.0,0.0,0.0,0.0,0.0,0.0,0.0
scifact,bm25,873,0.0,0.0,0.0,0.0,0.04689247147301702,0.0,0.0,0.0,0.0,0.2,0.4,0.8
scifact,bm25,879,0.1,1.0,1.0,1.0,1.0,1.0,1.0,1.0,1.0,1.0,1.0,1.0
scifact,bm25,880,0.1,1.0,1.0,1.0,1.0,1.0,1.0,1.0,1.0,1.0,1.0,1.0
scifact,bm25,882,0.1,1.0,1.0,1.0,1.0,1.0,1.0,1.0,1.0,1.0,1.0,1.0
scifact,bm25,887,0.0,0.0,0.0,0.0,0.0,0.0,0.0,0.0,0.0,0.0,0.0,0.0
scifact,bm25,903,0.1,1.0,1.0,1.0,1.0,1.0,1.0,1.0,1.0,1.0,1.0,1.0
scifact,bm25,904,0.1,1.0,1.0,1.0,1.0,1.0,1.0,1.0,1.0,1.0,1.0,1.0
scifact,bm25,907,0.1,1.0,1.0,1.0,1.0,1.0,1.0,1.0,1.0,1.0,1.0,1.0
scifact,bm25,911,0.1,1.0,1.0,1.0,1.0,1.0,1.0,1.0,1.0,1.0,1.0,1.0
scifact,bm25,913,0.0,0.0,0.0,0.0,0.0,0.0,0.0,0.0,0.0,0.0,0.0,0.0
scifact,bm25,914,0.0,0.0,0.0,0.0,0.0,0.0,0.0,0.0,0.0,0.0,0.0,0.0
scifact,bm25,921,0.1,1.0,0.5,0.6309297535714575,0.5,0.0,1.0,1.0,1.0,1.0,1.0,1.0
scifact,bm25,922,0.1,1.0,1.0,1.0,1.0,1.0,1.0,1.0,1.0,1.0,1.0,1.0
scifact,bm25,936,0.1,1.0,1.0,1.0,1.0,1.0,1.0,1.0,1.0,1.0,1.0,1.0
scifact,bm25,94,0.1,1.0,1.0,1.0,1.0,1.0,1.0,1.0,1.0,1.0,1.0,1.0
scifact,bm25,956,0.1,1.0,0.3333333333333333,0.5,0.3333333333333333,0.0,1.0,1.0,1.0,1.0,1.0,1.0
scifact,bm25,957,0.1,1.0,0.5,0.6309297535714575,0.5,0.0,1.0,1.0,1.0,1.0,1.0,1.0
scifact,bm25,960,0.1,1.0,1.0,1.0,1.0,1.0,1.0,1.0,1.0,1.0,1.0,1.0
scifact,bm25,967,0.2,1.0,1.0,0.9197207891481876,0.8333333333333333,0.5,1.0,1.0,1.0,1.0,1.0,1.0
scifact,bm25,971,0.4,1.0,0.3333333333333333,0.6533933590057491,0.5249999999999999,0.0,0.25,0.75,1.0,1.0,1.0,1.0
scifact,bm25,975,0.0,0.0,0.0,0.0,0.0,0.0,0.0,0.0,0.0,0.0,0.0,0.0
scifact,bm25,982,0.1,1.0,1.0,1.0,1.0,1.0,1.0,1.0,1.0,1.0,1.0,1.0
scifact,bm25,985,0.1,1.0,1.0,1.0,1.0,1.0,1.0,1.0,1.0,1.0,1.0,1.0
scifact,bm25,99,0.1,1.0,1.0,1.0,1.0,1.0,1.0,1.0,1.0,1.0,1.0,1.0
scifact,bm25,993,0.1,1.0,0.5,0.6309297535714575,0.5,0.0,1.0,1.0,1.0,1.0,1.0,1.0
scifact,bi_encoder,1,0.1,1.0,0.2,0.38685280723454163,0.2,0.0,0.0,1.0,1.0,1.0,1.0,1.0
scifact,bi_encoder,100,0.1,1.0,0.3333333333333333,0.5,0.3333333333333333,0.0,1.0,1.0,1.0,1.0,1.0,1.0
scifact,bi_encoder,1012,0.1,1.0,1.0,1.0,1.0,1.0,1.0,1.0,1.0,1.0,1.0,1.0
scifact,bi_encoder,1014,0.1,1.0,1.0,1.0,1.0,1.0,1.0,1.0,1.0,1.0,1.0,1.0
scifact,bi_encoder,1019,0.1,1.0,0.25,0.43067655807339306,0.25,0.0,0.0,1.0,1.0,1.0,1.0,1.0
scifact,bi_encoder,1020,0.1,1.0,0.5,0.6309297535714575,0.5,0.0,1.0,1.0,1.0,1.0,1.0,1.0
scifact,bi_encoder,1021,0.1,1.0,0.5,0.6309297535714575,0.5,0.0,1.0,1.0,1.0,1.0,1.0,1.0
scifact,bi_encoder,1024,0.0,0.0,0.0,0.0,0.02702702702702703,0.0,0.0,0.0,0.0,0.0,1.0,1.0
scifact,bi_encoder,1029,0.3,1.0,1.0,0.9060254355346823,0.8055555555555555,0.3333333333333333,0.6666666666666666,1.0,1.0,1.0,1.0,1.0
scifact,bi_encoder,1041,0.1,1.0,0.1,0.17723928678404774,0.1,0.0,0.0,0.0,0.5,1.0,1.0,1.0
scifact,bi_encoder,1049,0.0,0.0,0.0,0.0,0.043478260869565216,0.0,0.0,0.0,0.0,0.0,1.0,1.0
scifact,bi_encoder,1062,0.1,1.0,0.5,0.6309297535714575,0.5,0.0,1.0,1.0,1.0,1.0,1.0,1.0
scifact,bi_encoder,1086,0.1,1.0,1.0,1.0,1.0,1.0,1.0,1.0,1.0,1.0,1.0,1.0
scifact,bi_encoder,1088,0.1,1.0,1.0,1.0,1.0,1.0,1.0,1.0,1.0,1.0,1.0,1.0
scifact,bi_encoder,1089,0.1,1.0,1.0,1.0,1.0,1.0,1.0,1.0,1.0,1.0,1.0,1.0
scifact,bi_encoder,1099,0.1,1.0,0.25,0.43067655807339306,0.25,0.0,0.0,1.0,1.0,1.0,1.0,1.0
scifact,bi_encoder,1100,0.1,1.0,0.2,0.38685280723454163,0.2,0.0,0.0,1.0,1.0,1.0,1.0,1.0
scifact,bi_encoder,1104,0.1,1.0,1.0,1.0,1.0,1.0,1.0,1.0,1.0,1.0,1.0,1.0
scifact,bi_encoder,1107,0.1,1.0,0.3333333333333333,0.5,0.3333333333333333,0.0,1.0,1.0,1.0,1.0,1.0,1.0
scifact,bi_encoder,1110,0.0,0.0,0.0,0.0,0.0,0.0,0.0,0.0,0.0,0.0,0.0,0.0
scifact,bi_encoder,1121,0.1,1.0,1.0,1.0,1.0,1.0,1.0,1.0,1.0,1.0,1.0,1.0
scifact,bi_encoder,113,0.1,1.0,1.0,1.0,1.0,1.0,1.0,1.0,1.0,1.0,1.0,1.0
scifact,bi_encoder,1130,0.1,1.0,1.0,1.0,1.0,1.0,1.0,1.0,1.0,1.0,1.0,1.0
scifact,bi_encoder,1132,0.1,1.0,0.2,0.23719771276929622,0.1144927536231884,0.0,0.0,0.5,0.5,0.5,0.5,1.0
scifact,bi_encoder,1137,0.1,1.0,1.0,1.0,1.0,1.0,1.0,1.0,1.0,1.0,1.0,1.0
scifact,bi_encoder,1140,0.1,1.0,1.0,1.0,1.0,1.0,1.0,1.0,1.0,1.0,1.0,1.0
scifact,bi_encoder,1144,0.1,1.0,1.0,1.0,1.0,1.0,1.0,1.0,1.0,1.0,1.0,1.0
scifact,bi_encoder,1146,0.1,1.0,1.0,1.0,1.0,1.0,1.0,1.0,1.0,1.0,1.0,1.0
scifact,bi_encoder,115,0.1,1.0,1.0,1.0,1.0,1.0,1.0,1.0,1.0,1.0,1.0,1.0
scifact,bi_encoder,1150,0.1,1.0,1.0,1.0,1.0,1.0,1.0,1.0,1.0,1.0,1.0,1.0
scifact,bi_encoder,1163,0.1,1.0,1.0,1.0,1.0,1.0,1.0,1.0,1.0,1.0,1.0,1.0
scifact,bi_encoder,1175,0.0,0.0,0.0,0.0,0.0,0.0,0.0,0.0,0.0,0.0,0.0,0.0
scifact,bi_encoder,1179,0.0,0.0,0.0,0.0,0.0,0.0,0.0,0.0,0.0,0.0,0.0,0.0
scifact,bi_encoder,118,0.1,1.0,0.5,0.6309297535714575,0.5,0.0,1.0,1.0,1.0,1.0,1.0,1.0
scifact,bi_encoder,1180,0.0,0.0,0.0,0.0,0.05,0.0,0.0,0.0,0.0,1.0,1.0,1.0
scifact,bi_encoder,1185,0.1,1.0,0.5,0.6309297535714575,0.5,0.0,1.0,1.0,1.0,1.0,1.0,1.0
scifact,bi_encoder,1187,0.1,1.0,0.5,0.6309297535714575,0.5,0.0,1.0,1.0,1.0,1.0,1.0,1.0
scifact,bi_encoder,1191,0.1,1.0,0.5,0.6309297535714575,0.5,0.0,1.0,1.0,1.0,1.0,1.0,1.0
scifact,bi_encoder,1194,0.1,1.0,1.0,1.0,1.0,1.0,1.0,1.0,1.0,1.0,1.0,1.0
scifact,bi_encoder,1196,0.1,1.0,0.2,0.38685280723454163,0.2,0.0,0.0,1.0,1.0,1.0,1.0,1.0
scifact,bi_encoder,1197,0.1,1.0,0.2,0.38685280723454163,0.2,0.0,0.0,1.0,1.0,1.0,1.0,1.0
scifact,bi_encoder,1199,0.0,0.0,0.0,0.0,0.0,0.0,0.0,0.0,0.0,0.0,0.0,0.0
scifact,bi_encoder,1200,0.0,0.0,0.0,0.0,0.0,0.0,0.0,0.0,0.0,0.0,0.0,0.0
scifact,bi_encoder,1202,0.1,1.0,0.5,0.6309297535714575,0.5,0.0,1.0,1.0,1.0,1.0,1.0,1.0
scifact,bi_encoder,1204,0.1,1.0,1.0,1.0,1.0,1.0,1.0,1.0,1.0,1.0,1.0,1.0
scifact,bi_encoder,1207,0.1,1.0,1.0,1.0,1.0,1.0,1.0,1.0,1.0,1.0,1.0,1.0
scifact,bi_encoder,1213,0.0,0.0,0.0,0.0,0.013333333333333334,0.0,0.0,0.0,0.0,0.0,0.0,1.0
scifact,bi_encoder,1216,0.1,1.0,1.0,1.0,1.0,1.0,1.0,1.0,1.0,1.0,1.0,1.0
scifact,bi_encoder,1221,0.1,1.0,0.125,0.31546487678572877,0.125,0.0,0.0,0.0,1.0,1.0,1.0,1.0
scifact,bi_encoder,1225,0.1,1.0,1.0,1.0,1.0,1.0,1.0,1.0,1.0,1.0,1.0,1.0
scifact,bi_encoder,1226,0.0,0.0,0.0,0.0,0.0,0.0,0.0,0.0,0.0,0.0,0.0,0.0
scifact,bi_encoder,1232,0.1,1.0,1.0,1.0,1.0,1.0,1.0,1.0,1.0,1.0,1.0,1.0
scifact,bi_encoder,124,0.1,1.0,1.0,1.0,1.0,1.0,1.0,1.0,1.0,1.0,1.0,1.0
scifact,bi_encoder,1241,0.1,1.0,0.5,0.6309297535714575,0.5,0.0,1.0,1.0,1.0,1.0,1.0,1.0
scifact,bi_encoder,1245,0.1,1.0,0.1111111111111111,0.3010299956639812,0.1111111111111111,0.0,0.0,0.0,1.0,1.0,1.0,1.0
scifact,bi_encoder,1259,0.1,1.0,0.5,0.6309297535714575,0.5,0.0,1.0,1.0,1.0,1.0,1.0,1.0
scifact,bi_encoder,1262,0.1,1.0,1.0,1.0,1.0,1.0,1.0,1.0,1.0,1.0,1.0,1.0
scifact,bi_encoder,1266,0.1,1.0,0.2,0.38685280723454163,0.2,0.0,0.0,1.0,1.0,1.0,1.0,1.0
scifact,bi_encoder,127,0.1,1.0,1.0,1.0,1.0,1.0,1.0,1.0,1.0,1.0,1.0,1.0
scifact,bi_encoder,1270,0.1,1.0,1.0,1.0,1.0,1.0,1.0,1.0,1.0,1.0,1.0,1.0
scifact,bi_encoder,1271,0.1,1.0,1.0,1.0,1.0,1.0,1.0,1.0,1.0,1.0,1.0,1.0
scifact,bi_encoder,1272,0.0,0.0,0.0,0.0,0.025,0.0,0.0,0.0,0.0,0.0,1.0,1.0
scifact,bi_encoder,1273,0.1,1.0,1.0,1.0,1.0,1.0,1.0,1.0,1.0,1.0,1.0,1.0
scifact,bi_encoder,1274,0.3,1.0,1.0,0.9469024295259745,0.8666666666666667,0.3333333333333333,0.6666666666666666,1.0,1.0,1.0,1.0,1.0
scifact,bi_encoder,1278,0.1,1.0,1.0,1.0,1.0,1.0,1.0,1.0,1.0,1.0,1.0,1.0
scifact,bi_encoder,1279,0.1,1.0,1.0,1.0,1.0,1.0,1.0,1.0,1.0,1.0,1.0,1.0
scifact,bi_encoder,128,0.0,0.0,0.0,0.0,0.0136986301369863,0.0,0.0,0.0,0.0,0.0,0.0,1.0
scifact,bi_encoder,1280,0.0,0.0,0.0,0.0,0.07142857142857142,0.0,0.0,0.0,0.0,1.0,1.0,1.0
scifact,bi_encoder,1281,0.1,1.0,0.1111111111111111,0.3010299956639812,0.1111111111111111,0.0,0.0,0.0,1.0,1.0,1.0,1.0
scifact,bi_encoder,1282,0.1,1.0,1.0,1.0,1.0,1.0,1.0,1.0,1.0,1.0,1.0,1.0
scifact,bi_encoder,129,0.1,1.0,1.0,1.0,1.0,1.0,1.0,1.0,1.0,1.0,1.0,1.0
scifact,bi_encoder,1290,0.1,1.0,1.0,1.0,1.0,1.0,1.0,1.0,1.0,1.0,1.0,1.0
scifact,bi_encoder,1292,0.1,1.0,1.0,1.0,1.0,1.0,1.0,1.0,1.0,1.0,1.0,1.0
scifact,bi_encoder,1298,0.1,1.0,1.0,1.0,1.0,1.0,1.0,1.0,1.0,1.0,1.0,1.0
scifact,bi_encoder,13,0.0,0.0,0.0,0.0,0.05263157894736842,0.0,0.0,0.0,0.0,1.0,1.0,1.0
scifact,bi_encoder,130,0.1,1.0,1.0,1.0,1.0,1.0,1.0,1.0,1.0,1.0,1.0,1.0
scifact,bi_encoder,1303,0.1,1.0,1.0,1.0,1.0,1.0,1.0,1.0,1.0,1.0,1.0,1.0
scifact,bi_encoder,1316,0.0,0.0,0.0,0.0,0.02,0.0,0.0,0.0,0.0,0.0,1.0,1.0
scifact,bi_encoder,1319,0.1,1.0,1.0,1.0,1.0,1.0,1.0,1.0,1.0,1.0,1.0,1.0
scifact,bi_encoder,132,0.0,0.0,0.0,0.0,0.0,0.0,0.0,0.0,0.0,0.0,0.0,0.0
scifact,bi_encoder,1320,0.1,1.0,1.0,1.0,1.0,1.0,1.0,1.0,1.0,1.0,1.0,1.0
scifact,bi_encoder,133,0.3,1.0,1.0,0.639945385422766,0.5379166666666666,0.2,0.4,0.6,0.6,0.8,1.0,1.0
scifact,bi_encoder,1332,0.0,0.0,0.0,0.0,0.0,0.0,0.0,0.0,0.0,0.0,0.0,0.0
scifact,bi_encoder,1335,0.1,1.0,1.0,1.0,1.0,1.0,1.0,1.0,1.0,1.0,1.0,1.0
scifact,bi_encoder,1336,0.1,1.0,1.0,1.0,1.0,1.0,1.0,1.0,1.0,1.0,1.0,1.0
scifact,bi_encoder,1337,0.1,1.0,0.1,0.2890648263178879,0.1,0.0,0.0,0.0,1.0,1.0,1.0,1.0
scifact,bi_encoder,1339,0.1,1.0,1.0,1.0,1.0,1.0,1.0,1.0,1.0,1.0,1.0,1.0
scifact,bi_encoder,1344,0.1,1.0,0.5,0.6309297535714575,0.5,0.0,1.0,1.0,1.0,1.0,1.0,1.0
scifact,bi_encoder,1352,0.1,1.0,1.0,1.0,1.0,1.0,1.0,1.0,1.0,1.0,1.0,1.0
scifact,bi_encoder,1359,0.1,1.0,1.0,1.0,1.0,1.0,1.0,1.0,1.0,1.0,1.0,1.0
scifact,bi_encoder,1362,0.0,0.0,0.0,0.0,0.011904761904761904,0.0,0.0,0.0,0.0,0.0,0.0,1.0
scifact,bi_encoder,1363,0.0,0.0,0.0,0.0,0.01639344262295082,0.0,0.0,0.0,0.0,0.0,0.0,1.0
scifact,bi_encoder,1368,0.0,0.0,0.0,0.0,0.07692307692307693,0.0,0.0,0.0,0.0,1.0,1.0,1.0
scifact,bi_encoder,137,0.1,1.0,1.0,1.0,1.0,1.0,1.0,1.0,1.0,1.0,1.0,1.0
scifact,bi_encoder,1370,0.1,1.0,0.3333333333333333,0.5,0.3333333333333333,0.0,1.0,1.0,1.0,1.0,1.0,1.0
scifact,bi_encoder,1379,0.4,1.0,1.0,0.9558295932317544,0.8875,0.25,0.5,1.0,1.0,1.0,1.0,1.0
scifact,bi_encoder,1382,0.1,1.0,1.0,1.0,1.0,1.0,1.0,1.0,1.0,1.0,1.0,1.0
scifact,bi_encoder,1385,0.1,1.0,0.5,0.6309297535714575,0.5,0.0,1.0,1.0,1.0,1.0,1.0,1.0
scifact,bi_encoder,1389,0.1,1.0,1.0,1.0,1.0,1.0,1.0,1.0,1.0,1.0,1.0,1.0
scifact,bi_encoder,1395,0.1,1.0,0.3333333333333333,0.5,0.3333333333333333,0.0,1.0,1.0,1.0,1.0,1.0,1.0
scifact,bi_encoder,141,0.2,1.0,1.0,0.9197207891481876,0.8333333333333333,0.5,1.0,1.0,1.0,1.0,1.0,1.0
scifact,bi_encoder,142,0.1,1.0,1.0,1.0,1.0,1.0,1.0,1.0,1.0,1.0,1.0,1.0
scifact,bi_encoder,143,0.1,1.0,1.0,1.0,1.0,1.0,1.0,1.0,1.0,1.0,1.0,1.0
scifact,bi_encoder,146,0.1,1.0,1.0,1.0,1.0,1.0,1.0,1.0,1.0,1.0,1.0,1.0
scifact,bi_encoder,148,0.1,1.0,0.5,0.6309297535714575,0.5,0.0,1.0,1.0,1.0,1.0,1.0,1.0
scifact,bi_encoder,163,0.1,1.0,1.0,1.0,1.0,1.0,1.0,1.0,1.0,1.0,1.0,1.0
scifact,bi_encoder,171,0.1,1.0,1.0,1.0,1.0,1.0,1.0,1.0,1.0,1.0,1.0,1.0
scifact,bi_encoder,179,0.4,1.0,1.0,0.9558295932317544,0.8875,0.25,0.5,1.0,1.0,1.0,1.0,1.0
scifact,bi_encoder,180,0.1,1.0,1.0,1.0,1.0,1.0,1.0,1.0,1.0,1.0,1.0,1.0
scifact,bi_encoder,183,0.1,1.0,0.5,0.6309297535714575,0.5,0.0,1.0,1.0,1.0,1.0,1.0,1.0
scifact,bi_encoder,185,0.1,1.0,1.0,1.0,1.0,1.0,1.0,1.0,1.0,1.0,1.0,1.0
scifact,bi_encoder,198,0.0,0.0,0.0,0.0,0.011363636363636364,0.0,0.0,0.0,0.0,0.0,0.0,1.0
scifact,bi_encoder,208,0.1,1.0,0.3333333333333333,0.5,0.3333333333333333,0.0,1.0,1.0,1.0,1.0,1.0,1.0
scifact,bi_encoder,212,0.1,1.0,0.16666666666666666,0.3562071871080222,0.16666666666666666,0.0,0.0,0.0,1.0,1.0,1.0,1.0
scifact,bi_encoder,213,0.1,1.0,0.2,0.38685280723454163,0.2,0.0,0.0,1.0,1.0,1.0,1.0,1.0
scifact,bi_encoder,216,0.1,1.0,1.0,1.0,1.0,1.0,1.0,1.0,1.0,1.0,1.0,1.0
scifact,bi_encoder,217,0.1,1.0,1.0,1.0,1.0,1.0,1.0,1.0,1.0,1.0,1.0,1.0
scifact,bi_encoder,218,0.1,1.0,1.0,1.0,1.0,1.0,1.0,1.0,1.0,1.0,1.0,1.0
scifact,bi_encoder,219,0.1,1.0,1.0,1.0,1.0,1.0,1.0,1.0,1.0,1.0,1.0,1.0
scifact,bi_encoder,230,0.1,1.0,1.0,1.0,1.0,1.0,1.0,1.0,1.0,1.0,1.0,1.0
scifact,bi_encoder,232,0.1,1.0,1.0,1.0,1.0,1.0,1.0,1.0,1.0,1.0,1.0,1.0
scifact,bi_encoder,233,0.1,1.0,1.0,1.0,1.0,1.0,1.0,1.0,1.0,1.0,1.0,1.0
scifact,bi_encoder,236,0.1,1.0,1.0,1.0,1.0,1.0,1.0,1.0,1.0,1.0,1.0,1.0
scifact,bi_encoder,237,0.1,1.0,1.0,1.0,1.0,1.0,1.0,1.0,1.0,1.0,1.0,1.0
scifact,bi_encoder,238,0.1,1.0,0.5,0.6309297535714575,0.5,0.0,1.0,1.0,1.0,1.0,1.0,1.0
scifact,bi_encoder,239,0.0,0.0,0.0,0.0,0.043478260869565216,0.0,0.0,0.0,0.0,0.0,1.0,1.0
scifact,bi_encoder,248,0.1,1.0,0.3333333333333333,0.5,0.3333333333333333,0.0,1.0,1.0,1.0,1.0,1.0,1.0
scifact,bi_encoder,249,0.1,1.0,0.3333333333333333,0.5,0.3333333333333333,0.0,1.0,1.0,1.0,1.0,1.0,1.0
scifact,bi_encoder,261,0.1,1.0,0.14285714285714285,0.20438239758848611,0.16233766233766234,0.0,0.0,0.0,0.5,1.0,1.0,1.0
scifact,bi_encoder,268,0.1,1.0,1.0,1.0,1.0,1.0,1.0,1.0,1.0,1.0,1.0,1.0
scifact,bi_encoder,269,0.1,1.0,1.0,1.0,1.0,1.0,1.0,1.0,1.0,1.0,1.0,1.0
scifact,bi_encoder,274,0.1,1.0,1.0,1.0,1.0,1.0,1.0,1.0,1.0,1.0,1.0,1.0
scifact,bi_encoder,275,0.3,1.0,0.5,0.7122630665145961,0.5888888888888889,0.0,0.6666666666666666,1.0,1.0,1.0,1.0,1.0
scifact,bi_encoder,279,0.1,1.0,1.0,1.0,1.0,1.0,1.0,1.0,1.0,1.0,1.0,1.0
scifact,bi_encoder,294,0.0,0.0,0.0,0.0,0.09090909090909091,0.0,0.0,0.0,0.0,1.0,1.0,1.0
scifact,bi_encoder,295,0.1,1.0,0.3333333333333333,0.5,0.3333333333333333,0.0,1.0,1.0,1.0,1.0,1.0,1.0
scifact,bi_encoder,298,0.1,1.0,1.0,1.0,1.0,1.0,1.0,1.0,1.0,1.0,1.0,1.0
scifact,bi_encoder,3,0.1,1.0,0.3333333333333333,0.5,0.3333333333333333,0.0,1.0,1.0,1.0,1.0,1.0,1.0
scifact,bi_encoder,300,0.1,1.0,0.25,0.43067655807339306,0.25,0.0,0.0,1.0,1.0,1.0,1.0,1.0
scifact,bi_encoder,303,0.0,0.0,0.0,0.0,0.0,0.0,0.0,0.0,0.0,0.0,0.0,0.0
scifact,bi_encoder,312,0.0,0.0,0.0,0.0,0.0,0.0,0.0,0.0,0.0,0.0,0.0,0.0
scifact,bi_encoder,314,0.0,0.0,0.0,0.0,0.015151515151515152,0.0,0.0,0.0,0.0,0.0,0.0,1.0
scifact,bi_encoder,324,0.1,1.0,0.5,0.6309297535714575,0.5,0.0,1.0,1.0,1.0,1.0,1.0,1.0
scifact,bi_encoder,327,0.1,1.0,1.0,1.0,1.0,1.0,1.0,1.0,1.0,1.0,1.0,1.0
scifact,bi_encoder,338,0.1,1.0,0.5,0.6309297535714575,0.5,0.0,1.0,1.0,1.0,1.0,1.0,1.0
scifact,bi_encoder,343,0.2,1.0,1.0,0.8315546295836225,0.6666666666666666,0.5,0.5,0.5,1.0,1.0,1.0,1.0
scifact,bi_encoder,350,0.1,1.0,1.0,1.0,1.0,1.0,1.0,1.0,1.0,1.0,1.0,1.0
scifact,bi_encoder,354,0.1,1.0,1.0,1.0,1.0,1.0,1.0,1.0,1.0,1.0,1.0,1.0
scifact,bi_encoder,36,0.2,1.0,0.25,0.448643819352159,0.2361111111111111,0.0,0.0,0.5,1.0,1.0,1.0,1.0
scifact,bi_encoder,362,0.1,1.0,1.0,1.0,1.0,1.0,1.0,1.0,1.0,1.0,1.0,1.0
scifact,bi_encoder,380,0.1,1.0,1.0,1.0,1.0,1.0,1.0,1.0,1.0,1.0,1.0,1.0
scifact,bi_encoder,384,0.0,0.0,0.0,0.0,0.03225806451612903,0.0,0.0,0.0,0.0,0.0,1.0,1.0
scifact,bi_encoder,385,0.2,1.0,0.5,0.6934264036172708,0.5833333333333333,0.0,1.0,1.0,1.0,1.0,1.0,1.0
scifact,bi_encoder,386,0.1,1.0,1.0,1.0,1.0,1.0,1.0,1.0,1.0,1.0,1.0,1.0
scifact,bi_encoder,388,0.1,1.0,1.0,1.0,1.0,1.0,1.0,1.0,1.0,1.0,1.0,1.0
scifact,bi_encoder,399,0.1,1.0,1.0,1.0,1.0,1.0,1.0,1.0,1.0,1.0,1.0,1.0
scifact,bi_encoder,410,0.1,1.0,1.0,1.0,1.0,1.0,1.0,1.0,1.0,1.0,1.0,1.0
scifact,bi_encoder,411,0.1,1.0,1.0,1.0,1.0,1.0,1.0,1.0,1.0,1.0,1.0,1.0
scifact,bi_encoder,415,0.0,0.0,0.0,0.0,0.08333333333333333,0.0,0.0,0.0,0.0,1.0,1.0,1.0
scifact,bi_encoder,42,0.1,1.0,0.5,0.6309297535714575,0.5,0.0,1.0,1.0,1.0,1.0,1.0,1.0
scifact,bi_encoder,421,0.0,0.0,0.0,0.0,0.0,0.0,0.0,0.0,0.0,0.0,0.0,0.0
scifact,bi_encoder,431,0.0,0.0,0.0,0.0,0.07142857142857142,0.0,0.0,0.0,0.0,1.0,1.0,1.0
scifact,bi_encoder,436,0.1,1.0,1.0,1.0,1.0,1.0,1.0,1.0,1.0,1.0,1.0,1.0
scifact,bi_encoder,437,0.0,0.0,0.0,0.0,0.0,0.0,0.0,0.0,0.0,0.0,0.0,0.0
scifact,bi_encoder,439,0.1,1.0,1.0,1.0,1.0,1.0,1.0,1.0,1.0,1.0,1.0,1.0
scifact,bi_encoder,440,0.1,1.0,1.0,1.0,1.0,1.0,1.0,1.0,1.0,1.0,1.0,1.0
scifact,bi_encoder,443,0.1,1.0,1.0,1.0,1.0,1.0,1.0,1.0,1.0,1.0,1.0,1.0
scifact,bi_encoder,452,0.1,1.0,0.1111111111111111,0.18457569677956817,0.06944444444444445,0.0,0.0,0.0,0.5,0.5,0.5,1.0
scifact,bi_encoder,475,0.0,0.0,0.0,0.0,0.05555555555555555,0.0,0.0,0.0,0.0,1.0,1.0,1.0
scifact,bi_encoder,478,0.1,1.0,1.0,1.0,1.0,1.0,1.0,1.0,1.0,1.0,1.0,1.0
scifact,bi_encoder,48,0.0,0.0,0.0,0.0,0.0,0.0,0.0,0.0,0.0,0.0,0.0,0.0
scifact,bi_encoder,49,0.1,1.0,1.0,1.0,1.0,1.0,1.0,1.0,1.0,1.0,1.0,1.0
scifact,bi_encoder,491,0.1,1.0,1.0,1.0,1.0,1.0,1.0,1.0,1.0,1.0,1.0,1.0
scifact,bi_encoder,5,0.1,1.0,0.5,0.6309297535714575,0.5,0.0,1.0,1.0,1.0,1.0,1.0,1.0
scifact,bi_encoder,50,0.1,1.0,1.0,1.0,1.0,1.0,1.0,1.0,1.0,1.0,1.0,1.0
scifact,bi_encoder,501,0.1,1.0,1.0,1.0,1.0,1.0,1.0,1.0,1.0,1.0,1.0,1.0
scifact,bi_encoder,502,0.0,0.0,0.0,0.0,0.0,0.0,0.0,0.0,0.0,0.0,0.0,0.0
scifact,bi_encoder,507,0.1,1.0,0.5,0.6309297535714575,0.5,0.0,1.0,1.0,1.0,1.0,1.0,1.0
scifact,bi_encoder,508,0.0,0.0,0.0,0.0,0.07692307692307693,0.0,0.0,0.0,0.0,1.0,1.0,1.0
scifact,bi_encoder,51,0.1,1.0,1.0,1.0,1.0,1.0,1.0,1.0,1.0,1.0,1.0,1.0
scifact,bi_encoder,513,0.1,1.0,0.5,0.6309297535714575,0.5,0.0,1.0,1.0,1.0,1.0,1.0,1.0
scifact,bi_encoder,514,0.1,1.0,1.0,1.0,1.0,1.0,1.0,1.0,1.0,1.0,1.0,1.0
scifact,bi_encoder,516,0.1,1.0,1.0,1.0,1.0,1.0,1.0,1.0,1.0,1.0,1.0,1.0
scifact,bi_encoder,517,0.0,0.0,0.0,0.0,0.011235955056179775,0.0,0.0,0.0,0.0,0.0,0.0,1.0
scifact,bi_encoder,521,0.1,1.0,1.0,1.0,1.0,1.0,1.0,1.0,1.0,1.0,1.0,1.0
scifact,bi_encoder,525,0.1,1.0,1.0,1.0,1.0,1.0,1.0,1.0,1.0,1.0,1.0,1.0
scifact,bi_encoder,527,0.0,0.0,0.0,0.0,0.06666666666666667,0.0,0.0,0.0,0.0,1.0,1.0,1.0
scifact,bi_encoder,528,0.1,1.0,1.0,1.0,1.0,1.0,1.0,1.0,1.0,1.0,1.0,1.0
scifact,bi_encoder,53,0.1,1.0,1.0,1.0,1.0,1.0,1.0,1.0,1.0,1.0,1.0,1.0
scifact,bi_encoder,532,0.1,1.0,1.0,1.0,1.0,1.0,1.0,1.0,1.0,1.0,1.0,1.0
scifact,bi_encoder,533,0.1,1.0,1.0,1.0,1.0,1.0,1.0,1.0,1.0,1.0,1.0,1.0
scifact,bi_encoder,535,0.1,1.0,0.25,0.43067655807339306,0.25,0.0,0.0,1.0,1.0,1.0,1.0,1.0
scifact,bi_encoder,536,0.1,1.0,1.0,1.0,1.0,1.0,1.0,1.0,1.0,1.0,1.0,1.0
scifact,bi_encoder,539,0.1,1.0,1.0,1.0,1.0,1.0,1.0,1.0,1.0,1.0,1.0,1.0
scifact,bi_encoder,54,0.1,1.0,1.0,1.0,1.0,1.0,1.0,1.0,1.0,1.0,1.0,1.0
scifact,bi_encoder,540,0.1,1.0,0.25,0.2640681225725909,0.13908450704225353,0.0,0.0,0.5,0.5,0.5,0.5,1.0
scifact,bi_encoder,544,0.0,0.0,0.0,0.0,0.09090909090909091,0.0,0.0,0.0,0.0,1.0,1.0,1.0
scifact,bi_encoder,549,0.1,1.0,1.0,1.0,1.0,1.0,1.0,1.0,1.0,1.0,1.0,1.0
scifact,bi_encoder,551,0.1,1.0,0.5,0.6309297535714575,0.5,0.0,1.0,1.0,1.0,1.0,1.0,1.0
scifact,bi_encoder,552,0.1,1.0,1.0,1.0,1.0,1.0,1.0,1.0,1.0,1.0,1.0,1.0
scifact,bi_encoder,554,0.1,1.0,0.1,0.2890648263178879,0.1,0.0,0.0,0.0,1.0,1.0,1.0,1.0
scifact,bi_encoder,56,0.1,1.0,1.0,1.0,1.0,1.0,1.0,1.0,1.0,1.0,1.0,1.0
scifact,bi_encoder,560,0.0,0.0,0.0,0.0,0.011627906976744186,0.0,0.0,0.0,0.0,0.0,0.0,1.0
scifact,bi_encoder,569,0.1,1.0,0.25,0.43067655807339306,0.25,0.0,0.0,1.0,1.0,1.0,1.0,1.0
scifact,bi_encoder,57,0.1,1.0,1.0,1.0,1.0,1.0,1.0,1.0,1.0,1.0,1.0,1.0
scifact,bi_encoder,575,0.1,1.0,0.5,0.6309297535714575,0.5,0.0,1.0,1.0,1.0,1.0,1.0,1.0
scifact,bi_encoder,577,0.1,1.0,0.14285714285714285,0.3333333333333333,0.14285714285714285,0.0,0.0,0.0,1.0,1.0,1.0,1.0
scifact,bi_encoder,578,0.1,1.0,1.0,1.0,1.0,1.0,1.0,1.0,1.0,1.0,1.0,1.0
scifact,bi_encoder,587,0.0,0.0,0.0,0.0,0.02564102564102564,0.0,0.0,0.0,0.0,0.0,1.0,1.0
scifact,bi_encoder,589,0.1,1.0,1.0,1.0,1.0,1.0,1.0,1.0,1.0,1.0,1.0,1.0
scifact,bi_encoder,593,0.1,1.0,1.0,1.0,1.0,1.0,1.0,1.0,1.0,1.0,1.0,1.0
scifact,bi_encoder,597,0.3,1.0,0.5,0.6196686079396531,0.42063492063492064,0.0,0.3333333333333333,0.3333333333333333,1.0,1.0,1.0,1.0
scifact,bi_encoder,598,0.1,1.0,0.14285714285714285,0.3333333333333333,0.14285714285714285,0.0,0.0,0.0,1.0,1.0,1.0,1.0
scifact,bi_encoder,613,0.1,1.0,1.0,1.0,1.0,1.0,1.0,1.0,1.0,1.0,1.0,1.0
scifact,bi_encoder,619,0.0,0.0,0.0,0.0,0.038461538461538464,0.0,0.0,0.0,0.0,0.5,0.5,0.5
scifact,bi_encoder,623,0.0,0.0,0.0,0.0,0.0625,0.0,0.0,0.0,0.0,1.0,1.0,1.0
scifact,bi_encoder,628,0.1,1.0,0.25,0.43067655807339306,0.25,0.0,0.0,1.0,1.0,1.0,1.0,1.0
scifact,bi_encoder,636,0.1,1.0,1.0,1.0,1.0,1.0,1.0,1.0,1.0,1.0,1.0,1.0
scifact,bi_encoder,637,0.1,1.0,0.25,0.43067655807339306,0.25,0.0,0.0,1.0,1.0,1.0,1.0,1.0
scifact,bi_encoder,641,0.2,1.0,1.0,0.8315546295836225,0.6666666666666666,0.5,0.5,0.5,1.0,1.0,1.0,1.0
scifact,bi_encoder,644,0.0,0.0,0.0,0.0,0.04,0.0,0.0,0.0,0.0,0.0,1.0,1.0
scifact,bi_encoder,649,0.1,1.0,1.0,1.0,1.0,1.0,1.0,1.0,1.0,1.0,1.0,1.0
scifact,bi_encoder,659,0.1,1.0,1.0,1.0,1.0,1.0,1.0,1.0,1.0,1.0,1.0,1.0
scifact,bi_encoder,660,0.0,0.0,0.0,0.0,0.0,0.0,0.0,0.0,0.0,0.0,0.0,0.0
scifact,bi_encoder,674,0.1,1.0,0.125,0.31546487678572877,0.125,0.0,0.0,0.0,1.0,1.0,1.0,1.0
scifact,bi_encoder,684,0.1,1.0,1.0,1.0,1.0,1.0,1.0,1.0,1.0,1.0,1.0,1.0
scifact,bi_encoder,690,0.0,0.0,0.0,0.0,0.0,0.0,0.0,0.0,0.0,0.0,0.0,0.0
scifact,bi_encoder,691,0.1,1.0,0.2,0.38685280723454163,0.2,0.0,0.0,1.0,1.0,1.0,1.0,1.0
scifact,bi_encoder,692,0.1,1.0,1.0,1.0,1.0,1.0,1.0,1.0,1.0,1.0,1.0,1.0
scifact,bi_encoder,693,0.1,1.0,1.0,1.0,1.0,1.0,1.0,1.0,1.0,1.0,1.0,1.0
scifact,bi_encoder,70,0.0,0.0,0.0,0.0,0.08596491228070174,0.0,0.0,0.0,0.0,1.0,1.0,1.0
scifact,bi_encoder,700,0.1,1.0,0.5,0.6309297535714575,0.5,0.0,1.0,1.0,1.0,1.0,1.0,1.0
scifact,bi_encoder,702,0.1,1.0,0.5,0.6309297535714575,0.5,0.0,1.0,1.0,1.0,1.0,1.0,1.0
scifact,bi_encoder,715,0.0,0.0,0.0,0.0,0.03125,0.0,0.0,0.0,0.0,0.0,1.0,1.0
scifact,bi_encoder,716,0.0,0.0,0.0,0.0,0.02857142857142857,0.0,0.0,0.0,0.0,0.0,1.0,1.0
scifact,bi_encoder,718,0.1,1.0,1.0,1.0,1.0,1.0,1.0,1.0,1.0,1.0,1.0,1.0
scifact,bi_encoder,72,0.1,1.0,1.0,1.0,1.0,1.0,1.0,1.0,1.0,1.0,1.0,1.0
scifact,bi_encoder,721,0.1,1.0,1.0,1.0,1.0,1.0,1.0,1.0,1.0,1.0,1.0,1.0
scifact,bi_encoder,723,0.1,1.0,1.0,1.0,1.0,1.0,1.0,1.0,1.0,1.0,1.0,1.0
scifact,bi_encoder,727,0.1,1.0,0.25,0.43067655807339306,0.25,0.0,0.0,1.0,1.0,1.0,1.0,1.0
scifact,bi_encoder,728,0.2,1.0,0.5,0.6509209298071326,0.5,0.0,0.5,1.0,1.0,1.0,1.0,1.0
scifact,bi_encoder,729,0.1,1.0,1.0,1.0,1.0,1.0,1.0,1.0,1.0,1.0,1.0,1.0
scifact,bi_encoder,742,0.1,1.0,0.125,0.31546487678572877,0.125,0.0,0.0,0.0,1.0,1.0,1.0,1.0
scifact,bi_encoder,743,0.0,0.0,0.0,0.0,0.043478260869565216,0.0,0.0,0.0,0.0,0.0,1.0,1.0
scifact,bi_encoder,744,0.1,1.0,0.3333333333333333,0.5,0.3333333333333333,0.0,1.0,1.0,1.0,1.0,1.0,1.0
scifact,bi_encoder,75,0.1,1.0,0.5,0.6309297535714575,0.5,0.0,1.0,1.0,1.0,1.0,1.0,1.0
scifact,bi_encoder,756,0.1,1.0,0.5,0.6309297535714575,0.5,0.0,1.0,1.0,1.0,1.0,1.0,1.0
scifact,bi_encoder,759,0.1,1.0,1.0,1.0,1.0,1.0,1.0,1.0,1.0,1.0,1.0,1.0
scifact,bi_encoder,768,0.0,0.0,0.0,0.0,0.018867924528301886,0.0,0.0,0.0,0.0,0.0,0.0,1.0
scifact,bi_encoder,770,0.1,1.0,1.0,1.0,1.0,1.0,1.0,1.0,1.0,1.0,1.0,1.0
scifact,bi_encoder,775,0.0,0.0,0.0,0.0,0.058823529411764705,0.0,0.0,0.0,0.0,1.0,1.0,1.0
scifact,bi_encoder,781,0.1,1.0,1.0,1.0,1.0,1.0,1.0,1.0,1.0,1.0,1.0,1.0
scifact,bi_encoder,783,0.1,1.0,0.2,0.38685280723454163,0.2,0.0,0.0,1.0,1.0,1.0,1.0,1.0
scifact,bi_encoder,784,0.1,1.0,0.5,0.6309297535714575,0.5,0.0,1.0,1.0,1.0,1.0,1.0,1.0
scifact,bi_encoder,785,0.0,0.0,0.0,0.0,0.0,0.0,0.0,0.0,0.0,0.0,0.0,0.0
scifact,bi_encoder,793,0.1,1.0,1.0,1.0,1.0,1.0,1.0,1.0,1.0,1.0,1.0,1.0
scifact,bi_encoder,800,0.1,1.0,0.5,0.6309297535714575,0.5,0.0,1.0,1.0,1.0,1.0,1.0,1.0
scifact,bi_encoder,805,0.1,1.0,1.0,1.0,1.0,1.0,1.0,1.0,1.0,1.0,1.0,1.0
scifact,bi_encoder,808,0.1,1.0,1.0,1.0,1.0,1.0,1.0,1.0,1.0,1.0,1.0,1.0
scifact,bi_encoder,811,0.1,1.0,1.0,1.0,1.0,1.0,1.0,1.0,1.0,1.0,1.0,1.0
scifact,bi_encoder,814,0.1,1.0,1.0,1.0,1.0,1.0,1.0,1.0,1.0,1.0,1.0,1.0
scifact,bi_encoder,820,0.0,0.0,0.0,0.0,0.0,0.0,0.0,0.0,0.0,0.0,0.0,0.0
scifact,bi_encoder,821,0.0,0.0,0.0,0.0,0.0,0.0,0.0,0.0,0.0,0.0,0.0,0.0
scifact,bi_encoder,823,0.1,1.0,1.0,1.0,1.0,1.0,1.0,1.0,1.0,1.0,1.0,1.0
scifact,bi_encoder,830,0.0,0.0,0.0,0.0,0.02631578947368421,0.0,0.0,0.0,0.0,0.0,1.0,1.0
scifact,bi_encoder,831,0.0,0.0,0.0,0.0,0.0,0.0,0.0,0.0,0.0,0.0,0.0,0.0
scifact,bi_encoder,832,0.1,1.0,1.0,1.0,1.0,1.0,1.0,1.0,1.0,1.0,1.0,1.0
scifact,bi_encoder,834,0.0,0.0,0.0,0.0,0.0,0.0,0.0,0.0,0.0,0.0,0.0,0.0
scifact,bi_encoder,837,0.1,1.0,0.5,0.6309297535714575,0.5,0.0,1.0,1.0,1.0,1.0,1.0,1.0
scifact,bi_encoder,839,0.1,1.0,0.5,0.6309297535714575,0.5,0.0,1.0,1.0,1.0,1.0,1.0,1.0
scifact,bi_encoder,845,0.1,1.0,0.25,0.43067655807339306,0.25,0.0,0.0,1.0,1.0,1.0,1.0,1.0
scifact,bi_encoder,847,0.1,1.0,1.0,1.0,1.0,1.0,1.0,1.0,1.0,1.0,1.0,1.0
scifact,bi_encoder,852,0.1,1.0,0.5,0.6309297535714575,0.5,0.0,1.0,1.0,1.0,1.0,1.0,1.0
scifact,bi_encoder,859,0.1,1.0,0.25,0.43067655807339306,0.25,0.0,0.0,1.0,1.0,1.0,1.0,1.0
scifact,bi_encoder,870,0.0,0.0,0.0,0.0,0.05,0.0,0.0,0.0,0.0,1.0,1.0,1.0
scifact,bi_encoder,873,0.2,1.0,0.3333333333333333,0.2716774977597197,0.17210788270110305,0.0,0.2,0.2,0.4,0.4,0.8,1.0
scifact,bi_encoder,879,0.1,1.0,1.0,1.0,1.0,1.0,1.0,1.0,1.0,1.0,1.0,1.0
scifact,bi_encoder,880,0.1,1.0,0.3333333333333333,0.5,0.3333333333333333,0.0,1.0,1.0,1.0,1.0,1.0,1.0
scifact,bi_encoder,882,0.1,1.0,1.0,1.0,1.0,1.0,1.0,1.0,1.0,1.0,1.0,1.0
scifact,bi_encoder,887,0.0,0.0,0.0,0.0,0.037037037037037035,0.0,0.0,0.0,0.0,0.0,1.0,1.0
scifact,bi_encoder,903,0.1,1.0,1.0,1.0,1.0,1.0,1.0,1.0,1.0,1.0,1.0,1.0
scifact,bi_encoder,904,0.1,1.0,1.0,1.0,1.0,1.0,1.0,1.0,1.0,1.0,1.0,1.0
scifact,bi_encoder,907,0.1,1.0,1.0,1.0,1.0,1.0,1.0,1.0,1.0,1.0,1.0,1.0
scifact,bi_encoder,911,0.1,1.0,1.0,1.0,1.0,1.0,1.0,1.0,1.0,1.0,1.0,1.0
scifact,bi_encoder,913,0.1,1.0,0.2,0.38685280723454163,0.2,0.0,0.0,1.0,1.0,1.0,1.0,1.0
scifact,bi_encoder,914,0.1,1.0,0.25,0.43067655807339306,0.25,0.0,0.0,1.0,1.0,1.0,1.0,1.0
scifact,bi_encoder,921,0.1,1.0,1.0,1.0,1.0,1.0,1.0,1.0,1.0,1.0,1.0,1.0
scifact,bi_encoder,922,0.1,1.0,1.0,1.0,1.0,1.0,1.0,1.0,1.0,1.0,1.0,1.0
scifact,bi_encoder,936,0.1,1.0,1.0,1.0,1.0,1.0,1.0,1.0,1.0,1.0,1.0,1.0
scifact,bi_encoder,94,0.1,1.0,0.5,0.6309297535714575,0.5,0.0,1.0,1.0,1.0,1.0,1.0,1.0
scifact,bi_encoder,956,0.1,1.0,1.0,1.0,1.0,1.0,1.0,1.0,1.0,1.0,1.0,1.0
scifact,bi_encoder,957,0.1,1.0,0.2,0.38685280723454163,0.2,0.0,0.0,1.0,1.0,1.0,1.0,1.0
scifact,bi_encoder,960,0.1,1.0,1.0,1.0,1.0,1.0,1.0,1.0,1.0,1.0,1.0,1.0
scifact,bi_encoder,967,0.2,1.0,1.0,1.0,1.0,0.5,1.0,1.0,1.0,1.0,1.0,1.0
scifact,bi_encoder,971,0.4,1.0,0.5,0.7315682114753617,0.6083333333333333,0.0,0.5,0.75,1.0,1.0,1.0,1.0
scifact,bi_encoder,975,0.0,0.0,0.0,0.0,0.0,0.0,0.0,0.0,0.0,0.0,0.0,0.0
scifact,bi_encoder,982,0.1,1.0,1.0,1.0,1.0,1.0,1.0,1.0,1.0,1.0,1.0,1.0
scifact,bi_encoder,985,0.1,1.0,1.0,1.0,1.0,1.0,1.0,1.0,1.0,1.0,1.0,1.0
scifact,bi_encoder,99,0.1,1.0,0.5,0.6309297535714575,0.5,0.0,1.0,1.0,1.0,1.0,1.0,1.0
scifact,bi_encoder,993,0.1,1.0,0.5,0.6309297535714575,0.5,0.0,1.0,1.0,1.0,1.0,1.0,1.0
scifact,bi_encoder_plus_cross_encoder,1,0.0,0.0,0.0,0.0,0.01098901098901099,0.0,0.0,0.0,0.0,0.0,0.0,1.0
scifact,bi_encoder_plus_cross_encoder,100,0.1,1.0,1.0,1.0,1.0,1.0,1.0,1.0,1.0,1.0,1.0,1.0
scifact,bi_encoder_plus_cross_encoder,1012,0.1,1.0,1.0,1.0,1.0,1.0,1.0,1.0,1.0,1.0,1.0,1.0
scifact,bi_encoder_plus_cross_encoder,1014,0.1,1.0,1.0,1.0,1.0,1.0,1.0,1.0,1.0,1.0,1.0,1.0
scifact,bi_encoder_plus_cross_encoder,1019,0.1,1.0,0.5,0.6309297535714575,0.5,0.0,1.0,1.0,1.0,1.0,1.0,1.0
scifact,bi_encoder_plus_cross_encoder,1020,0.1,1.0,0.5,0.6309297535714575,0.5,0.0,1.0,1.0,1.0,1.0,1.0,1.0
scifact,bi_encoder_plus_cross_encoder,1021,0.1,1.0,0.5,0.6309297535714575,0.5,0.0,1.0,1.0,1.0,1.0,1.0,1.0
scifact,bi_encoder_plus_cross_encoder,1024,0.1,1.0,1.0,1.0,1.0,1.0,1.0,1.0,1.0,1.0,1.0,1.0
scifact,bi_encoder_plus_cross_encoder,1029,0.2,1.0,1.0,0.7653606369886217,0.7222222222222222,0.3333333333333333,0.6666666666666666,0.6666666666666666,0.6666666666666666,1.0,1.0,1.0
scifact,bi_encoder_plus_cross_encoder,1041,0.1,1.0,0.16666666666666666,0.21840743681816419,0.17424242424242425,0.0,0.0,0.0,0.5,1.0,1.0,1.0
scifact,bi_encoder_plus_cross_encoder,1049,0.1,1.0,0.25,0.43067655807339306,0.25,0.0,0.0,1.0,1.0,1.0,1.0,1.0
scifact,bi_encoder_plus_cross_encoder,1062,0.1,1.0,1.0,1.0,1.0,1.0,1.0,1.0,1.0,1.0,1.0,1.0
scifact,bi_encoder_plus_cross_encoder,1086,0.1,1.0,1.0,1.0,1.0,1.0,1.0,1.0,1.0,1.0,1.0,1.0
scifact,bi_encoder_plus_cross_encoder,1088,0.1,1.0,1.0,1.0,1.0,1.0,1.0,1.0,1.0,1.0,1.0,1.0
scifact,bi_encoder_plus_cross_encoder,1089,0.1,1.0,1.0,1.0,1.0,1.0,1.0,1.0,1.0,1.0,1.0,1.0
scifact,bi_encoder_plus_cross_encoder,1099,0.1,1.0,0.2,0.38685280723454163,0.2,0.0,0.0,1.0,1.0,1.0,1.0,1.0
scifact,bi_encoder_plus_cross_encoder,1100,0.1,1.0,0.25,0.43067655807339306,0.25,0.0,0.0,1.0,1.0,1.0,1.0,1.0
scifact,bi_encoder_plus_cross_encoder,1104,0.1,1.0,1.0,1.0,1.0,1.0,1.0,1.0,1.0,1.0,1.0,1.0
scifact,bi_encoder_plus_cross_encoder,1107,0.1,1.0,1.0,1.0,1.0,1.0,1.0,1.0,1.0,1.0,1.0,1.0
scifact,bi_encoder_plus_cross_encoder,1110,0.0,0.0,0.0,0.0,0.0,0.0,0.0,0.0,0.0,0.0,0.0,0.0
scifact,bi_encoder_plus_cross_encoder,1121,0.1,1.0,1.0,1.0,1.0,1.0,1.0,1.0,1.0,1.0,1.0,1.0
scifact,bi_encoder_plus_cross_encoder,113,0.1,1.0,1.0,1.0,1.0,1.0,1.0,1.0,1.0,1.0,1.0,1.0
scifact,bi_encoder_plus_cross_encoder,1130,0.1,1.0,1.0,1.0,1.0,1.0,1.0,1.0,1.0,1.0,1.0,1.0
scifact,bi_encoder_plus_cross_encoder,1132,0.1,1.0,1.0,0.6131471927654584,0.5303030303030303,0.5,0.5,0.5,0.5,0.5,1.0,1.0
scifact,bi_encoder_plus_cross_encoder,1137,0.1,1.0,1.0,1.0,1.0,1.0,1.0,1.0,1.0,1.0,1.0,1.0
scifact,bi_encoder_plus_cross_encoder,1140,0.1,1.0,0.5,0.6309297535714575,0.5,0.0,1.0,1.0,1.0,1.0,1.0,1.0
scifact,bi_encoder_plus_cross_encoder,1144,0.1,1.0,1.0,1.0,1.0,1.0,1.0,1.0,1.0,1.0,1.0,1.0
scifact,bi_encoder_plus_cross_encoder,1146,0.1,1.0,1.0,1.0,1.0,1.0,1.0,1.0,1.0,1.0,1.0,1.0
scifact,bi_encoder_plus_cross_encoder,115,0.1,1.0,1.0,1.0,1.0,1.0,1.0,1.0,1.0,1.0,1.0,1.0
scifact,bi_encoder_plus_cross_encoder,1150,0.1,1.0,1.0,1.0,1.0,1.0,1.0,1.0,1.0,1.0,1.0,1.0
scifact,bi_encoder_plus_cross_encoder,1163,0.1,1.0,1.0,1.0,1.0,1.0,1.0,1.0,1.0,1.0,1.0,1.0
scifact,bi_encoder_plus_cross_encoder,1175,0.0,0.0,0.0,0.0,0.0,0.0,0.0,0.0,0.0,0.0,0.0,0.0
scifact,bi_encoder_plus_cross_encoder,1179,0.0,0.0,0.0,0.0,0.0,0.0,0.0,0.0,0.0,0.0,0.0,0.0
scifact,bi_encoder_plus_cross_encoder,118,0.1,1.0,1.0,1.0,1.0,1.0,1.0,1.0,1.0,1.0,1.0,1.0
scifact,bi_encoder_plus_cross_encoder,1180,0.1,1.0,1.0,1.0,1.0,1.0,1.0,1.0,1.0,1.0,1.0,1.0
scifact,bi_encoder_plus_cross_encoder,1185,0.1,1.0,1.0,1.0,1.0,1.0,1.0,1.0,1.0,1.0,1.0,1.0
scifact,bi_encoder_plus_cross_encoder,1187,0.1,1.0,1.0,1.0,1.0,1.0,1.0,1.0,1.0,1.0,1.0,1.0
scifact,bi_encoder_plus_cross_encoder,1191,0.0,0.0,0.0,0.0,0.05,0.0,0.0,0.0,0.0,1.0,1.0,1.0
scifact,bi_encoder_plus_cross_encoder,1194,0.1,1.0,1.0,1.0,1.0,1.0,1.0,1.0,1.0,1.0,1.0,1.0
scifact,bi_encoder_plus_cross_encoder,1196,0.1,1.0,0.25,0.43067655807339306,0.25,0.0,0.0,1.0,1.0,1.0,1.0,1.0
scifact,bi_encoder_plus_cross_encoder,1197,0.1,1.0,0.2,0.38685280723454163,0.2,0.0,0.0,1.0,1.0,1.0,1.0,1.0
scifact,bi_encoder_plus_cross_encoder,1199,0.0,0.0,0.0,0.0,0.0,0.0,0.0,0.0,0.0,0.0,0.0,0.0
scifact,bi_encoder_plus_cross_encoder,1200,0.0,0.0,0.0,0.0,0.0,0.0,0.0,0.0,0.0,0.0,0.0,0.0
scifact,bi_encoder_plus_cross_encoder,1202,0.1,1.0,0.5,0.6309297535714575,0.5,0.0,1.0,1.0,1.0,1.0,1.0,1.0
scifact,bi_encoder_plus_cross_encoder,1204,0.1,1.0,0.25,0.43067655807339306,0.25,0.0,0.0,1.0,1.0,1.0,1.0,1.0
scifact,bi_encoder_plus_cross_encoder,1207,0.1,1.0,1.0,1.0,1.0,1.0,1.0,1.0,1.0,1.0,1.0,1.0
scifact,bi_encoder_plus_cross_encoder,1213,0.0,0.0,0.0,0.0,0.012987012987012988,0.0,0.0,0.0,0.0,0.0,0.0,1.0
scifact,bi_encoder_plus_cross_encoder,1216,0.1,1.0,1.0,1.0,1.0,1.0,1.0,1.0,1.0,1.0,1.0,1.0
scifact,bi_encoder_plus_cross_encoder,1221,0.1,1.0,0.2,0.38685280723454163,0.2,0.0,0.0,1.0,1.0,1.0,1.0,1.0
scifact,bi_encoder_plus_cross_encoder,1225,0.1,1.0,1.0,1.0,1.0,1.0,1.0,1.0,1.0,1.0,1.0,1.0
scifact,bi_encoder_plus_cross_encoder,1226,0.0,0.0,0.0,0.0,0.0,0.0,0.0,0.0,0.0,0.0,0.0,0.0
scifact,bi_encoder_plus_cross_encoder,1232,0.1,1.0,1.0,1.0,1.0,1.0,1.0,1.0,1.0,1.0,1.0,1.0
scifact,bi_encoder_plus_cross_encoder,124,0.1,1.0,1.0,1.0,1.0,1.0,1.0,1.0,1.0,1.0,1.0,1.0
scifact,bi_encoder_plus_cross_encoder,1241,0.1,1.0,1.0,1.0,1.0,1.0,1.0,1.0,1.0,1.0,1.0,1.0
scifact,bi_encoder_plus_cross_encoder,1245,0.0,0.0,0.0,0.0,0.05263157894736842,0.0,0.0,0.0,0.0,1.0,1.0,1.0
scifact,bi_encoder_plus_cross_encoder,1259,0.1,1.0,1.0,1.0,1.0,1.0,1.0,1.0,1.0,1.0,1.0,1.0
scifact,bi_encoder_plus_cross_encoder,1262,0.1,1.0,1.0,1.0,1.0,1.0,1.0,1.0,1.0,1.0,1.0,1.0
scifact,bi_encoder_plus_cross_encoder,1266,0.1,1.0,0.5,0.6309297535714575,0.5,0.0,1.0,1.0,1.0,1.0,1.0,1.0
scifact,bi_encoder_plus_cross_encoder,127,0.1,1.0,0.5,0.6309297535714575,0.5,0.0,1.0,1.0,1.0,1.0,1.0,1.0
scifact,bi_encoder_plus_cross_encoder,1270,0.1,1.0,1.0,1.0,1.0,1.0,1.0,1.0,1.0,1.0,1.0,1.0
scifact,bi_encoder_plus_cross_encoder,1271,0.1,1.0,1.0,1.0,1.0,1.0,1.0,1.0,1.0,1.0,1.0,1.0
scifact,bi_encoder_plus_cross_encoder,1272,0.1,1.0,0.25,0.43067655807339306,0.25,0.0,0.0,1.0,1.0,1.0,1.0,1.0
scifact,bi_encoder_plus_cross_encoder,1273,0.1,1.0,1.0,1.0,1.0,1.0,1.0,1.0,1.0,1.0,1.0,1.0
scifact,bi_encoder_plus_cross_encoder,1274,0.3,1.0,1.0,0.9217868789962071,0.8095238095238094,0.3333333333333333,0.6666666666666666,0.6666666666666666,1.0,1.0,1.0,1.0
scifact,bi_encoder_plus_cross_encoder,1278,0.0,0.0,0.0,0.0,0.06666666666666667,0.0,0.0,0.0,0.0,1.0,1.0,1.0
scifact,bi_encoder_plus_cross_encoder,1279,0.0,0.0,0.0,0.0,0.06666666666666667,0.0,0.0,0.0,0.0,1.0,1.0,1.0
scifact,bi_encoder_plus_cross_encoder,128,0.1,1.0,0.2,0.38685280723454163,0.2,0.0,0.0,1.0,1.0,1.0,1.0,1.0
scifact,bi_encoder_plus_cross_encoder,1280,0.1,1.0,0.14285714285714285,0.3333333333333333,0.14285714285714285,0.0,0.0,0.0,1.0,1.0,1.0,1.0
scifact,bi_encoder_plus_cross_encoder,1281,0.0,0.0,0.0,0.0,0.08333333333333333,0.0,0.0,0.0,0.0,1.0,1.0,1.0
scifact,bi_encoder_plus_cross_encoder,1282,0.1,1.0,1.0,1.0,1.0,1.0,1.0,1.0,1.0,1.0,1.0,1.0
scifact,bi_encoder_plus_cross_encoder,129,0.1,1.0,1.0,1.0,1.0,1.0,1.0,1.0,1.0,1.0,1.0,1.0
scifact,bi_encoder_plus_cross_encoder,1290,0.1,1.0,1.0,1.0,1.0,1.0,1.0,1.0,1.0,1.0,1.0,1.0
scifact,bi_encoder_plus_cross_encoder,1292,0.1,1.0,0.5,0.6309297535714575,0.5,0.0,1.0,1.0,1.0,1.0,1.0,1.0
scifact,bi_encoder_plus_cross_encoder,1298,0.1,1.0,1.0,1.0,1.0,1.0,1.0,1.0,1.0,1.0,1.0,1.0
scifact,bi_encoder_plus_cross_encoder,13,0.0,0.0,0.0,0.0,0.041666666666666664,0.0,0.0,0.0,0.0,0.0,1.0,1.0
scifact,bi_encoder_plus_cross_encoder,130,0.1,1.0,1.0,1.0,1.0,1.0,1.0,1.0,1.0,1.0,1.0,1.0
scifact,bi_encoder_plus_cross_encoder,1303,0.1,1.0,1.0,1.0,1.0,1.0,1.0,1.0,1.0,1.0,1.0,1.0
scifact,bi_encoder_plus_cross_encoder,1316,0.0,0.0,0.0,0.0,0.045454545454545456,0.0,0.0,0.0,0.0,0.0,1.0,1.0
scifact,bi_encoder_plus_cross_encoder,1319,0.1,1.0,1.0,1.0,1.0,1.0,1.0,1.0,1.0,1.0,1.0,1.0
scifact,bi_encoder_plus_cross_encoder,132,0.0,0.0,0.0,0.0,0.0,0.0,0.0,0.0,0.0,0.0,0.0,0.0
scifact,bi_encoder_plus_cross_encoder,1320,0.1,1.0,1.0,1.0,1.0,1.0,1.0,1.0,1.0,1.0,1.0,1.0
scifact,bi_encoder_plus_cross_encoder,133,0.3,1.0,0.5,0.5147714448836774,0.42691998764287914,0.0,0.4,0.6,0.6,0.8,0.8,1.0
scifact,bi_encoder_plus_cross_encoder,1332,0.0,0.0,0.0,0.0,0.0,0.0,0.0,0.0,0.0,0.0,0.0,0.0
scifact,bi_encoder_plus_cross_encoder,1335,0.1,1.0,1.0,1.0,1.0,1.0,1.0,1.0,1.0,1.0,1.0,1.0
scifact,bi_encoder_plus_cross_encoder,1336,0.1,1.0,1.0,1.0,1.0,1.0,1.0,1.0,1.0,1.0,1.0,1.0
scifact,bi_encoder_plus_cross_encoder,1337,0.1,1.0,1.0,1.0,1.0,1.0,1.0,1.0,1.0,1.0,1.0,1.0
scifact,bi_encoder_plus_cross_encoder,1339,0.1,1.0,1.0,1.0,1.0,1.0,1.0,1.0,1.0,1.0,1.0,1.0
scifact,bi_encoder_plus_cross_encoder,1344,0.1,1.0,0.25,0.43067655807339306,0.25,0.0,0.0,1.0,1.0,1.0,1.0,1.0
scifact,bi_encoder_plus_cross_encoder,1352,0.1,1.0,1.0,1.0,1.0,1.0,1.0,1.0,1.0,1.0,1.0,1.0
scifact,bi_encoder_plus_cross_encoder,1359,0.1,1.0,1.0,1.0,1.0,1.0,1.0,1.0,1.0,1.0,1.0,1.0
scifact,bi_encoder_plus_cross_encoder,1362,0.1,1.0,0.2,0.38685280723454163,0.2,0.0,0.0,1.0,1.0,1.0,1.0,1.0
scifact,bi_encoder_plus_cross_encoder,1363,0.1,1.0,0.25,0.43067655807339306,0.25,0.0,0.0,1.0,1.0,1.0,1.0,1.0
scifact,bi_encoder_plus_cross_encoder,1368,0.1,1.0,1.0,1.0,1.0,1.0,1.0,1.0,1.0,1.0,1.0,1.0
scifact,bi_encoder_plus_cross_encoder,137,0.1,1.0,1.0,1.0,1.0,1.0,1.0,1.0,1.0,1.0,1.0,1.0
scifact,bi_encoder_plus_cross_encoder,1370,0.1,1.0,0.5,0.6309297535714575,0.5,0.0,1.0,1.0,1.0,1.0,1.0,1.0
scifact,bi_encoder_plus_cross_encoder,1379,0.4,1.0,1.0,0.8326783988613894,0.65,0.25,0.25,0.75,1.0,1.0,1.0,1.0
scifact,bi_encoder_plus_cross_encoder,1382,0.1,1.0,1.0,1.0,1.0,1.0,1.0,1.0,1.0,1.0,1.0,1.0
scifact,bi_encoder_plus_cross_encoder,1385,0.1,1.0,1.0,1.0,1.0,1.0,1.0,1.0,1.0,1.0,1.0,1.0
scifact,bi_encoder_plus_cross_encoder,1389,0.1,1.0,1.0,1.0,1.0,1.0,1.0,1.0,1.0,1.0,1.0,1.0
scifact,bi_encoder_plus_cross_encoder,1395,0.1,1.0,0.5,0.6309297535714575,0.5,0.0,1.0,1.0,1.0,1.0,1.0,1.0
scifact,bi_encoder_plus_cross_encoder,141,0.2,1.0,1.0,1.0,1.0,0.5,1.0,1.0,1.0,1.0,1.0,1.0
scifact,bi_encoder_plus_cross_encoder,142,0.1,1.0,1.0,1.0,1.0,1.0,1.0,1.0,1.0,1.0,1.0,1.0
scifact,bi_encoder_plus_cross_encoder,143,0.1,1.0,1.0,1.0,1.0,1.0,1.0,1.0,1.0,1.0,1.0,1.0
scifact,bi_encoder_plus_cross_encoder,146,0.1,1.0,1.0,1.0,1.0,1.0,1.0,1.0,1.0,1.0,1.0,1.0
scifact,bi_encoder_plus_cross_encoder,148,0.1,1.0,1.0,1.0,1.0,1.0,1.0,1.0,1.0,1.0,1.0,1.0
scifact,bi_encoder_plus_cross_encoder,163,0.1,1.0,0.5,0.6309297535714575,0.5,0.0,1.0,1.0,1.0,1.0,1.0,1.0
scifact,bi_encoder_plus_cross_encoder,171,0.1,1.0,1.0,1.0,1.0,1.0,1.0,1.0,1.0,1.0,1.0,1.0
scifact,bi_encoder_plus_cross_encoder,179,0.4,1.0,1.0,0.8932547230000344,0.7361111111111112,0.25,0.5,0.5,1.0,1.0,1.0,1.0
scifact,bi_encoder_plus_cross_encoder,180,0.1,1.0,1.0,1.0,1.0,1.0,1.0,1.0,1.0,1.0,1.0,1.0
scifact,bi_encoder_plus_cross_encoder,183,0.1,1.0,1.0,1.0,1.0,1.0,1.0,1.0,1.0,1.0,1.0,1.0
scifact,bi_encoder_plus_cross_encoder,185,0.1,1.0,0.25,0.43067655807339306,0.25,0.0,0.0,1.0,1.0,1.0,1.0,1.0
scifact,bi_encoder_plus_cross_encoder,198,0.0,0.0,0.0,0.0,0.09090909090909091,0.0,0.0,0.0,0.0,1.0,1.0,1.0
scifact,bi_encoder_plus_cross_encoder,208,0.1,1.0,1.0,1.0,1.0,1.0,1.0,1.0,1.0,1.0,1.0,1.0
scifact,bi_encoder_plus_cross_encoder,212,0.1,1.0,0.3333333333333333,0.5,0.3333333333333333,0.0,1.0,1.0,1.0,1.0,1.0,1.0
scifact,bi_encoder_plus_cross_encoder,213,0.0,0.0,0.0,0.0,0.07692307692307693,0.0,0.0,0.0,0.0,1.0,1.0,1.0
scifact,bi_encoder_plus_cross_encoder,216,0.1,1.0,1.0,1.0,1.0,1.0,1.0,1.0,1.0,1.0,1.0,1.0
scifact,bi_encoder_plus_cross_encoder,217,0.1,1.0,1.0,1.0,1.0,1.0,1.0,1.0,1.0,1.0,1.0,1.0
scifact,bi_encoder_plus_cross_encoder,218,0.1,1.0,1.0,1.0,1.0,1.0,1.0,1.0,1.0,1.0,1.0,1.0
scifact,bi_encoder_plus_cross_encoder,219,0.1,1.0,1.0,1.0,1.0,1.0,1.0,1.0,1.0,1.0,1.0,1.0
scifact,bi_encoder_plus_cross_encoder,230,0.1,1.0,1.0,1.0,1.0,1.0,1.0,1.0,1.0,1.0,1.0,1.0
scifact,bi_encoder_plus_cross_encoder,232,0.1,1.0,0.5,0.6309297535714575,0.5,0.0,1.0,1.0,1.0,1.0,1.0,1.0
scifact,bi_encoder_plus_cross_encoder,233,0.1,1.0,1.0,1.0,1.0,1.0,1.0,1.0,1.0,1.0,1.0,1.0
scifact,bi_encoder_plus_cross_encoder,236,0.1,1.0,1.0,1.0,1.0,1.0,1.0,1.0,1.0,1.0,1.0,1.0
scifact,bi_encoder_plus_cross_encoder,237,0.1,1.0,0.3333333333333333,0.5,0.3333333333333333,0.0,1.0,1.0,1.0,1.0,1.0,1.0
scifact,bi_encoder_plus_cross_encoder,238,0.0,0.0,0.0,0.0,0.05263157894736842,0.0,0.0,0.0,0.0,1.0,1.0,1.0
scifact,bi_encoder_plus_cross_encoder,239,0.0,0.0,0.0,0.0,0.014084507042253521,0.0,0.0,0.0,0.0,0.0,0.0,1.0
scifact,bi_encoder_plus_cross_encoder,248,0.1,1.0,1.0,1.0,1.0,1.0,1.0,1.0,1.0,1.0,1.0,1.0
scifact,bi_encoder_plus_cross_encoder,249,0.1,1.0,1.0,1.0,1.0,1.0,1.0,1.0,1.0,1.0,1.0,1.0
scifact,bi_encoder_plus_cross_encoder,261,0.1,1.0,0.5,0.38685280723454163,0.3088235294117647,0.0,0.5,0.5,0.5,1.0,1.0,1.0
scifact,bi_encoder_plus_cross_encoder,268,0.1,1.0,0.5,0.6309297535714575,0.5,0.0,1.0,1.0,1.0,1.0,1.0,1.0
scifact,bi_encoder_plus_cross_encoder,269,0.1,1.0,0.5,0.6309297535714575,0.5,0.0,1.0,1.0,1.0,1.0,1.0,1.0
scifact,bi_encoder_plus_cross_encoder,274,0.1,1.0,1.0,1.0,1.0,1.0,1.0,1.0,1.0,1.0,1.0,1.0
scifact,bi_encoder_plus_cross_encoder,275,0.3,1.0,1.0,0.8710785440003369,0.7222222222222222,0.3333333333333333,0.6666666666666666,0.6666666666666666,1.0,1.0,1.0,1.0
scifact,bi_encoder_plus_cross_encoder,279,0.1,1.0,1.0,1.0,1.0,1.0,1.0,1.0,1.0,1.0,1.0,1.0
scifact,bi_encoder_plus_cross_encoder,294,0.1,1.0,1.0,1.0,1.0,1.0,1.0,1.0,1.0,1.0,1.0,1.0
scifact,bi_encoder_plus_cross_encoder,295,0.1,1.0,1.0,1.0,1.0,1.0,1.0,1.0,1.0,1.0,1.0,1.0
scifact,bi_encoder_plus_cross_encoder,298,0.1,1.0,1.0,1.0,1.0,1.0,1.0,1.0,1.0,1.0,1.0,1.0
scifact,bi_encoder_plus_cross_encoder,3,0.1,1.0,1.0,1.0,1.0,1.0,1.0,1.0,1.0,1.0,1.0,1.0
scifact,bi_encoder_plus_cross_encoder,300,0.1,1.0,0.3333333333333333,0.5,0.3333333333333333,0.0,1.0,1.0,1.0,1.0,1.0,1.0
scifact,bi_encoder_plus_cross_encoder,303,0.0,0.0,0.0,0.0,0.0,0.0,0.0,0.0,0.0,0.0,0.0,0.0
scifact,bi_encoder_plus_cross_encoder,312,0.0,0.0,0.0,0.0,0.0,0.0,0.0,0.0,0.0,0.0,0.0,0.0
scifact,bi_encoder_plus_cross_encoder,314,0.0,0.0,0.0,0.0,0.041666666666666664,0.0,0.0,0.0,0.0,0.0,1.0,1.0
scifact,bi_encoder_plus_cross_encoder,324,0.1,1.0,0.1111111111111111,0.3010299956639812,0.1111111111111111,0.0,0.0,0.0,1.0,1.0,1.0,1.0
scifact,bi_encoder_plus_cross_encoder,327,0.1,1.0,1.0,1.0,1.0,1.0,1.0,1.0,1.0,1.0,1.0,1.0
scifact,bi_encoder_plus_cross_encoder,338,0.1,1.0,1.0,1.0,1.0,1.0,1.0,1.0,1.0,1.0,1.0,1.0
scifact,bi_encoder_plus_cross_encoder,343,0.2,1.0,0.3333333333333333,0.5706417189553201,0.41666666666666663,0.0,0.5,1.0,1.0,1.0,1.0,1.0
scifact,bi_encoder_plus_cross_encoder,350,0.1,1.0,1.0,1.0,1.0,1.0,1.0,1.0,1.0,1.0,1.0,1.0
scifact,bi_encoder_plus_cross_encoder,354,0.1,1.0,1.0,1.0,1.0,1.0,1.0,1.0,1.0,1.0,1.0,1.0
scifact,bi_encoder_plus_cross_encoder,36,0.2,1.0,0.14285714285714285,0.3889580943680543,0.18253968253968253,0.0,0.0,0.0,1.0,1.0,1.0,1.0
scifact,bi_encoder_plus_cross_encoder,362,0.1,1.0,1.0,1.0,1.0,1.0,1.0,1.0,1.0,1.0,1.0,1.0
scifact,bi_encoder_plus_cross_encoder,380,0.1,1.0,1.0,1.0,1.0,1.0,1.0,1.0,1.0,1.0,1.0,1.0
scifact,bi_encoder_plus_cross_encoder,384,0.1,1.0,0.1111111111111111,0.3010299956639812,0.1111111111111111,0.0,0.0,0.0,1.0,1.0,1.0,1.0
scifact,bi_encoder_plus_cross_encoder,385,0.2,1.0,0.5,0.6934264036172708,0.5833333333333333,0.0,1.0,1.0,1.0,1.0,1.0,1.0
scifact,bi_encoder_plus_cross_encoder,386,0.1,1.0,1.0,1.0,1.0,1.0,1.0,1.0,1.0,1.0,1.0,1.0
scifact,bi_encoder_plus_cross_encoder,388,0.1,1.0,0.25,0.43067655807339306,0.25,0.0,0.0,1.0,1.0,1.0,1.0,1.0
scifact,bi_encoder_plus_cross_encoder,399,0.1,1.0,1.0,1.0,1.0,1.0,1.0,1.0,1.0,1.0,1.0,1.0
scifact,bi_encoder_plus_cross_encoder,410,0.1,1.0,1.0,1.0,1.0,1.0,1.0,1.0,1.0,1.0,1.0,1.0
scifact,bi_encoder_plus_cross_encoder,411,0.1,1.0,1.0,1.0,1.0,1.0,1.0,1.0,1.0,1.0,1.0,1.0
scifact,bi_encoder_plus_cross_encoder,415,0.1,1.0,0.3333333333333333,0.5,0.3333333333333333,0.0,1.0,1.0,1.0,1.0,1.0,1.0
scifact,bi_encoder_plus_cross_encoder,42,0.1,1.0,1.0,1.0,1.0,1.0,1.0,1.0,1.0,1.0,1.0,1.0
scifact,bi_encoder_plus_cross_encoder,421,0.0,0.0,0.0,0.0,0.0,0.0,0.0,0.0,0.0,0.0,0.0,0.0
scifact,bi_encoder_plus_cross_encoder,431,0.0,0.0,0.0,0.0,0.07142857142857142,0.0,0.0,0.0,0.0,1.0,1.0,1.0
scifact,bi_encoder_plus_cross_encoder,436,0.1,1.0,1.0,1.0,1.0,1.0,1.0,1.0,1.0,1.0,1.0,1.0
scifact,bi_encoder_plus_cross_encoder,437,0.0,0.0,0.0,0.0,0.0,0.0,0.0,0.0,0.0,0.0,0.0,0.0
scifact,bi_encoder_plus_cross_encoder,439,0.1,1.0,0.5,0.6309297535714575,0.5,0.0,1.0,1.0,1.0,1.0,1.0,1.0
scifact,bi_encoder_plus_cross_encoder,440,0.1,1.0,1.0,1.0,1.0,1.0,1.0,1.0,1.0,1.0,1.0,1.0
scifact,bi_encoder_plus_cross_encoder,443,0.1,1.0,1.0,1.0,1.0,1.0,1.0,1.0,1.0,1.0,1.0,1.0
scifact,bi_encoder_plus_cross_encoder,452,0.2,1.0,0.5,0.6052602440527057,0.41666666666666663,0.0,0.5,0.5,1.0,1.0,1.0,1.0
scifact,bi_encoder_plus_cross_encoder,475,0.1,1.0,0.16666666666666666,0.3562071871080222,0.16666666666666666,0.0,0.0,0.0,1.0,1.0,1.0,1.0
scifact,bi_encoder_plus_cross_encoder,478,0.1,1.0,1.0,1.0,1.0,1.0,1.0,1.0,1.0,1.0,1.0,1.0
scifact,bi_encoder_plus_cross_encoder,48,0.0,0.0,0.0,0.0,0.0,0.0,0.0,0.0,0.0,0.0,0.0,0.0
scifact,bi_encoder_plus_cross_encoder,49,0.1,1.0,1.0,1.0,1.0,1.0,1.0,1.0,1.0,1.0,1.0,1.0
scifact,bi_encoder_plus_cross_encoder,491,0.1,1.0,1.0,1.0,1.0,1.0,1.0,1.0,1.0,1.0,1.0,1.0
scifact,bi_encoder_plus_cross_encoder,5,0.1,1.0,1.0,1.0,1.0,1.0,1.0,1.0,1.0,1.0,1.0,1.0
scifact,bi_encoder_plus_cross_encoder,50,0.1,1.0,1.0,1.0,1.0,1.0,1.0,1.0,1.0,1.0,1.0,1.0
scifact,bi_encoder_plus_cross_encoder,501,0.1,1.0,1.0,1.0,1.0,1.0,1.0,1.0,1.0,1.0,1.0,1.0
scifact,bi_encoder_plus_cross_encoder,502,0.0,0.0,0.0,0.0,0.0,0.0,0.0,0.0,0.0,0.0,0.0,0.0
scifact,bi_encoder_plus_cross_encoder,507,0.1,1.0,0.5,0.6309297535714575,0.5,0.0,1.0,1.0,1.0,1.0,1.0,1.0
scifact,bi_encoder_plus_cross_encoder,508,0.0,0.0,0.0,0.0,0.04,0.0,0.0,0.0,0.0,0.0,1.0,1.0
scifact,bi_encoder_plus_cross_encoder,51,0.1,1.0,0.5,0.6309297535714575,0.5,0.0,1.0,1.0,1.0,1.0,1.0,1.0
scifact,bi_encoder_plus_cross_encoder,513,0.1,1.0,0.5,0.6309297535714575,0.5,0.0,1.0,1.0,1.0,1.0,1.0,1.0
scifact,bi_encoder_plus_cross_encoder,514,0.1,1.0,0.3333333333333333,0.5,0.3333333333333333,0.0,1.0,1.0,1.0,1.0,1.0,1.0
scifact,bi_encoder_plus_cross_encoder,516,0.1,1.0,1.0,1.0,1.0,1.0,1.0,1.0,1.0,1.0,1.0,1.0
scifact,bi_encoder_plus_cross_encoder,517,0.1,1.0,0.125,0.31546487678572877,0.125,0.0,0.0,0.0,1.0,1.0,1.0,1.0
scifact,bi_encoder_plus_cross_encoder,521,0.1,1.0,1.0,1.0,1.0,1.0,1.0,1.0,1.0,1.0,1.0,1.0
scifact,bi_encoder_plus_cross_encoder,525,0.1,1.0,1.0,1.0,1.0,1.0,1.0,1.0,1.0,1.0,1.0,1.0
scifact,bi_encoder_plus_cross_encoder,527,0.1,1.0,0.1111111111111111,0.3010299956639812,0.1111111111111111,0.0,0.0,0.0,1.0,1.0,1.0,1.0
scifact,bi_encoder_plus_cross_encoder,528,0.1,1.0,0.3333333333333333,0.5,0.3333333333333333,0.0,1.0,1.0,1.0,1.0,1.0,1.0
scifact,bi_encoder_plus_cross_encoder,53,0.1,1.0,1.0,1.0,1.0,1.0,1.0,1.0,1.0,1.0,1.0,1.0
scifact,bi_encoder_plus_cross_encoder,532,0.1,1.0,1.0,1.0,1.0,1.0,1.0,1.0,1.0,1.0,1.0,1.0
scifact,bi_encoder_plus_cross_encoder,533,0.1,1.0,1.0,1.0,1.0,1.0,1.0,1.0,1.0,1.0,1.0,1.0
scifact,bi_encoder_plus_cross_encoder,535,0.0,0.0,0.0,0.0,0.018867924528301886,0.0,0.0,0.0,0.0,0.0,0.0,1.0
scifact,bi_encoder_plus_cross_encoder,536,0.1,1.0,1.0,1.0,1.0,1.0,1.0,1.0,1.0,1.0,1.0,1.0
scifact,bi_encoder_plus_cross_encoder,539,0.1,1.0,1.0,1.0,1.0,1.0,1.0,1.0,1.0,1.0,1.0,1.0
scifact,bi_encoder_plus_cross_encoder,54,0.1,1.0,0.2,0.38685280723454163,0.2,0.0,0.0,1.0,1.0,1.0,1.0,1.0
scifact,bi_encoder_plus_cross_encoder,540,0.1,1.0,0.3333333333333333,0.3065735963827292,0.19298245614035087,0.0,0.5,0.5,0.5,0.5,1.0,1.0
scifact,bi_encoder_plus_cross_encoder,544,0.1,1.0,0.2,0.38685280723454163,0.2,0.0,0.0,1.0,1.0,1.0,1.0,1.0
scifact,bi_encoder_plus_cross_encoder,549,0.1,1.0,1.0,1.0,1.0,1.0,1.0,1.0,1.0,1.0,1.0,1.0
scifact,bi_encoder_plus_cross_encoder,551,0.1,1.0,0.3333333333333333,0.5,0.3333333333333333,0.0,1.0,1.0,1.0,1.0,1.0,1.0
scifact,bi_encoder_plus_cross_encoder,552,0.1,1.0,1.0,1.0,1.0,1.0,1.0,1.0,1.0,1.0,1.0,1.0
scifact,bi_encoder_plus_cross_encoder,554,0.1,1.0,0.1111111111111111,0.3010299956639812,0.1111111111111111,0.0,0.0,0.0,1.0,1.0,1.0,1.0
scifact,bi_encoder_plus_cross_encoder,56,0.1,1.0,1.0,1.0,1.0,1.0,1.0,1.0,1.0,1.0,1.0,1.0
scifact,bi_encoder_plus_cross_encoder,560,0.0,0.0,0.0,0.0,0.012987012987012988,0.0,0.0,0.0,0.0,0.0,0.0,1.0
scifact,bi_encoder_plus_cross_encoder,569,0.1,1.0,1.0,1.0,1.0,1.0,1.0,1.0,1.0,1.0,1.0,1.0
scifact,bi_encoder_plus_cross_encoder,57,0.1,1.0,1.0,1.0,1.0,1.0,1.0,1.0,1.0,1.0,1.0,1.0
scifact,bi_encoder_plus_cross_encoder,575,0.1,1.0,1.0,1.0,1.0,1.0,1.0,1.0,1.0,1.0,1.0,1.0
scifact,bi_encoder_plus_cross_encoder,577,0.0,0.0,0.0,0.0,0.03125,0.0,0.0,0.0,0.0,0.0,1.0,1.0
scifact,bi_encoder_plus_cross_encoder,578,0.1,1.0,1.0,1.0,1.0,1.0,1.0,1.0,1.0,1.0,1.0,1.0
scifact,bi_encoder_plus_cross_encoder,587,0.1,1.0,0.3333333333333333,0.5,0.3333333333333333,0.0,1.0,1.0,1.0,1.0,1.0,1.0
scifact,bi_encoder_plus_cross_encoder,589,0.1,1.0,1.0,1.0,1.0,1.0,1.0,1.0,1.0,1.0,1.0,1.0
scifact,bi_encoder_plus_cross_encoder,593,0.1,1.0,1.0,1.0,1.0,1.0,1.0,1.0,1.0,1.0,1.0,1.0
scifact,bi_encoder_plus_cross_encoder,597,0.3,1.0,1.0,0.8529278650606567,0.7000000000000001,0.3333333333333333,0.3333333333333333,1.0,1.0,1.0,1.0,1.0
scifact,bi_encoder_plus_cross_encoder,598,0.1,1.0,0.14285714285714285,0.3333333333333333,0.14285714285714285,0.0,0.0,0.0,1.0,1.0,1.0,1.0
scifact,bi_encoder_plus_cross_encoder,613,0.1,1.0,1.0,1.0,1.0,1.0,1.0,1.0,1.0,1.0,1.0,1.0
scifact,bi_encoder_plus_cross_encoder,619,0.1,1.0,0.5,0.38685280723454163,0.25,0.0,0.5,0.5,0.5,0.5,0.5,0.5
scifact,bi_encoder_plus_cross_encoder,623,0.0,0.0,0.0,0.0,0.058823529411764705,0.0,0.0,0.0,0.0,1.0,1.0,1.0
scifact,bi_encoder_plus_cross_encoder,628,0.1,1.0,1.0,1.0,1.0,1.0,1.0,1.0,1.0,1.0,1.0,1.0
scifact,bi_encoder_plus_cross_encoder,636,0.1,1.0,1.0,1.0,1.0,1.0,1.0,1.0,1.0,1.0,1.0,1.0
scifact,bi_encoder_plus_cross_encoder,637,0.1,1.0,0.5,0.6309297535714575,0.5,0.0,1.0,1.0,1.0,1.0,1.0,1.0
scifact,bi_encoder_plus_cross_encoder,641,0.1,1.0,1.0,0.6131471927654584,0.5909090909090909,0.5,0.5,0.5,0.5,1.0,1.0,1.0
scifact,bi_encoder_plus_cross_encoder,644,0.1,1.0,1.0,1.0,1.0,1.0,1.0,1.0,1.0,1.0,1.0,1.0
scifact,bi_encoder_plus_cross_encoder,649,0.1,1.0,1.0,1.0,1.0,1.0,1.0,1.0,1.0,1.0,1.0,1.0
scifact,bi_encoder_plus_cross_encoder,659,0.0,0.0,0.0,0.0,0.08333333333333333,0.0,0.0,0.0,0.0,1.0,1.0,1.0
scifact,bi_encoder_plus_cross_encoder,660,0.0,0.0,0.0,0.0,0.0,0.0,0.0,0.0,0.0,0.0,0.0,0.0
scifact,bi_encoder_plus_cross_encoder,674,0.1,1.0,1.0,1.0,1.0,1.0,1.0,1.0,1.0,1.0,1.0,1.0
scifact,bi_encoder_plus_cross_encoder,684,0.1,1.0,0.25,0.43067655807339306,0.25,0.0,0.0,1.0,1.0,1.0,1.0,1.0
scifact,bi_encoder_plus_cross_encoder,690,0.0,0.0,0.0,0.0,0.0,0.0,0.0,0.0,0.0,0.0,0.0,0.0
scifact,bi_encoder_plus_cross_encoder,691,0.1,1.0,0.5,0.6309297535714575,0.5,0.0,1.0,1.0,1.0,1.0,1.0,1.0
scifact,bi_encoder_plus_cross_encoder,692,0.1,1.0,1.0,1.0,1.0,1.0,1.0,1.0,1.0,1.0,1.0,1.0
scifact,bi_encoder_plus_cross_encoder,693,0.1,1.0,1.0,1.0,1.0,1.0,1.0,1.0,1.0,1.0,1.0,1.0
scifact,bi_encoder_plus_cross_encoder,70,0.0,0.0,0.0,0.0,0.052258064516129035,0.0,0.0,0.0,0.0,0.0,1.0,1.0
scifact,bi_encoder_plus_cross_encoder,700,0.1,1.0,0.16666666666666666,0.3562071871080222,0.16666666666666666,0.0,0.0,0.0,1.0,1.0,1.0,1.0
scifact,bi_encoder_plus_cross_encoder,702,0.1,1.0,0.1111111111111111,0.3010299956639812,0.1111111111111111,0.0,0.0,0.0,1.0,1.0,1.0,1.0
scifact,bi_encoder_plus_cross_encoder,715,0.0,0.0,0.0,0.0,0.07692307692307693,0.0,0.0,0.0,0.0,1.0,1.0,1.0
scifact,bi_encoder_plus_cross_encoder,716,0.0,0.0,0.0,0.0,0.016666666666666666,0.0,0.0,0.0,0.0,0.0,0.0,1.0
scifact,bi_encoder_plus_cross_encoder,718,0.1,1.0,0.5,0.6309297535714575,0.5,0.0,1.0,1.0,1.0,1.0,1.0,1.0
scifact,bi_encoder_plus_cross_encoder,72,0.1,1.0,1.0,1.0,1.0,1.0,1.0,1.0,1.0,1.0,1.0,1.0
scifact,bi_encoder_plus_cross_encoder,721,0.1,1.0,1.0,1.0,1.0,1.0,1.0,1.0,1.0,1.0,1.0,1.0
scifact,bi_encoder_plus_cross_encoder,723,0.1,1.0,1.0,1.0,1.0,1.0,1.0,1.0,1.0,1.0,1.0,1.0
scifact,bi_encoder_plus_cross_encoder,727,0.1,1.0,0.1111111111111111,0.3010299956639812,0.1111111111111111,0.0,0.0,0.0,1.0,1.0,1.0,1.0
scifact,bi_encoder_plus_cross_encoder,728,0.2,1.0,1.0,0.8065735963827293,0.625,0.5,0.5,0.5,1.0,1.0,1.0,1.0
scifact,bi_encoder_plus_cross_encoder,729,0.1,1.0,1.0,1.0,1.0,1.0,1.0,1.0,1.0,1.0,1.0,1.0
scifact,bi_encoder_plus_cross_encoder,742,0.1,1.0,1.0,1.0,1.0,1.0,1.0,1.0,1.0,1.0,1.0,1.0
scifact,bi_encoder_plus_cross_encoder,743,0.1,1.0,1.0,1.0,1.0,1.0,1.0,1.0,1.0,1.0,1.0,1.0
scifact,bi_encoder_plus_cross_encoder,744,0.1,1.0,0.5,0.6309297535714575,0.5,0.0,1.0,1.0,1.0,1.0,1.0,1.0
scifact,bi_encoder_plus_cross_encoder,75,0.1,1.0,1.0,1.0,1.0,1.0,1.0,1.0,1.0,1.0,1.0,1.0
scifact,bi_encoder_plus_cross_encoder,756,0.1,1.0,0.25,0.43067655807339306,0.25,0.0,0.0,1.0,1.0,1.0,1.0,1.0
scifact,bi_encoder_plus_cross_encoder,759,0.1,1.0,1.0,1.0,1.0,1.0,1.0,1.0,1.0,1.0,1.0,1.0
scifact,bi_encoder_plus_cross_encoder,768,0.0,0.0,0.0,0.0,0.037037037037037035,0.0,0.0,0.0,0.0,0.0,1.0,1.0
scifact,bi_encoder_plus_cross_encoder,770,0.1,1.0,1.0,1.0,1.0,1.0,1.0,1.0,1.0,1.0,1.0,1.0
scifact,bi_encoder_plus_cross_encoder,775,0.1,1.0,0.125,0.31546487678572877,0.125,0.0,0.0,0.0,1.0,1.0,1.0,1.0
scifact,bi_encoder_plus_cross_encoder,781,0.1,1.0,0.5,0.6309297535714575,0.5,0.0,1.0,1.0,1.0,1.0,1.0,1.0
scifact,bi_encoder_plus_cross_encoder,783,0.1,1.0,0.1111111111111111,0.3010299956639812,0.1111111111111111,0.0,0.0,0.0,1.0,1.0,1.0,1.0
scifact,bi_encoder_plus_cross_encoder,784,0.1,1.0,1.0,1.0,1.0,1.0,1.0,1.0,1.0,1.0,1.0,1.0
scifact,bi_encoder_plus_cross_encoder,785,0.0,0.0,0.0,0.0,0.0,0.0,0.0,0.0,0.0,0.0,0.0,0.0
scifact,bi_encoder_plus_cross_encoder,793,0.1,1.0,1.0,1.0,1.0,1.0,1.0,1.0,1.0,1.0,1.0,1.0
scifact,bi_encoder_plus_cross_encoder,800,0.1,1.0,0.5,0.6309297535714575,0.5,0.0,1.0,1.0,1.0,1.0,1.0,1.0
scifact,bi_encoder_plus_cross_encoder,805,0.1,1.0,1.0,1.0,1.0,1.0,1.0,1.0,1.0,1.0,1.0,1.0
scifact,bi_encoder_plus_cross_encoder,808,0.1,1.0,1.0,1.0,1.0,1.0,1.0,1.0,1.0,1.0,1.0,1.0
scifact,bi_encoder_plus_cross_encoder,811,0.1,1.0,1.0,1.0,1.0,1.0,1.0,1.0,1.0,1.0,1.0,1.0
scifact,bi_encoder_plus_cross_encoder,814,0.1,1.0,1.0,1.0,1.0,1.0,1.0,1.0,1.0,1.0,1.0,1.0
scifact,bi_encoder_plus_cross_encoder,820,0.0,0.0,0.0,0.0,0.0,0.0,0.0,0.0,0.0,0.0,0.0,0.0
scifact,bi_encoder_plus_cross_encoder,821,0.0,0.0,0.0,0.0,0.0,0.0,0.0,0.0,0.0,0.0,0.0,0.0
scifact,bi_encoder_plus_cross_encoder,823,0.1,1.0,1.0,1.0,1.0,1.0,1.0,1.0,1.0,1.0,1.0,1.0
scifact,bi_encoder_plus_cross_encoder,830,0.0,0.0,0.0,0.0,0.02857142857142857,0.0,0.0,0.0,0.0,0.0,1.0,1.0
scifact,bi_encoder_plus_cross_encoder,831,0.0,0.0,0.0,0.0,0.0,0.0,0.0,0.0,0.0,0.0,0.0,0.0
scifact,bi_encoder_plus_cross_encoder,832,0.1,1.0,1.0,1.0,1.0,1.0,1.0,1.0,1.0,1.0,1.0,1.0
scifact,bi_encoder_plus_cross_encoder,834,0.0,0.0,0.0,0.0,0.0,0.0,0.0,0.0,0.0,0.0,0.0,0.0
scifact,bi_encoder_plus_cross_encoder,837,0.1,1.0,0.5,0.6309297535714575,0.5,0.0,1.0,1.0,1.0,1.0,1.0,1.0
scifact,bi_encoder_plus_cross_encoder,839,0.1,1.0,1.0,1.0,1.0,1.0,1.0,1.0,1.0,1.0,1.0,1.0
scifact,bi_encoder_plus_cross_encoder,845,0.1,1.0,1.0,1.0,1.0,1.0,1.0,1.0,1.0,1.0,1.0,1.0
scifact,bi_encoder_plus_cross_encoder,847,0.1,1.0,1.0,1.0,1.0,1.0,1.0,1.0,1.0,1.0,1.0,1.0
scifact,bi_encoder_plus_cross_encoder,852,0.1,1.0,0.5,0.6309297535714575,0.5,0.0,1.0,1.0,1.0,1.0,1.0,1.0
scifact,bi_encoder_plus_cross_encoder,859,0.1,1.0,0.5,0.6309297535714575,0.5,0.0,1.0,1.0,1.0,1.0,1.0,1.0
scifact,bi_encoder_plus_cross_encoder,870,0.0,0.0,0.0,0.0,0.011494252873563218,0.0,0.0,0.0,0.0,0.0,0.0,1.0
scifact,bi_encoder_plus_cross_encoder,873,0.2,1.0,0.3333333333333333,0.3156484524795145,0.2593248945147679,0.0,0.2,0.4,0.4,0.8,0.8,1.0
scifact,bi_encoder_plus_cross_encoder,879,0.1,1.0,1.0,1.0,1.0,1.0,1.0,1.0,1.0,1.0,1.0,1.0
scifact,bi_encoder_plus_cross_encoder,880,0.1,1.0,1.0,1.0,1.0,1.0,1.0,1.0,1.0,1.0,1.0,1.0
scifact,bi_encoder_plus_cross_encoder,882,0.1,1.0,1.0,1.0,1.0,1.0,1.0,1.0,1.0,1.0,1.0,1.0
scifact,bi_encoder_plus_cross_encoder,887,0.0,0.0,0.0,0.0,0.038461538461538464,0.0,0.0,0.0,0.0,0.0,1.0,1.0
scifact,bi_encoder_plus_cross_encoder,903,0.1,1.0,1.0,1.0,1.0,1.0,1.0,1.0,1.0,1.0,1.0,1.0
scifact,bi_encoder_plus_cross_encoder,904,0.1,1.0,1.0,1.0,1.0,1.0,1.0,1.0,1.0,1.0,1.0,1.0
scifact,bi_encoder_plus_cross_encoder,907,0.1,1.0,1.0,1.0,1.0,1.0,1.0,1.0,1.0,1.0,1.0,1.0
scifact,bi_encoder_plus_cross_encoder,911,0.1,1.0,1.0,1.0,1.0,1.0,1.0,1.0,1.0,1.0,1.0,1.0
scifact,bi_encoder_plus_cross_encoder,913,0.0,0.0,0.0,0.0,0.045454545454545456,0.0,0.0,0.0,0.0,0.0,1.0,1.0
scifact,bi_encoder_plus_cross_encoder,914,0.0,0.0,0.0,0.0,0.041666666666666664,0.0,0.0,0.0,0.0,0.0,1.0,1.0
scifact,bi_encoder_plus_cross_encoder,921,0.1,1.0,1.0,1.0,1.0,1.0,1.0,1.0,1.0,1.0,1.0,1.0
scifact,bi_encoder_plus_cross_encoder,922,0.1,1.0,1.0,1.0,1.0,1.0,1.0,1.0,1.0,1.0,1.0,1.0
scifact,bi_encoder_plus_cross_encoder,936,0.1,1.0,1.0,1.0,1.0,1.0,1.0,1.0,1.0,1.0,1.0,1.0
scifact,bi_encoder_plus_cross_encoder,94,0.0,0.0,0.0,0.0,0.08333333333333333,0.0,0.0,0.0,0.0,1.0,1.0,1.0
scifact,bi_encoder_plus_cross_encoder,956,0.1,1.0,1.0,1.0,1.0,1.0,1.0,1.0,1.0,1.0,1.0,1.0
scifact,bi_encoder_plus_cross_encoder,957,0.1,1.0,1.0,1.0,1.0,1.0,1.0,1.0,1.0,1.0,1.0,1.0
scifact,bi_encoder_plus_cross_encoder,960,0.1,1.0,1.0,1.0,1.0,1.0,1.0,1.0,1.0,1.0,1.0,1.0
scifact,bi_encoder_plus_cross_encoder,967,0.2,1.0,1.0,0.9197207891481876,0.8333333333333333,0.5,1.0,1.0,1.0,1.0,1.0,1.0
scifact,bi_encoder_plus_cross_encoder,971,0.4,1.0,1.0,0.9558295932317544,0.8875,0.25,0.5,1.0,1.0,1.0,1.0,1.0
scifact,bi_encoder_plus_cross_encoder,975,0.0,0.0,0.0,0.0,0.0,0.0,0.0,0.0,0.0,0.0,0.0,0.0
scifact,bi_encoder_plus_cross_encoder,982,0.1,1.0,1.0,1.0,1.0,1.0,1.0,1.0,1.0,1.0,1.0,1.0
scifact,bi_encoder_plus_cross_encoder,985,0.1,1.0,1.0,1.0,1.0,1.0,1.0,1.0,1.0,1.0,1.0,1.0
scifact,bi_encoder_plus_cross_encoder,99,0.1,1.0,1.0,1.0,1.0,1.0,1.0,1.0,1.0,1.0,1.0,1.0
scifact,bi_encoder_plus_cross_encoder,993,0.1,1.0,1.0,1.0,1.0,1.0,1.0,1.0,1.0,1.0,1.0,1.0
nfcorpus,tfidf,PLAIN-1008,0.0,0.0,0.0,0.0,0.0,0.0,0.0,0.0,0.0,0.0,0.0,0.0
nfcorpus,tfidf,PLAIN-1018,0.6,1.0,0.5,0.5302442049991306,0.07322940947940948,0.0,0.016666666666666666,0.05,0.1,0.11666666666666667,0.13333333333333333,0.13333333333333333
nfcorpus,tfidf,PLAIN-102,0.1,1.0,0.2,0.14868624537844896,0.008333333333333333,0.0,0.0,0.041666666666666664,0.041666666666666664,0.041666666666666664,0.041666666666666664,0.041666666666666664
nfcorpus,tfidf,PLAIN-1028,0.0,0.0,0.0,0.0,0.0,0.0,0.0,0.0,0.0,0.0,0.0,0.0
nfcorpus,tfidf,PLAIN-1039,0.2,1.0,1.0,1.0,1.0,0.5,1.0,1.0,1.0,1.0,1.0,1.0
nfcorpus,tfidf,PLAIN-1050,0.1,1.0,0.1,0.06362078819895171,0.0010638297872340426,0.0,0.0,0.0,0.010638297872340425,0.010638297872340425,0.010638297872340425,0.010638297872340425
nfcorpus,tfidf,PLAIN-1066,0.0,0.0,0.0,0.0,0.0,0.0,0.0,0.0,0.0,0.0,0.0,0.0
nfcorpus,tfidf,PLAIN-1088,0.2,1.0,1.0,0.5531464700081437,0.4,0.2,0.4,0.4,0.4,0.4,0.4,0.4
nfcorpus,tfidf,PLAIN-1098,0.0,0.0,0.0,0.0,0.0,0.0,0.0,0.0,0.0,0.0,0.0,0.0
nfcorpus,tfidf,PLAIN-1109,0.5,1.0,1.0,0.604685538711841,0.07365728650398402,0.01020408163265306,0.030612244897959183,0.030612244897959183,0.05102040816326531,0.09183673469387756,0.12244897959183673,0.1326530612244898
nfcorpus,tfidf,PLAIN-1119,0.0,0.0,0.0,0.0,0.0,0.0,0.0,0.0,0.0,0.0,0.0,0.0
nfcorpus,tfidf,PLAIN-112,0.2,1.0,1.0,0.4655121707617589,0.04063789989680083,0.017857142857142856,0.03571428571428571,0.03571428571428571,0.03571428571428571,0.07142857142857142,0.07142857142857142,0.10714285714285714
nfcorpus,tfidf,PLAIN-1130,0.1,1.0,1.0,1.0,1.0,1.0,1.0,1.0,1.0,1.0,1.0,1.0
nfcorpus,tfidf,PLAIN-1141,0.1,1.0,1.0,0.22009176629808017,0.06734768779055542,0.0625,0.0625,0.0625,0.0625,0.0625,0.0625,0.1875
nfcorpus,tfidf,PLAIN-1151,0.2,1.0,0.25,0.1681522864689108,0.019491045583002183,0.0,0.0,0.006535947712418301,0.013071895424836602,0.0196078431372549,0.0457516339869281,0.06535947712418301
nfcorpus,tfidf,PLAIN-1161,0.0,0.0,0.0,0.0,0.0,0.0,0.0,0.0,0.0,0.0,0.0,0.0
nfcorpus,tfidf,PLAIN-1172,0.1,1.0,1.0,0.22009176629808017,0.05263157894736842,0.05263157894736842,0.05263157894736842,0.05263157894736842,0.05263157894736842,0.05263157894736842,0.05263157894736842,0.05263157894736842
nfcorpus,tfidf,PLAIN-1183,0.2,1.0,1.0,0.28952298823485745,0.05,0.04,0.04,0.04,0.08,0.08,0.08,0.08
nfcorpus,tfidf,PLAIN-1193,0.0,0.0,0.0,0.0,0.048300386330707004,0.0,0.0,0.0,0.0,0.1111111111111111,0.2222222222222222,0.4444444444444444
nfcorpus,tfidf,PLAIN-12,0.0,0.0,0.0,0.0,0.004455500276395798,0.0,0.0,0.0,0.0,0.03333333333333333,0.03333333333333333,0.1
nfcorpus,tfidf,PLAIN-1203,0.2,1.0,1.0,0.3589542101716347,0.16666666666666666,0.08333333333333333,0.16666666666666666,0.16666666666666666,0.16666666666666666,0.16666666666666666,0.16666666666666666,0.16666666666666666
nfcorpus,tfidf,PLAIN-1214,0.0,0.0,0.0,0.0,0.0,0.0,0.0,0.0,0.0,0.0,0.0,0.0
nfcorpus,tfidf,PLAIN-1225,0.6,1.0,0.5,0.5455017237786198,0.21801007634340966,0.0,0.07407407407407407,0.1111111111111111,0.2222222222222222,0.3333333333333333,0.37037037037037035,0.37037037037037035
nfcorpus,tfidf,PLAIN-123,0.1,1.0,0.16666666666666666,0.031938549095869656,0.010953513018262565,0.0,0.0,0.0,0.0196078431372549,0.0196078431372549,0.058823529411764705,0.11764705882352941
nfcorpus,tfidf,PLAIN-1236,0.1,1.0,1.0,0.3391602052736161,0.2,0.2,0.2,0.2,0.2,0.2,0.2,0.2
nfcorpus,tfidf,PLAIN-1249,0.0,0.0,0.0,0.0,0.0,0.0,0.0,0.0,0.0,0.0,0.0,0.0
nfcorpus,tfidf,PLAIN-1262,0.3,1.0,0.5,0.30701473034246535,0.14792043399638338,0.0,0.1,0.2,0.3,0.3,0.3,0.4
nfcorpus,tfidf,PLAIN-1275,0.3,1.0,1.0,0.4537425745411855,0.06782953888217046,0.01818181818181818,0.03636363636363636,0.05454545454545454,0.05454545454545454,0.10909090909090909,0.10909090909090909,0.10909090909090909
nfcorpus,tfidf,PLAIN-1288,0.7,1.0,1.0,0.7534494445524138,0.07775641025641027,0.00510204081632653,0.015306122448979591,0.02040816326530612,0.03571428571428571,0.05102040816326531,0.05102040816326531,0.05102040816326531
nfcorpus,tfidf,PLAIN-1299,0.2,1.0,1.0,0.31488013066763093,0.026932084309133488,0.01639344262295082,0.01639344262295082,0.03278688524590164,0.03278688524590164,0.03278688524590164,0.04918032786885246,0.04918032786885246
nfcorpus,tfidf,PLAIN-1309,0.0,0.0,0.0,0.0,0.0,0.0,0.0,0.0,0.0,0.0,0.0,0.0
nfcorpus,tfidf,PLAIN-1320,0.2,1.0,1.0,0.45390362024822023,0.30158730158730157,0.16666666666666666,0.3333333333333333,0.3333333333333333,0.3333333333333333,0.3333333333333333,0.5,0.5
nfcorpus,tfidf,PLAIN-133,0.0,0.0,0.0,0.0,0.0012183235867446393,0.0,0.0,0.0,0.0,0.0,0.0,0.05555555555555555
nfcorpus,tfidf,PLAIN-1331,0.0,0.0,0.0,0.0,0.0,0.0,0.0,0.0,0.0,0.0,0.0,0.0
nfcorpus,tfidf,PLAIN-1342,0.3,1.0,0.3333333333333333,0.28323251649726616,0.11953124999999999,0.0,0.0625,0.125,0.1875,0.3125,0.3125,0.3125
nfcorpus,tfidf,PLAIN-1353,0.0,0.0,0.0,0.0,0.0,0.0,0.0,0.0,0.0,0.0,0.0,0.0
nfcorpus,tfidf,PLAIN-1363,0.1,1.0,1.0,0.22009176629808017,0.09090909090909091,0.09090909090909091,0.09090909090909091,0.09090909090909091,0.09090909090909091,0.09090909090909091,0.09090909090909091,0.09090909090909091
nfcorpus,tfidf,PLAIN-1374,0.1,1.0,0.16666666666666666,0.07839826897867533,0.020190593720005486,0.0,0.0,0.0,0.038461538461538464,0.11538461538461539,0.11538461538461539,0.11538461538461539
nfcorpus,tfidf,PLAIN-1387,0.6,1.0,1.0,0.6530488081313035,0.467022792022792,0.08333333333333333,0.16666666666666666,0.25,0.5,0.6666666666666666,0.6666666666666666,0.6666666666666666
nfcorpus,tfidf,PLAIN-1398,1.0,1.0,1.0,1.0,0.23467246280232526,0.009708737864077669,0.02912621359223301,0.04854368932038835,0.0970873786407767,0.18446601941747573,0.24271844660194175,0.24271844660194175
nfcorpus,tfidf,PLAIN-1409,0.1,1.0,0.1,0.06362078819895171,0.007532277280913353,0.0,0.0,0.0,0.003952569169960474,0.007905138339920948,0.023715415019762844,0.02766798418972332
nfcorpus,tfidf,PLAIN-1419,0.2,1.0,1.0,0.33013764944712026,0.02564102564102564,0.015384615384615385,0.03076923076923077,0.03076923076923077,0.03076923076923077,0.03076923076923077,0.03076923076923077,0.03076923076923077
nfcorpus,tfidf,PLAIN-1429,0.0,0.0,0.0,0.0,0.01485100329439952,0.0,0.0,0.0,0.0,0.0,0.0,0.5
nfcorpus,tfidf,PLAIN-143,0.2,1.0,1.0,0.5124644915684198,0.03062947401182695,0.0196078431372549,0.0196078431372549,0.0196078431372549,0.0392156862745098,0.058823529411764705,0.0784313725490196,0.0784313725490196
nfcorpus,tfidf,PLAIN-1441,0.4,1.0,1.0,0.5173633627401372,0.12408472530625282,0.005376344086021506,0.010752688172043012,0.016129032258064516,0.021505376344086023,0.04838709677419355,0.11290322580645161,0.13440860215053763
nfcorpus,tfidf,PLAIN-1453,0.4,1.0,0.3333333333333333,0.34051969290975714,0.10764590891179307,0.0,0.004081632653061225,0.00816326530612245,0.0163265306122449,0.036734693877551024,0.06938775510204082,0.11020408163265306
nfcorpus,tfidf,PLAIN-1463,0.3,1.0,1.0,0.43735247915031,0.1600572315551319,0.041666666666666664,0.08333333333333333,0.08333333333333333,0.125,0.20833333333333334,0.25,0.375
nfcorpus,tfidf,PLAIN-1473,0.1,1.0,1.0,1.0,1.0,1.0,1.0,1.0,1.0,1.0,1.0,1.0
nfcorpus,tfidf,PLAIN-1485,0.0,0.0,0.0,0.0,0.0005973715651135006,0.0,0.0,0.0,0.0,0.0,0.018518518518518517,0.018518518518518517
nfcorpus,tfidf,PLAIN-1496,0.0,0.0,0.0,0.0,0.0,0.0,0.0,0.0,0.0,0.0,0.0,0.0
nfcorpus,tfidf,PLAIN-1506,0.2,1.0,0.5,0.21726071285222986,0.05555555555555555,0.0,0.06666666666666667,0.06666666666666667,0.13333333333333333,0.13333333333333333,0.13333333333333333,0.13333333333333333
nfcorpus,tfidf,PLAIN-1516,0.0,0.0,0.0,0.0,0.0,0.0,0.0,0.0,0.0,0.0,0.0,0.0
nfcorpus,tfidf,PLAIN-1527,0.8,1.0,1.0,0.8701249883466592,0.2269251988721507,0.0049504950495049506,0.01485148514851485,0.024752475247524754,0.039603960396039604,0.07920792079207921,0.12871287128712872,0.15346534653465346
nfcorpus,tfidf,PLAIN-153,0.6,1.0,1.0,0.4447984568662875,0.14114520076846312,0.02127659574468085,0.0425531914893617,0.0425531914893617,0.1276595744680851,0.1702127659574468,0.23404255319148937,0.2765957446808511
nfcorpus,tfidf,PLAIN-1537,0.0,0.0,0.0,0.0,0.02142673615209319,0.0,0.0,0.0,0.0,0.06666666666666667,0.06666666666666667,0.2222222222222222
nfcorpus,tfidf,PLAIN-1547,0.0,0.0,0.0,0.0,0.0,0.0,0.0,0.0,0.0,0.0,0.0,0.0
nfcorpus,tfidf,PLAIN-1557,0.3,1.0,0.3333333333333333,0.2781981696179509,0.06036911806142575,0.0,0.038461538461538464,0.07692307692307693,0.11538461538461539,0.15384615384615385,0.15384615384615385,0.15384615384615385
nfcorpus,tfidf,PLAIN-1568,0.2,1.0,1.0,1.0,1.0,0.5,1.0,1.0,1.0,1.0,1.0,1.0
nfcorpus,tfidf,PLAIN-1579,0.1,1.0,1.0,0.3391602052736161,0.2,0.2,0.2,0.2,0.2,0.2,0.2,0.2
nfcorpus,tfidf,PLAIN-1590,0.2,1.0,0.5,0.2082936658103318,0.047537163013353485,0.0,0.05555555555555555,0.05555555555555555,0.1111111111111111,0.1111111111111111,0.16666666666666666,0.2222222222222222
nfcorpus,tfidf,PLAIN-1601,0.6,1.0,1.0,0.7155506487682609,0.15545477719390763,0.013513513513513514,0.04054054054054054,0.05405405405405406,0.08108108108108109,0.12162162162162163,0.22972972972972974,0.24324324324324326
nfcorpus,tfidf,PLAIN-1611,0.0,0.0,0.0,0.0,0.0,0.0,0.0,0.0,0.0,0.0,0.0,0.0
nfcorpus,tfidf,PLAIN-1621,0.0,0.0,0.0,0.0,0.0,0.0,0.0,0.0,0.0,0.0,0.0,0.0
nfcorpus,tfidf,PLAIN-1635,0.6,1.0,1.0,0.6691255538181726,0.45417688715075677,0.002320185614849188,0.004640371229698376,0.0069605568445475635,0.013921113689095127,0.03480278422273782,0.08352668213457076,0.14849187935034802
nfcorpus,tfidf,PLAIN-1645,0.1,1.0,1.0,0.3026024134988135,0.16666666666666666,0.16666666666666666,0.16666666666666666,0.16666666666666666,0.16666666666666666,0.16666666666666666,0.16666666666666666,0.16666666666666666
nfcorpus,tfidf,PLAIN-165,0.3,1.0,0.25,0.22116405830481464,0.05338406221766415,0.0,0.0,0.05555555555555555,0.08333333333333333,0.08333333333333333,0.16666666666666666,0.2222222222222222
nfcorpus,tfidf,PLAIN-1656,0.1,1.0,0.2,0.08514311764162098,0.0071428571428571435,0.0,0.0,0.03571428571428571,0.03571428571428571,0.03571428571428571,0.03571428571428571,0.03571428571428571
nfcorpus,tfidf,PLAIN-1667,0.7,1.0,0.5,0.6352557412688554,0.20081670563998488,0.0,0.012578616352201259,0.025157232704402517,0.0440251572327044,0.08176100628930817,0.15723270440251572,0.2138364779874214
nfcorpus,tfidf,PLAIN-1679,0.0,0.0,0.0,0.0,0.0,0.0,0.0,0.0,0.0,0.0,0.0,0.0
nfcorpus,tfidf,PLAIN-1690,0.0,0.0,0.0,0.0,0.005319148936170213,0.0,0.0,0.0,0.0,0.0,0.25,0.25
nfcorpus,tfidf,PLAIN-1700,0.0,0.0,0.0,0.0,0.0,0.0,0.0,0.0,0.0,0.0,0.0,0.0
nfcorpus,tfidf,PLAIN-1710,1.0,1.0,1.0,1.0,0.8125,0.0625,0.1875,0.3125,0.625,0.8125,0.8125,0.8125
nfcorpus,tfidf,PLAIN-1721,0.6,1.0,1.0,0.6652907408280683,0.1557917396854244,0.03225806451612903,0.06451612903225806,0.0967741935483871,0.1935483870967742,0.1935483870967742,0.1935483870967742,0.22580645161290322
nfcorpus,tfidf,PLAIN-1731,0.2,1.0,1.0,0.7653606369886217,0.6666666666666666,0.3333333333333333,0.6666666666666666,0.6666666666666666,0.6666666666666666,0.6666666666666666,0.6666666666666666,0.6666666666666666
nfcorpus,tfidf,PLAIN-1741,0.9,1.0,1.0,0.9363792118010481,0.5702335605627984,0.002380952380952381,0.007142857142857143,0.011904761904761904,0.02142857142857143,0.04523809523809524,0.09761904761904762,0.15476190476190477
nfcorpus,tfidf,PLAIN-175,0.3,1.0,1.0,0.3249649487838764,0.09189029454986902,0.02702702702702703,0.08108108108108109,0.08108108108108109,0.08108108108108109,0.10810810810810811,0.10810810810810811,0.16216216216216217
nfcorpus,tfidf,PLAIN-1752,0.0,0.0,0.0,0.0,0.0,0.0,0.0,0.0,0.0,0.0,0.0,0.0
nfcorpus,tfidf,PLAIN-1762,0.3,1.0,0.3333333333333333,0.3085246824454944,0.1705895390070922,0.0,0.125,0.25,0.375,0.375,0.625,0.625
nfcorpus,tfidf,PLAIN-1772,0.2,1.0,1.0,1.0,1.0,0.5,1.0,1.0,1.0,1.0,1.0,1.0
nfcorpus,tfidf,PLAIN-1784,0.0,0.0,0.0,0.0,0.0,0.0,0.0,0.0,0.0,0.0,0.0,0.0
nfcorpus,tfidf,PLAIN-1794,0.2,1.0,1.0,1.0,1.0,0.5,1.0,1.0,1.0,1.0,1.0,1.0
nfcorpus,tfidf,PLAIN-1805,1.0,1.0,1.0,1.0,0.2184385308716083,0.008620689655172414,0.02586206896551724,0.04310344827586207,0.08620689655172414,0.13793103448275862,0.20689655172413793,0.21551724137931033
nfcorpus,tfidf,PLAIN-1817,0.4,1.0,1.0,0.5352543167750637,0.12757201646090535,0.037037037037037035,0.1111111111111111,0.1111111111111111,0.14814814814814814,0.14814814814814814,0.14814814814814814,0.14814814814814814
nfcorpus,tfidf,PLAIN-1827,0.0,0.0,0.0,0.0,0.0,0.0,0.0,0.0,0.0,0.0,0.0,0.0
nfcorpus,tfidf,PLAIN-1837,1.0,1.0,1.0,1.0,0.4338873829744425,0.00510204081632653,0.015306122448979591,0.025510204081632654,0.05102040816326531,0.10204081632653061,0.20918367346938777,0.23979591836734693
nfcorpus,tfidf,PLAIN-1847,0.2,1.0,1.0,0.33013764944712026,0.1515151515151515,0.09090909090909091,0.18181818181818182,0.18181818181818182,0.18181818181818182,0.18181818181818182,0.18181818181818182,0.18181818181818182
nfcorpus,tfidf,PLAIN-1857,0.5,1.0,1.0,0.6274092458891772,0.13920454545454544,0.030303030303030304,0.09090909090909091,0.12121212121212122,0.15151515151515152,0.15151515151515152,0.15151515151515152,0.18181818181818182
nfcorpus,tfidf,PLAIN-186,0.1,1.0,1.0,0.22009176629808017,0.042682926829268296,0.041666666666666664,0.041666666666666664,0.041666666666666664,0.041666666666666664,0.041666666666666664,0.041666666666666664,0.08333333333333333
nfcorpus,tfidf,PLAIN-1867,0.0,0.0,0.0,0.0,0.0,0.0,0.0,0.0,0.0,0.0,0.0,0.0
nfcorpus,tfidf,PLAIN-1877,0.0,0.0,0.0,0.0,0.0004084967320261438,0.0,0.0,0.0,0.0,0.0,0.0,0.027777777777777776
nfcorpus,tfidf,PLAIN-1887,0.0,0.0,0.0,0.0,0.0,0.0,0.0,0.0,0.0,0.0,0.0,0.0
nfcorpus,tfidf,PLAIN-1897,0.0,0.0,0.0,0.0,0.0,0.0,0.0,0.0,0.0,0.0,0.0,0.0
nfcorpus,tfidf,PLAIN-1909,0.8,1.0,1.0,0.8701249883466592,0.25596439266151894,0.0021598272138228943,0.0064794816414686825,0.01079913606911447,0.017278617710583154,0.032397408207343416,0.06263498920086392,0.0755939524838013
nfcorpus,tfidf,PLAIN-1919,0.7,1.0,1.0,0.7909506325094736,0.3897556646365743,0.037037037037037035,0.1111111111111111,0.18518518518518517,0.25925925925925924,0.3333333333333333,0.5555555555555556,0.6296296296296297
nfcorpus,tfidf,PLAIN-1929,0.0,0.0,0.0,0.0,0.0,0.0,0.0,0.0,0.0,0.0,0.0,0.0
nfcorpus,tfidf,PLAIN-1940,0.2,1.0,1.0,0.3589542101716347,0.17592592592592593,0.08333333333333333,0.16666666666666666,0.16666666666666666,0.16666666666666666,0.16666666666666666,0.25,0.25
nfcorpus,tfidf,PLAIN-1950,0.2,1.0,0.5,0.2489083270225946,0.08974358974358973,0.0,0.15384615384615385,0.15384615384615385,0.15384615384615385,0.15384615384615385,0.15384615384615385,0.15384615384615385
nfcorpus,tfidf,PLAIN-196,0.6,1.0,1.0,0.6816808362189437,0.07527207092424484,0.014492753623188406,0.028985507246376812,0.057971014492753624,0.08695652173913043,0.08695652173913043,0.10144927536231885,0.10144927536231885
nfcorpus,tfidf,PLAIN-1962,0.0,0.0,0.0,0.0,0.0,0.0,0.0,0.0,0.0,0.0,0.0,0.0
nfcorpus,tfidf,PLAIN-1972,0.0,0.0,0.0,0.0,0.0,0.0,0.0,0.0,0.0,0.0,0.0,0.0
nfcorpus,tfidf,PLAIN-1983,1.0,1.0,1.0,1.0,0.4508858608973025,0.03125,0.09375,0.15625,0.3125,0.4375,0.5,0.5
nfcorpus,tfidf,PLAIN-1995,0.0,0.0,0.0,0.0,0.002525252525252525,0.0,0.0,0.0,0.0,0.0,0.09090909090909091,0.09090909090909091
nfcorpus,tfidf,PLAIN-2,0.6,1.0,1.0,0.6839349288599946,0.2928366425241425,0.041666666666666664,0.125,0.125,0.25,0.2916666666666667,0.4583333333333333,0.5833333333333334
nfcorpus,tfidf,PLAIN-2009,0.1,1.0,0.3333333333333333,0.12647135138382856,0.041666666666666664,0.0,0.125,0.125,0.125,0.125,0.125,0.125
nfcorpus,tfidf,PLAIN-2019,0.1,1.0,1.0,0.46927872602275644,0.3333333333333333,0.3333333333333333,0.3333333333333333,0.3333333333333333,0.3333333333333333,0.3333333333333333,0.3333333333333333,0.3333333333333333
nfcorpus,tfidf,PLAIN-2030,0.1,1.0,1.0,0.3026024134988135,0.16666666666666666,0.16666666666666666,0.16666666666666666,0.16666666666666666,0.16666666666666666,0.16666666666666666,0.16666666666666666,0.16666666666666666
nfcorpus,tfidf,PLAIN-2040,0.6,1.0,1.0,0.7034066032439746,0.07346122019406195,0.007575757575757576,0.022727272727272728,0.030303030303030304,0.045454545454545456,0.06060606060606061,0.08333333333333333,0.08333333333333333
nfcorpus,tfidf,PLAIN-2051,0.7,1.0,1.0,0.7123736502858726,0.23132013989734596,0.0028169014084507044,0.005633802816901409,0.008450704225352112,0.01971830985915493,0.028169014084507043,0.0676056338028169,0.11830985915492957
nfcorpus,tfidf,PLAIN-2061,0.9,1.0,1.0,0.9216017310213246,0.29154930132866763,0.0024390243902439024,0.007317073170731708,0.012195121951219513,0.02195121951219512,0.04390243902439024,0.07804878048780488,0.08536585365853659
nfcorpus,tfidf,PLAIN-207,0.3,1.0,1.0,0.4537425745411855,0.10143182328657195,0.01818181818181818,0.03636363636363636,0.05454545454545454,0.05454545454545454,0.09090909090909091,0.18181818181818182,0.2727272727272727
nfcorpus,tfidf,PLAIN-2071,0.5,1.0,1.0,0.5810820381115674,0.12901607651607652,0.022222222222222223,0.044444444444444446,0.06666666666666667,0.1111111111111111,0.2,0.2,0.2
nfcorpus,tfidf,PLAIN-2081,0.1,1.0,1.0,1.0,1.0,1.0,1.0,1.0,1.0,1.0,1.0,1.0
nfcorpus,tfidf,PLAIN-2092,0.5,1.0,1.0,0.6489315753318465,0.5,0.1,0.3,0.5,0.5,0.5,0.5,0.5
nfcorpus,tfidf,PLAIN-2102,0.4,1.0,1.0,0.5135285497500329,0.2059492099781461,0.0023752969121140144,0.004750593824228029,0.007125890736342043,0.009501187648456057,0.0166270783847981,0.05938242280285035,0.09738717339667459
nfcorpus,tfidf,PLAIN-2113,0.0,0.0,0.0,0.0,0.0,0.0,0.0,0.0,0.0,0.0,0.0,0.0
nfcorpus,tfidf,PLAIN-2124,0.2,1.0,1.0,0.3589542101716347,0.11764705882352941,0.058823529411764705,0.11764705882352941,0.11764705882352941,0.11764705882352941,0.11764705882352941,0.11764705882352941,0.11764705882352941
nfcorpus,tfidf,PLAIN-2134,0.0,0.0,0.0,0.0,0.0,0.0,0.0,0.0,0.0,0.0,0.0,0.0
nfcorpus,tfidf,PLAIN-2145,0.1,1.0,0.5,0.14829723057014912,0.05555555555555555,0.0,0.1111111111111111,0.1111111111111111,0.1111111111111111,0.1111111111111111,0.1111111111111111,0.1111111111111111
nfcorpus,tfidf,PLAIN-2156,0.3,1.0,1.0,0.644824486427155,0.5,0.16666666666666666,0.5,0.5,0.5,0.5,0.5,0.5
nfcorpus,tfidf,PLAIN-2167,0.0,0.0,0.0,0.0,0.0,0.0,0.0,0.0,0.0,0.0,0.0,0.0
nfcorpus,tfidf,PLAIN-217,0.0,0.0,0.0,0.0,0.001753098499673842,0.0,0.0,0.0,0.0,0.0,0.027777777777777776,0.05555555555555555
nfcorpus,tfidf,PLAIN-2177,0.3,1.0,0.5,0.29727159644205703,0.05704022988505747,0.0,0.041666666666666664,0.08333333333333333,0.125,0.125,0.125,0.16666666666666666
nfcorpus,tfidf,PLAIN-2187,0.2,1.0,1.0,0.3833427799846345,0.2222222222222222,0.1111111111111111,0.2222222222222222,0.2222222222222222,0.2222222222222222,0.2222222222222222,0.2222222222222222,0.2222222222222222
nfcorpus,tfidf,PLAIN-2197,0.8,1.0,1.0,0.8579809428223729,0.13139709906951286,0.017241379310344827,0.05172413793103448,0.08620689655172414,0.13793103448275862,0.13793103448275862,0.13793103448275862,0.13793103448275862
nfcorpus,tfidf,PLAIN-2209,0.0,0.0,0.0,0.0,0.0,0.0,0.0,0.0,0.0,0.0,0.0,0.0
nfcorpus,tfidf,PLAIN-2220,0.1,1.0,1.0,0.2350455494144854,0.1111111111111111,0.1111111111111111,0.1111111111111111,0.1111111111111111,0.1111111111111111,0.1111111111111111,0.1111111111111111,0.1111111111111111
nfcorpus,tfidf,PLAIN-2230,0.0,0.0,0.0,0.0,0.0,0.0,0.0,0.0,0.0,0.0,0.0,0.0
nfcorpus,tfidf,PLAIN-2240,0.5,1.0,1.0,0.6371523797895855,0.4285714285714286,0.09090909090909091,0.2727272727272727,0.36363636363636365,0.45454545454545453,0.45454545454545453,0.45454545454545453,0.45454545454545453
nfcorpus,tfidf,PLAIN-2250,0.0,0.0,0.0,0.0,0.0,0.0,0.0,0.0,0.0,0.0,0.0,0.0
nfcorpus,tfidf,PLAIN-2261,0.5,1.0,1.0,0.5919268187287083,0.07902356902356902,0.016666666666666666,0.03333333333333333,0.05,0.08333333333333333,0.1,0.13333333333333333,0.15
nfcorpus,tfidf,PLAIN-227,0.1,1.0,1.0,0.22009176629808017,0.025,0.025,0.025,0.025,0.025,0.025,0.025,0.025
nfcorpus,tfidf,PLAIN-2271,0.0,0.0,0.0,0.0,0.0019230769230769232,0.0,0.0,0.0,0.0,0.0,0.0,0.1
nfcorpus,tfidf,PLAIN-2281,0.0,0.0,0.0,0.0,0.0,0.0,0.0,0.0,0.0,0.0,0.0,0.0
nfcorpus,tfidf,PLAIN-2291,0.1,1.0,1.0,0.3391602052736161,0.23333333333333334,0.2,0.2,0.2,0.2,0.4,0.4,0.4
nfcorpus,tfidf,PLAIN-23,0.1,1.0,0.3333333333333333,0.03668196104968003,0.03375502182990199,0.0,0.011111111111111112,0.011111111111111112,0.011111111111111112,0.044444444444444446,0.1111111111111111,0.15555555555555556
nfcorpus,tfidf,PLAIN-2301,0.0,0.0,0.0,0.0,0.0,0.0,0.0,0.0,0.0,0.0,0.0,0.0
nfcorpus,tfidf,PLAIN-2311,0.0,0.0,0.0,0.0,0.0,0.0,0.0,0.0,0.0,0.0,0.0,0.0
nfcorpus,tfidf,PLAIN-2321,0.0,0.0,0.0,0.0,0.0,0.0,0.0,0.0,0.0,0.0,0.0,0.0
nfcorpus,tfidf,PLAIN-2332,0.4,1.0,1.0,0.4341754806679218,0.04047551943267064,0.010309278350515464,0.010309278350515464,0.010309278350515464,0.041237113402061855,0.05154639175257732,0.08247422680412371,0.13402061855670103
nfcorpus,tfidf,PLAIN-2343,0.0,0.0,0.0,0.0,0.0,0.0,0.0,0.0,0.0,0.0,0.0,0.0
nfcorpus,tfidf,PLAIN-2354,0.2,1.0,1.0,0.5531464700081437,0.4,0.2,0.4,0.4,0.4,0.4,0.4,0.4
nfcorpus,tfidf,PLAIN-2364,0.0,0.0,0.0,0.0,0.0,0.0,0.0,0.0,0.0,0.0,0.0,0.0
nfcorpus,tfidf,PLAIN-2375,0.0,0.0,0.0,0.0,0.0,0.0,0.0,0.0,0.0,0.0,0.0,0.0
nfcorpus,tfidf,PLAIN-238,0.0,0.0,0.0,0.0,0.0011130468447541617,0.0,0.0,0.0,0.0,0.0,0.018518518518518517,0.037037037037037035
nfcorpus,tfidf,PLAIN-2386,0.0,0.0,0.0,0.0,0.0,0.0,0.0,0.0,0.0,0.0,0.0,0.0
nfcorpus,tfidf,PLAIN-2396,0.0,0.0,0.0,0.0,0.0,0.0,0.0,0.0,0.0,0.0,0.0,0.0
nfcorpus,tfidf,PLAIN-2408,0.0,0.0,0.0,0.0,0.0,0.0,0.0,0.0,0.0,0.0,0.0,0.0
nfcorpus,tfidf,PLAIN-2430,0.4,1.0,1.0,0.44613294321632163,0.06409386330627044,0.021739130434782608,0.043478260869565216,0.06521739130434782,0.08695652173913043,0.08695652173913043,0.08695652173913043,0.13043478260869565
nfcorpus,tfidf,PLAIN-2440,0.0,0.0,0.0,0.0,0.0,0.0,0.0,0.0,0.0,0.0,0.0,0.0
nfcorpus,tfidf,PLAIN-2450,0.2,1.0,1.0,0.3589542101716347,0.07927263010467345,0.02631578947368421,0.05263157894736842,0.05263157894736842,0.05263157894736842,0.10526315789473684,0.18421052631578946,0.18421052631578946
nfcorpus,tfidf,PLAIN-2460,0.1,1.0,0.16666666666666666,0.10235370494891942,0.022031739569310742,0.0,0.0,0.0,0.03225806451612903,0.03225806451612903,0.03225806451612903,0.25806451612903225
nfcorpus,tfidf,PLAIN-2470,0.2,1.0,0.5,0.10832164959462547,0.04945087888778493,0.0,0.0273972602739726,0.0273972602739726,0.0273972602739726,0.0684931506849315,0.1095890410958904,0.2054794520547945
nfcorpus,tfidf,PLAIN-248,0.1,1.0,0.125,0.06943122193677727,0.017255928644598982,0.0,0.0,0.0,0.03225806451612903,0.06451612903225806,0.12903225806451613,0.16129032258064516
nfcorpus,tfidf,PLAIN-2480,0.2,1.0,0.5,0.17055080221666644,0.10744047619047618,0.0,0.05555555555555555,0.05555555555555555,0.1111111111111111,0.3333333333333333,0.3333333333333333,0.3333333333333333
nfcorpus,tfidf,PLAIN-2490,0.3,1.0,1.0,0.400619543057638,0.08811261111963076,0.043478260869565216,0.043478260869565216,0.043478260869565216,0.13043478260869565,0.17391304347826086,0.2608695652173913,0.2608695652173913
nfcorpus,tfidf,PLAIN-2500,0.1,1.0,0.16666666666666666,0.051625283871278245,0.032331713065252614,0.0,0.0,0.0,0.14285714285714285,0.14285714285714285,0.14285714285714285,0.42857142857142855
nfcorpus,tfidf,PLAIN-2510,0.4,1.0,1.0,0.424772912115383,0.19788969233377596,0.021739130434782608,0.043478260869565216,0.06521739130434782,0.08695652173913043,0.17391304347826086,0.34782608695652173,0.4782608695652174
nfcorpus,tfidf,PLAIN-2520,0.2,1.0,0.16666666666666666,0.04821749747768812,0.036995832262238175,0.0,0.0,0.0,0.0273972602739726,0.0684931506849315,0.1232876712328767,0.1780821917808219
nfcorpus,tfidf,PLAIN-2530,0.9,1.0,1.0,0.7682005979231404,0.23173854424935078,0.013888888888888888,0.041666666666666664,0.06944444444444445,0.125,0.19444444444444445,0.25,0.3055555555555556
nfcorpus,tfidf,PLAIN-2540,0.3,1.0,0.3333333333333333,0.21570231335532805,0.0945638076237378,0.0,0.047619047619047616,0.047619047619047616,0.14285714285714285,0.14285714285714285,0.2857142857142857,0.42857142857142855
nfcorpus,tfidf,PLAIN-2550,0.2,1.0,0.3333333333333333,0.16148546975332073,0.032162983215614796,0.0,0.04,0.04,0.08,0.08,0.12,0.2
nfcorpus,tfidf,PLAIN-2560,0.6,1.0,0.5,0.5806020001118019,0.3605763981685705,0.0,0.09523809523809523,0.19047619047619047,0.2857142857142857,0.47619047619047616,0.5714285714285714,0.6666666666666666
nfcorpus,tfidf,PLAIN-2570,0.1,1.0,1.0,0.25381658463571466,0.030131364428536627,0.025,0.025,0.025,0.025,0.05,0.05,0.1
nfcorpus,tfidf,PLAIN-2580,0.2,1.0,1.0,0.39748251179391547,0.07580824972129319,0.043478260869565216,0.08695652173913043,0.08695652173913043,0.08695652173913043,0.08695652173913043,0.13043478260869565,0.13043478260869565
nfcorpus,tfidf,PLAIN-259,0.2,1.0,1.0,0.3589542101716347,0.14668367346938774,0.07142857142857142,0.14285714285714285,0.14285714285714285,0.14285714285714285,0.14285714285714285,0.14285714285714285,0.21428571428571427
nfcorpus,tfidf,PLAIN-2590,0.0,0.0,0.0,0.0,0.008018877066496113,0.0,0.0,0.0,0.0,0.031746031746031744,0.06349206349206349,0.07936507936507936
nfcorpus,tfidf,PLAIN-2600,0.1,1.0,0.25,0.13365678629663197,0.03871473354231975,0.0,0.0,0.1,0.1,0.1,0.3,0.3
nfcorpus,tfidf,PLAIN-2610,0.2,1.0,0.5,0.17045856533007145,0.03279235320650333,0.0,0.01639344262295082,0.03278688524590164,0.03278688524590164,0.06557377049180328,0.08196721311475409,0.14754098360655737
nfcorpus,tfidf,PLAIN-2620,0.0,0.0,0.0,0.0,0.0065079596810995125,0.0,0.0,0.0,0.0,0.01818181818181818,0.07272727272727272,0.09090909090909091
nfcorpus,tfidf,PLAIN-2630,0.4,1.0,1.0,0.4697557950008694,0.123027578718715,0.020833333333333332,0.041666666666666664,0.041666666666666664,0.08333333333333333,0.125,0.2708333333333333,0.2916666666666667
nfcorpus,tfidf,PLAIN-2640,0.4,1.0,0.5,0.22432366774436532,0.17832149297730418,0.0,0.020833333333333332,0.041666666666666664,0.08333333333333333,0.1875,0.375,0.4791666666666667
nfcorpus,tfidf,PLAIN-2650,0.4,1.0,1.0,0.510069131458292,0.1620062664729969,0.034482758620689655,0.06896551724137931,0.13793103448275862,0.13793103448275862,0.20689655172413793,0.3103448275862069,0.3793103448275862
nfcorpus,tfidf,PLAIN-2660,0.1,1.0,0.1,0.0636207881989517,0.02816092678764339,0.0,0.0,0.0,0.037037037037037035,0.1111111111111111,0.18518518518518517,0.2222222222222222
nfcorpus,tfidf,PLAIN-2670,0.1,1.0,1.0,0.3406992958233561,0.03487033523086654,0.02857142857142857,0.02857142857142857,0.02857142857142857,0.02857142857142857,0.05714285714285714,0.05714285714285714,0.11428571428571428
nfcorpus,tfidf,PLAIN-2680,0.2,1.0,0.3333333333333333,0.21224938693504106,0.059891456582633056,0.0,0.07142857142857142,0.07142857142857142,0.14285714285714285,0.21428571428571427,0.2857142857142857,0.2857142857142857
nfcorpus,tfidf,PLAIN-2690,0.1,1.0,0.14285714285714285,0.024454640699786683,0.01683077524390794,0.0,0.0,0.0,0.023255813953488372,0.06976744186046512,0.11627906976744186,0.11627906976744186
nfcorpus,tfidf,PLAIN-270,0.2,1.0,0.3333333333333333,0.18340980524840012,0.04369627933819004,0.0,0.019230769230769232,0.019230769230769232,0.038461538461538464,0.057692307692307696,0.17307692307692307,0.21153846153846154
nfcorpus,tfidf,PLAIN-2700,0.1,1.0,0.25,0.14673120006323176,0.04734848484848485,0.0,0.0,0.1,0.1,0.2,0.2,0.3
nfcorpus,tfidf,PLAIN-2710,0.4,1.0,1.0,0.6425236861787714,0.1862011513174304,0.047619047619047616,0.14285714285714285,0.14285714285714285,0.19047619047619047,0.19047619047619047,0.2857142857142857,0.3333333333333333
nfcorpus,tfidf,PLAIN-2720,0.2,1.0,0.5,0.15633336444022494,0.05647944900010626,0.0,0.05555555555555555,0.05555555555555555,0.05555555555555555,0.1111111111111111,0.16666666666666666,0.2222222222222222
nfcorpus,tfidf,PLAIN-2730,0.4,1.0,0.5,0.4186640459843823,0.1239368621011623,0.0,0.034482758620689655,0.10344827586206896,0.13793103448275862,0.20689655172413793,0.27586206896551724,0.3448275862068966
nfcorpus,tfidf,PLAIN-2740,0.4,1.0,0.5,0.48064393911221226,0.0753448791016398,0.0,0.04,0.06,0.08,0.12,0.12,0.22
nfcorpus,tfidf,PLAIN-2750,0.6,1.0,1.0,0.4698943398471054,0.11626671218408495,0.01694915254237288,0.03389830508474576,0.06779661016949153,0.1016949152542373,0.11864406779661017,0.15254237288135594,0.22033898305084745
nfcorpus,tfidf,PLAIN-2760,0.0,0.0,0.0,0.0,0.0,0.0,0.0,0.0,0.0,0.0,0.0,0.0
nfcorpus,tfidf,PLAIN-2770,0.2,1.0,0.25,0.12190990875427754,0.076887034039427,0.0,0.0,0.04878048780487805,0.04878048780487805,0.0975609756097561,0.1951219512195122,0.36585365853658536
nfcorpus,tfidf,PLAIN-2780,0.3,1.0,1.0,0.32622064218245284,0.1657257691069195,0.045454545454545456,0.09090909090909091,0.13636363636363635,0.13636363636363635,0.18181818181818182,0.3181818181818182,0.4090909090909091
nfcorpus,tfidf,PLAIN-2790,0.5,1.0,1.0,0.5156348779708467,0.07835248111069965,0.01694915254237288,0.03389830508474576,0.05084745762711865,0.0847457627118644,0.1016949152542373,0.11864406779661017,0.15254237288135594
nfcorpus,tfidf,PLAIN-280,0.2,1.0,1.0,0.33013764944712026,0.1334221100831698,0.05,0.1,0.1,0.1,0.2,0.25,0.4
nfcorpus,tfidf,PLAIN-2800,0.1,1.0,0.14285714285714285,0.03785547731370623,0.011357944299739532,0.0,0.0,0.0,0.041666666666666664,0.041666666666666664,0.125,0.125
nfcorpus,tfidf,PLAIN-2810,0.0,0.0,0.0,0.0,0.04299565522969778,0.0,0.0,0.0,0.0,0.25,0.5,0.5
nfcorpus,tfidf,PLAIN-2820,0.0,0.0,0.0,0.0,0.004032258064516129,0.0,0.0,0.0,0.0,0.0,0.125,0.125
nfcorpus,tfidf,PLAIN-2830,0.1,1.0,0.3333333333333333,0.3631143808977028,0.1111111111111111,0.0,0.3333333333333333,0.3333333333333333,0.3333333333333333,0.3333333333333333,0.3333333333333333,0.3333333333333333
nfcorpus,tfidf,PLAIN-2840,0.0,0.0,0.0,0.0,0.0,0.0,0.0,0.0,0.0,0.0,0.0,0.0
nfcorpus,tfidf,PLAIN-2850,0.0,0.0,0.0,0.0,0.006919006919006919,0.0,0.0,0.0,0.0,0.0,0.1111111111111111,0.2222222222222222
nfcorpus,tfidf,PLAIN-2860,0.2,1.0,1.0,1.0,1.0,0.5,1.0,1.0,1.0,1.0,1.0,1.0
nfcorpus,tfidf,PLAIN-2870,0.0,0.0,0.0,0.0,0.00909090909090909,0.0,0.0,0.0,0.0,0.0,0.2,0.2
nfcorpus,tfidf,PLAIN-2880,0.0,0.0,0.0,0.0,0.0,0.0,0.0,0.0,0.0,0.0,0.0,0.0
nfcorpus,tfidf,PLAIN-2890,0.1,1.0,1.0,0.4584660801557625,0.036511156186612576,0.034482758620689655,0.034482758620689655,0.034482758620689655,0.034482758620689655,0.034482758620689655,0.06896551724137931,0.06896551724137931
nfcorpus,tfidf,PLAIN-2900,0.0,0.0,0.0,0.0,0.006481481481481481,0.0,0.0,0.0,0.0,0.08333333333333333,0.08333333333333333,0.16666666666666666
nfcorpus,tfidf,PLAIN-291,0.0,0.0,0.0,0.0,0.0138531811325929,0.0,0.0,0.0,0.0,0.0,0.23076923076923078,0.23076923076923078
nfcorpus,tfidf,PLAIN-2910,0.1,1.0,0.5,0.242496821534539,0.03333333333333333,0.0,0.06666666666666667,0.06666666666666667,0.06666666666666667,0.06666666666666667,0.06666666666666667,0.06666666666666667
nfcorpus,tfidf,PLAIN-2920,0.1,1.0,0.14285714285714285,0.09162544430476362,0.02040816326530612,0.0,0.0,0.0,0.14285714285714285,0.14285714285714285,0.14285714285714285,0.14285714285714285
nfcorpus,tfidf,PLAIN-2930,0.1,1.0,0.3333333333333333,0.22923304007788126,0.049768634835351835,0.0,0.07142857142857142,0.07142857142857142,0.07142857142857142,0.07142857142857142,0.14285714285714285,0.42857142857142855
nfcorpus,tfidf,PLAIN-2940,0.0,0.0,0.0,0.0,0.004357298474945533,0.0,0.0,0.0,0.0,0.0,0.09090909090909091,0.09090909090909091
nfcorpus,tfidf,PLAIN-2950,0.0,0.0,0.0,0.0,0.0,0.0,0.0,0.0,0.0,0.0,0.0,0.0
nfcorpus,tfidf,PLAIN-2960,0.1,1.0,0.25,0.35583989829307827,0.125,0.0,0.0,0.5,0.5,0.5,0.5,0.5
nfcorpus,tfidf,PLAIN-2970,0.1,1.0,0.16666666666666666,0.17085658310403926,0.018518518518518517,0.0,0.0,0.0,0.1111111111111111,0.1111111111111111,0.1111111111111111,0.1111111111111111
nfcorpus,tfidf,PLAIN-2981,0.2,1.0,1.0,0.6084918016218093,0.21428571428571427,0.14285714285714285,0.14285714285714285,0.2857142857142857,0.2857142857142857,0.2857142857142857,0.2857142857142857,0.2857142857142857
nfcorpus,tfidf,PLAIN-2991,0.1,1.0,0.25,0.26406812257259094,0.125,0.0,0.0,0.5,0.5,0.5,0.5,0.5
nfcorpus,tfidf,PLAIN-3001,0.1,1.0,0.25,0.26406812257259094,0.125,0.0,0.0,0.5,0.5,0.5,0.5,0.5
nfcorpus,tfidf,PLAIN-3014,0.0,0.0,0.0,0.0,0.0,0.0,0.0,0.0,0.0,0.0,0.0,0.0
nfcorpus,tfidf,PLAIN-3026,0.0,0.0,0.0,0.0,0.023255813953488372,0.0,0.0,0.0,0.0,0.0,1.0,1.0
nfcorpus,tfidf,PLAIN-3037,0.0,0.0,0.0,0.0,0.0,0.0,0.0,0.0,0.0,0.0,0.0,0.0
nfcorpus,tfidf,PLAIN-3053,0.2,1.0,1.0,0.7653606369886218,0.6666666666666666,0.3333333333333333,0.6666666666666666,0.6666666666666666,0.6666666666666666,0.6666666666666666,0.6666666666666666,0.6666666666666666
nfcorpus,tfidf,PLAIN-3063,0.0,0.0,0.0,0.0,0.0,0.0,0.0,0.0,0.0,0.0,0.0,0.0
nfcorpus,tfidf,PLAIN-307,0.0,0.0,0.0,0.0,0.04614180365014625,0.0,0.0,0.0,0.0,0.3333333333333333,0.3333333333333333,1.0
nfcorpus,tfidf,PLAIN-3074,0.1,1.0,1.0,1.0,1.0,1.0,1.0,1.0,1.0,1.0,1.0,1.0
nfcorpus,tfidf,PLAIN-3085,0.1,1.0,0.1,0.17723928678404774,0.10263157894736842,0.0,0.0,0.0,0.5,1.0,1.0,1.0
nfcorpus,tfidf,PLAIN-3097,0.1,1.0,0.5,0.325027967813913,0.1392857142857143,0.0,0.25,0.25,0.25,0.25,0.5,0.5
nfcorpus,tfidf,PLAIN-3116,0.0,0.0,0.0,0.0,0.010309278350515464,0.0,0.0,0.0,0.0,0.0,0.0,1.0
nfcorpus,tfidf,PLAIN-3131,0.1,1.0,0.1111111111111111,0.11935332136510989,0.018518518518518517,0.0,0.0,0.0,0.16666666666666666,0.16666666666666666,0.16666666666666666,0.16666666666666666
nfcorpus,tfidf,PLAIN-3141,0.0,0.0,0.0,0.0,0.008712282965517508,0.0,0.0,0.0,0.0,0.029411764705882353,0.058823529411764705,0.14705882352941177
nfcorpus,tfidf,PLAIN-3151,0.3,1.0,0.14285714285714285,0.20767483660264624,0.15245848826860178,0.0,0.0,0.0,0.16666666666666666,0.3888888888888889,0.5,0.5555555555555556
nfcorpus,tfidf,PLAIN-3161,0.4,1.0,1.0,0.6290910893844381,0.11505351305699633,0.023255813953488372,0.046511627906976744,0.046511627906976744,0.09302325581395349,0.09302325581395349,0.23255813953488372,0.37209302325581395
nfcorpus,tfidf,PLAIN-3171,0.3,1.0,0.3333333333333333,0.1790572994537934,0.05636286705865235,0.0,0.029411764705882353,0.029411764705882353,0.08823529411764706,0.14705882352941177,0.17647058823529413,0.20588235294117646
nfcorpus,tfidf,PLAIN-3181,0.0,0.0,0.0,0.0,0.007177786939691701,0.0,0.0,0.0,0.0,0.037037037037037035,0.1111111111111111,0.1111111111111111
nfcorpus,tfidf,PLAIN-3191,0.3,1.0,1.0,0.3949125292869458,0.21493541181041187,0.0625,0.0625,0.1875,0.1875,0.3125,0.5,0.5
nfcorpus,tfidf,PLAIN-320,0.1,1.0,0.5,0.13886244387355454,0.024433532551792342,0.0,0.023809523809523808,0.023809523809523808,0.023809523809523808,0.023809523809523808,0.047619047619047616,0.19047619047619047
nfcorpus,tfidf,PLAIN-3201,0.2,1.0,0.25,0.12493649450831909,0.0328674853372434,0.0,0.0,0.0625,0.0625,0.09375,0.125,0.125
nfcorpus,tfidf,PLAIN-3211,0.0,0.0,0.0,0.0,0.0,0.0,0.0,0.0,0.0,0.0,0.0,0.0
nfcorpus,tfidf,PLAIN-3221,0.0,0.0,0.0,0.0,0.006601946334089191,0.0,0.0,0.0,0.0,0.041666666666666664,0.125,0.125
nfcorpus,tfidf,PLAIN-3231,0.0,0.0,0.0,0.0,0.0053919294990723565,0.0,0.0,0.0,0.0,0.0,0.125,0.25
nfcorpus,tfidf,PLAIN-3241,0.0,0.0,0.0,0.0,0.0,0.0,0.0,0.0,0.0,0.0,0.0,0.0
nfcorpus,tfidf,PLAIN-3251,0.1,1.0,0.5,0.09641996365784912,0.030158730158730156,0.0,0.047619047619047616,0.047619047619047616,0.047619047619047616,0.09523809523809523,0.09523809523809523,0.09523809523809523
nfcorpus,tfidf,PLAIN-3261,0.0,0.0,0.0,0.0,0.013403263403263404,0.0,0.0,0.0,0.0,0.07692307692307693,0.15384615384615385,0.15384615384615385
nfcorpus,tfidf,PLAIN-3271,0.0,0.0,0.0,0.0,0.0033481138744296643,0.0,0.0,0.0,0.0,0.02040816326530612,0.04081632653061224,0.061224489795918366
nfcorpus,tfidf,PLAIN-3281,0.1,1.0,0.3333333333333333,0.19217418433815742,0.016666666666666666,0.0,0.038461538461538464,0.038461538461538464,0.038461538461538464,0.07692307692307693,0.07692307692307693,0.07692307692307693
nfcorpus,tfidf,PLAIN-3292,0.4,1.0,0.3333333333333333,0.41105525249504,0.3128495842781557,0.0,0.14285714285714285,0.42857142857142855,0.5714285714285714,0.5714285714285714,0.7142857142857143,0.7142857142857143
nfcorpus,tfidf,PLAIN-33,0.1,1.0,0.3333333333333333,0.11492008751406496,0.018345201329587668,0.0,0.03125,0.03125,0.03125,0.0625,0.0625,0.15625
nfcorpus,tfidf,PLAIN-3302,0.2,1.0,0.3333333333333333,0.14222787782425514,0.06928281093335797,0.0,0.02702702702702703,0.05405405405405406,0.05405405405405406,0.08108108108108109,0.1891891891891892,0.3783783783783784
nfcorpus,tfidf,PLAIN-3312,0.1,1.0,1.0,0.08460552821190488,0.14519195886625588,0.07692307692307693,0.07692307692307693,0.07692307692307693,0.07692307692307693,0.23076923076923078,0.38461538461538464,0.6153846153846154
nfcorpus,tfidf,PLAIN-332,0.1,1.0,0.125,0.1934264036172708,0.0625,0.0,0.0,0.0,0.5,0.5,0.5,0.5
nfcorpus,tfidf,PLAIN-3322,0.1,1.0,0.14285714285714285,0.07336392209936005,0.004992547239974812,0.0,0.0,0.0,0.012658227848101266,0.012658227848101266,0.02531645569620253,0.06329113924050633
nfcorpus,tfidf,PLAIN-3332,0.5,1.0,1.0,0.49897738464783503,0.32719696969696965,0.07142857142857142,0.14285714285714285,0.21428571428571427,0.35714285714285715,0.42857142857142855,0.6428571428571429,0.7142857142857143
nfcorpus,tfidf,PLAIN-3342,0.3,1.0,0.5,0.5937751258332797,0.373015873015873,0.0,0.3333333333333333,0.3333333333333333,1.0,1.0,1.0,1.0
nfcorpus,tfidf,PLAIN-3352,0.0,0.0,0.0,0.0,0.01106699299135339,0.0,0.0,0.0,0.0,0.0,0.07692307692307693,0.15384615384615385
nfcorpus,tfidf,PLAIN-3362,0.3,1.0,1.0,0.5627871287648013,0.2727272727272727,0.09090909090909091,0.2727272727272727,0.2727272727272727,0.2727272727272727,0.2727272727272727,0.2727272727272727,0.2727272727272727
nfcorpus,tfidf,PLAIN-3372,0.0,0.0,0.0,0.0,0.0,0.0,0.0,0.0,0.0,0.0,0.0,0.0
nfcorpus,tfidf,PLAIN-3382,0.3,1.0,0.2,0.12930132090251212,0.07116004296455423,0.0,0.0,0.07142857142857142,0.21428571428571427,0.2857142857142857,0.2857142857142857,0.2857142857142857
nfcorpus,tfidf,PLAIN-3392,0.0,0.0,0.0,0.0,0.005115089514066496,0.0,0.0,0.0,0.0,0.043478260869565216,0.08695652173913043,0.08695652173913043
nfcorpus,tfidf,PLAIN-3402,0.0,0.0,0.0,0.0,0.0007598784194528875,0.0,0.0,0.0,0.0,0.0,0.0,0.07142857142857142
nfcorpus,tfidf,PLAIN-3412,0.2,1.0,1.0,0.18329273373298455,0.05033787857821727,0.02040816326530612,0.02040816326530612,0.04081632653061224,0.04081632653061224,0.061224489795918366,0.14285714285714285,0.16326530612244897
nfcorpus,tfidf,PLAIN-3422,0.1,1.0,0.2,0.031071295818188044,0.11811426251163247,0.0,0.0,0.03225806451612903,0.03225806451612903,0.12903225806451613,0.3225806451612903,0.6129032258064516
nfcorpus,tfidf,PLAIN-3432,0.3,1.0,0.2,0.21501812929496175,0.0493164115283931,0.0,0.0,0.023809523809523808,0.07142857142857142,0.14285714285714285,0.14285714285714285,0.19047619047619047
nfcorpus,tfidf,PLAIN-344,0.1,1.0,0.1111111111111111,0.02883297181350978,0.0065785040912231425,0.0,0.0,0.0,0.01639344262295082,0.03278688524590164,0.03278688524590164,0.06557377049180328
nfcorpus,tfidf,PLAIN-3442,0.0,0.0,0.0,0.0,0.0019352568613652354,0.0,0.0,0.0,0.0,0.0,0.034482758620689655,0.06896551724137931
nfcorpus,tfidf,PLAIN-3452,0.4,1.0,1.0,0.5531451227560632,0.22389391654097537,0.058823529411764705,0.11764705882352941,0.23529411764705882,0.23529411764705882,0.23529411764705882,0.4117647058823529,0.4117647058823529
nfcorpus,tfidf,PLAIN-3462,0.6,1.0,0.5,0.5430029249822634,0.17054811791547717,0.0,0.03125,0.046875,0.09375,0.15625,0.265625,0.390625
nfcorpus,tfidf,PLAIN-3472,0.0,0.0,0.0,0.0,0.0005941770647653001,0.0,0.0,0.0,0.0,0.0,0.0,0.058823529411764705
nfcorpus,tfidf,PLAIN-358,0.0,0.0,0.0,0.0,0.0,0.0,0.0,0.0,0.0,0.0,0.0,0.0
nfcorpus,tfidf,PLAIN-371,0.1,1.0,0.1111111111111111,0.0829071384176138,0.1111111111111111,0.0,0.0,0.0,0.5,1.0,1.0,1.0
nfcorpus,tfidf,PLAIN-383,0.1,1.0,0.25,0.14606834984270645,0.05,0.0,0.0,0.2,0.2,0.2,0.2,0.2
nfcorpus,tfidf,PLAIN-395,0.0,0.0,0.0,0.0,0.0,0.0,0.0,0.0,0.0,0.0,0.0,0.0
nfcorpus,tfidf,PLAIN-407,0.1,1.0,1.0,0.7262287617954056,0.3523809523809524,0.3333333333333333,0.3333333333333333,0.3333333333333333,0.3333333333333333,0.3333333333333333,0.6666666666666666,0.6666666666666666
nfcorpus,tfidf,PLAIN-418,0.2,1.0,0.5,0.5661908030898144,0.3,0.0,0.3333333333333333,0.6666666666666666,0.6666666666666666,0.6666666666666666,0.6666666666666666,0.6666666666666666
nfcorpus,tfidf,PLAIN-430,0.3,1.0,1.0,0.5927875126253627,0.34342672413793107,0.125,0.25,0.25,0.375,0.5,0.625,0.625
nfcorpus,tfidf,PLAIN-44,0.1,1.0,0.25,0.0386156846136175,0.03433465896477617,0.0,0.0,0.017241379310344827,0.017241379310344827,0.05172413793103448,0.15517241379310345,0.20689655172413793
nfcorpus,tfidf,PLAIN-441,0.5,1.0,1.0,0.9496766612309842,0.7392857142857142,0.2,0.4,0.4,1.0,1.0,1.0,1.0
nfcorpus,tfidf,PLAIN-457,0.0,0.0,0.0,0.0,0.0,0.0,0.0,0.0,0.0,0.0,0.0,0.0
nfcorpus,tfidf,PLAIN-468,0.2,1.0,0.2,0.2855938966541961,0.14562676115307696,0.0,0.0,0.1,0.2,0.4,0.7,0.7
nfcorpus,tfidf,PLAIN-478,0.0,0.0,0.0,0.0,0.0,0.0,0.0,0.0,0.0,0.0,0.0,0.0
nfcorpus,tfidf,PLAIN-488,0.9,1.0,1.0,0.9266360779006398,0.6993097643097642,0.06666666666666667,0.2,0.3333333333333333,0.6,0.7333333333333333,0.7333333333333333,0.7333333333333333
nfcorpus,tfidf,PLAIN-499,0.3,1.0,1.0,0.41528076708874123,0.07578714177978883,0.029411764705882353,0.058823529411764705,0.08823529411764706,0.08823529411764706,0.08823529411764706,0.14705882352941177,0.14705882352941177
nfcorpus,tfidf,PLAIN-510,0.0,0.0,0.0,0.0,0.0,0.0,0.0,0.0,0.0,0.0,0.0,0.0
nfcorpus,tfidf,PLAIN-520,0.0,0.0,0.0,0.0,0.0,0.0,0.0,0.0,0.0,0.0,0.0,0.0
nfcorpus,tfidf,PLAIN-531,0.4,1.0,1.0,0.5173633627401372,0.07057234062274644,0.003246753246753247,0.006493506493506494,0.00974025974025974,0.012987012987012988,0.012987012987012988,0.03571428571428571,0.06818181818181818
nfcorpus,tfidf,PLAIN-541,0.3,1.0,1.0,0.5058520011127918,0.2847222222222222,0.16666666666666666,0.16666666666666666,0.16666666666666666,0.5,0.5,0.5,0.5
nfcorpus,tfidf,PLAIN-551,0.0,0.0,0.0,0.0,0.0,0.0,0.0,0.0,0.0,0.0,0.0,0.0
nfcorpus,tfidf,PLAIN-56,0.5,1.0,1.0,0.697070783452801,0.09602941176470589,0.02,0.06,0.08,0.1,0.1,0.12,0.12
nfcorpus,tfidf,PLAIN-561,0.2,1.0,1.0,0.3589542101716347,0.08,0.04,0.08,0.08,0.08,0.08,0.08,0.08
nfcorpus,tfidf,PLAIN-571,0.2,1.0,0.3333333333333333,0.2558209594125084,0.11904761904761904,0.0,0.14285714285714285,0.2857142857142857,0.2857142857142857,0.2857142857142857,0.2857142857142857,0.2857142857142857
nfcorpus,tfidf,PLAIN-583,0.0,0.0,0.0,0.0,0.0,0.0,0.0,0.0,0.0,0.0,0.0,0.0
nfcorpus,tfidf,PLAIN-593,0.1,1.0,1.0,0.46927872602275644,0.3333333333333333,0.3333333333333333,0.3333333333333333,0.3333333333333333,0.3333333333333333,0.3333333333333333,0.3333333333333333,0.3333333333333333
nfcorpus,tfidf,PLAIN-603,0.0,0.0,0.0,0.0,0.0,0.0,0.0,0.0,0.0,0.0,0.0,0.0
nfcorpus,tfidf,PLAIN-613,0.1,1.0,0.1,0.06362078819895171,0.012816901408450704,0.0,0.0,0.0,0.1,0.1,0.1,0.2
nfcorpus,tfidf,PLAIN-623,0.2,1.0,0.5,0.2489083270225946,0.03243803463818551,0.0,0.04878048780487805,0.04878048780487805,0.04878048780487805,0.04878048780487805,0.04878048780487805,0.12195121951219512
nfcorpus,tfidf,PLAIN-634,0.1,1.0,0.5,0.13886244387355454,0.023809523809523808,0.0,0.047619047619047616,0.047619047619047616,0.047619047619047616,0.047619047619047616,0.047619047619047616,0.047619047619047616
nfcorpus,tfidf,PLAIN-645,0.0,0.0,0.0,0.0,0.0,0.0,0.0,0.0,0.0,0.0,0.0,0.0
nfcorpus,tfidf,PLAIN-660,1.0,1.0,1.0,1.0,0.2610173754453065,0.002105263157894737,0.00631578947368421,0.010526315789473684,0.021052631578947368,0.035789473684210524,0.06315789473684211,0.06315789473684211
nfcorpus,tfidf,PLAIN-671,0.1,1.0,1.0,1.0,1.0,1.0,1.0,1.0,1.0,1.0,1.0,1.0
nfcorpus,tfidf,PLAIN-68,0.2,1.0,1.0,0.5548860438136117,0.0556431615580061,0.01818181818181818,0.03636363636363636,0.03636363636363636,0.03636363636363636,0.07272727272727272,0.12727272727272726,0.16363636363636364
nfcorpus,tfidf,PLAIN-681,0.1,1.0,1.0,1.0,1.0,1.0,1.0,1.0,1.0,1.0,1.0,1.0
nfcorpus,tfidf,PLAIN-691,0.0,0.0,0.0,0.0,0.0007326007326007326,0.0,0.0,0.0,0.0,0.0,0.0,0.047619047619047616
nfcorpus,tfidf,PLAIN-701,0.2,1.0,1.0,0.3794140541514857,0.22297872340425529,0.125,0.25,0.25,0.25,0.25,0.375,0.5
nfcorpus,tfidf,PLAIN-711,0.1,1.0,1.0,0.22009176629808017,0.020760233918128656,0.017543859649122806,0.017543859649122806,0.017543859649122806,0.017543859649122806,0.03508771929824561,0.03508771929824561,0.05263157894736842
nfcorpus,tfidf,PLAIN-721,1.0,1.0,1.0,1.0,0.72,0.04,0.12,0.2,0.4,0.72,0.72,0.72
nfcorpus,tfidf,PLAIN-731,0.7,1.0,1.0,0.7167674835027337,0.2633365037922284,0.018518518518518517,0.037037037037037035,0.05555555555555555,0.12962962962962962,0.18518518518518517,0.3888888888888889,0.48148148148148145
nfcorpus,tfidf,PLAIN-741,0.8,1.0,1.0,0.8553475075669356,0.3964285714285714,0.05263157894736842,0.15789473684210525,0.2631578947368421,0.42105263157894735,0.42105263157894735,0.42105263157894735,0.42105263157894735
nfcorpus,tfidf,PLAIN-751,0.0,0.0,0.0,0.0,0.0,0.0,0.0,0.0,0.0,0.0,0.0,0.0
nfcorpus,tfidf,PLAIN-761,0.1,1.0,0.3333333333333333,0.15130120674940675,0.05555555555555555,0.0,0.16666666666666666,0.16666666666666666,0.16666666666666666,0.16666666666666666,0.16666666666666666,0.16666666666666666
nfcorpus,tfidf,PLAIN-771,0.3,1.0,1.0,1.0,1.0,0.3333333333333333,1.0,1.0,1.0,1.0,1.0,1.0
nfcorpus,tfidf,PLAIN-78,0.1,1.0,0.25,0.0386156846136175,0.008650538723381807,0.0,0.0,0.016129032258064516,0.016129032258064516,0.016129032258064516,0.016129032258064516,0.0967741935483871
nfcorpus,tfidf,PLAIN-782,0.0,0.0,0.0,0.0,0.0,0.0,0.0,0.0,0.0,0.0,0.0,0.0
nfcorpus,tfidf,PLAIN-792,0.3,1.0,1.0,0.644824486427155,0.5,0.16666666666666666,0.5,0.5,0.5,0.5,0.5,0.5
nfcorpus,tfidf,PLAIN-806,0.8,1.0,1.0,0.8579809428223729,0.18464275088071871,0.010416666666666666,0.03125,0.052083333333333336,0.08333333333333333,0.14583333333333334,0.23958333333333334,0.25
nfcorpus,tfidf,PLAIN-817,0.0,0.0,0.0,0.0,0.0,0.0,0.0,0.0,0.0,0.0,0.0,0.0
nfcorpus,tfidf,PLAIN-827,0.6,1.0,0.3333333333333333,0.47289350335945446,0.1040549751044636,0.0,0.004098360655737705,0.00819672131147541,0.02459016393442623,0.04918032786885246,0.07377049180327869,0.07377049180327869
nfcorpus,tfidf,PLAIN-838,0.7,1.0,1.0,0.8550956239938449,0.7777777777777778,0.1111111111111111,0.3333333333333333,0.5555555555555556,0.7777777777777778,0.7777777777777778,0.7777777777777778,0.7777777777777778
nfcorpus,tfidf,PLAIN-850,0.5,1.0,1.0,0.6489315753318465,0.08963317384370016,0.017543859649122806,0.05263157894736842,0.08771929824561403,0.08771929824561403,0.08771929824561403,0.08771929824561403,0.10526315789473684
nfcorpus,tfidf,PLAIN-872,0.0,0.0,0.0,0.0,0.0,0.0,0.0,0.0,0.0,0.0,0.0,0.0
nfcorpus,tfidf,PLAIN-882,0.2,1.0,1.0,0.3589542101716347,0.13333333333333333,0.06666666666666667,0.13333333333333333,0.13333333333333333,0.13333333333333333,0.13333333333333333,0.13333333333333333,0.13333333333333333
nfcorpus,tfidf,PLAIN-892,0.6,1.0,1.0,0.7273298443105218,0.06521739130434782,0.010869565217391304,0.03260869565217391,0.05434782608695652,0.06521739130434782,0.06521739130434782,0.06521739130434782,0.06521739130434782
nfcorpus,tfidf,PLAIN-902,0.2,1.0,1.0,0.6366824387328317,0.5,0.25,0.5,0.5,0.5,0.5,0.5,0.5
nfcorpus,tfidf,PLAIN-91,0.2,1.0,0.3333333333333333,0.06549661768536673,0.028419282534147237,0.0,0.015625,0.015625,0.03125,0.046875,0.125,0.15625
nfcorpus,tfidf,PLAIN-913,0.9,1.0,1.0,0.9363792118010481,0.27371997392307307,0.029411764705882353,0.08823529411764706,0.14705882352941177,0.2647058823529412,0.2647058823529412,0.2647058823529412,0.3235294117647059
nfcorpus,tfidf,PLAIN-924,0.1,1.0,1.0,0.22009176629808017,0.03125,0.03125,0.03125,0.03125,0.03125,0.03125,0.03125,0.03125
nfcorpus,tfidf,PLAIN-934,0.7,1.0,1.0,0.7682269253321374,0.246189077627943,0.009900990099009901,0.0297029702970297,0.039603960396039604,0.06930693069306931,0.13861386138613863,0.2871287128712871,0.3564356435643564
nfcorpus,tfidf,PLAIN-946,0.2,1.0,1.0,0.31488013066763093,0.04838709677419355,0.03225806451612903,0.03225806451612903,0.06451612903225806,0.06451612903225806,0.06451612903225806,0.06451612903225806,0.06451612903225806
nfcorpus,tfidf,PLAIN-956,0.5,1.0,0.2,0.36995731885538535,0.14398129561527834,0.0,0.0,0.0048543689320388345,0.024271844660194174,0.05339805825242718,0.0970873786407767,0.1553398058252427
nfcorpus,tfidf,PLAIN-966,0.1,1.0,0.1111111111111111,0.14126697285982898,0.037037037037037035,0.0,0.0,0.0,0.3333333333333333,0.3333333333333333,0.3333333333333333,0.3333333333333333
nfcorpus,tfidf,PLAIN-977,0.1,1.0,0.125,0.1480409554829326,0.041666666666666664,0.0,0.0,0.0,0.3333333333333333,0.3333333333333333,0.3333333333333333,0.3333333333333333
nfcorpus,tfidf,PLAIN-987,0.1,1.0,0.3333333333333333,0.23463936301137822,0.12737127371273713,0.0,0.3333333333333333,0.3333333333333333,0.3333333333333333,0.3333333333333333,0.6666666666666666,0.6666666666666666
nfcorpus,tfidf,PLAIN-997,0.0,0.0,0.0,0.0,0.0,0.0,0.0,0.0,0.0,0.0,0.0,0.0
nfcorpus,bm25,PLAIN-1008,0.0,0.0,0.0,0.0,0.0,0.0,0.0,0.0,0.0,0.0,0.0,0.0
nfcorpus,bm25,PLAIN-1018,0.6,1.0,0.3333333333333333,0.4922818839877925,0.06830877455877454,0.0,0.016666666666666666,0.03333333333333333,0.1,0.11666666666666667,0.13333333333333333,0.13333333333333333
nfcorpus,bm25,PLAIN-102,0.1,1.0,0.2,0.14868624537844896,0.008333333333333333,0.0,0.0,0.041666666666666664,0.041666666666666664,0.041666666666666664,0.041666666666666664,0.041666666666666664
nfcorpus,bm25,PLAIN-1028,0.0,0.0,0.0,0.0,0.0,0.0,0.0,0.0,0.0,0.0,0.0,0.0
nfcorpus,bm25,PLAIN-1039,0.2,1.0,1.0,1.0,1.0,0.5,1.0,1.0,1.0,1.0,1.0,1.0
nfcorpus,bm25,PLAIN-1050,0.1,1.0,0.1,0.06362078819895171,0.0010638297872340426,0.0,0.0,0.0,0.010638297872340425,0.010638297872340425,0.010638297872340425,0.010638297872340425
nfcorpus,bm25,PLAIN-1066,0.0,0.0,0.0,0.0,0.0,0.0,0.0,0.0,0.0,0.0,0.0,0.0
nfcorpus,bm25,PLAIN-1088,0.2,1.0,1.0,0.5531464700081437,0.4,0.2,0.4,0.4,0.4,0.4,0.4,0.4
nfcorpus,bm25,PLAIN-1098,0.0,0.0,0.0,0.0,0.0,0.0,0.0,0.0,0.0,0.0,0.0,0.0
nfcorpus,bm25,PLAIN-1109,0.5,1.0,1.0,0.604685538711841,0.07275566349644969,0.01020408163265306,0.030612244897959183,0.030612244897959183,0.05102040816326531,0.09183673469387756,0.12244897959183673,0.1326530612244898
nfcorpus,bm25,PLAIN-1119,0.0,0.0,0.0,0.0,0.0,0.0,0.0,0.0,0.0,0.0,0.0,0.0
nfcorpus,bm25,PLAIN-112,0.2,1.0,1.0,0.4439982334711379,0.03235266932860101,0.017857142857142856,0.017857142857142856,0.03571428571428571,0.03571428571428571,0.03571428571428571,0.07142857142857142,0.08928571428571429
nfcorpus,bm25,PLAIN-1130,0.1,1.0,1.0,1.0,1.0,1.0,1.0,1.0,1.0,1.0,1.0,1.0
nfcorpus,bm25,PLAIN-1141,0.1,1.0,1.0,0.22009176629808017,0.06910430839002268,0.0625,0.0625,0.0625,0.0625,0.0625,0.1875,0.1875
nfcorpus,bm25,PLAIN-1151,0.3,1.0,0.25,0.23047380976071707,0.02052650483968542,0.0,0.0,0.006535947712418301,0.0196078431372549,0.026143790849673203,0.05228758169934641,0.06535947712418301
nfcorpus,bm25,PLAIN-1161,0.0,0.0,0.0,0.0,0.0,0.0,0.0,0.0,0.0,0.0,0.0,0.0
nfcorpus,bm25,PLAIN-1172,0.1,1.0,1.0,0.22009176629808017,0.05263157894736842,0.05263157894736842,0.05263157894736842,0.05263157894736842,0.05263157894736842,0.05263157894736842,0.05263157894736842,0.05263157894736842
nfcorpus,bm25,PLAIN-1183,0.2,1.0,1.0,0.2863459897524692,0.04888888888888889,0.04,0.04,0.04,0.08,0.08,0.08,0.08
nfcorpus,bm25,PLAIN-1193,0.1,1.0,0.1,0.06362078819895171,0.04480613760727802,0.0,0.0,0.0,0.05555555555555555,0.1111111111111111,0.2222222222222222,0.4444444444444444
nfcorpus,bm25,PLAIN-12,0.0,0.0,0.0,0.0,0.0037783935413245756,0.0,0.0,0.0,0.0,0.0,0.03333333333333333,0.1
nfcorpus,bm25,PLAIN-1203,0.2,1.0,1.0,0.3589542101716347,0.16666666666666666,0.08333333333333333,0.16666666666666666,0.16666666666666666,0.16666666666666666,0.16666666666666666,0.16666666666666666,0.16666666666666666
nfcorpus,bm25,PLAIN-1214,0.0,0.0,0.0,0.0,0.0,0.0,0.0,0.0,0.0,0.0,0.0,0.0
nfcorpus,bm25,PLAIN-1225,0.6,1.0,0.5,0.5363559634917963,0.2113963197296531,0.0,0.07407407407407407,0.07407407407407407,0.2222222222222222,0.3333333333333333,0.37037037037037035,0.37037037037037035
nfcorpus,bm25,PLAIN-123,0.1,1.0,0.16666666666666666,0.031938549095869656,0.009559087812620158,0.0,0.0,0.0,0.0196078431372549,0.0196078431372549,0.0784313725490196,0.09803921568627451
nfcorpus,bm25,PLAIN-1236,0.1,1.0,1.0,0.3391602052736161,0.2,0.2,0.2,0.2,0.2,0.2,0.2,0.2
nfcorpus,bm25,PLAIN-1249,0.0,0.0,0.0,0.0,0.0,0.0,0.0,0.0,0.0,0.0,0.0,0.0
nfcorpus,bm25,PLAIN-1262,0.3,1.0,1.0,0.3570764765963919,0.15857142857142856,0.1,0.1,0.1,0.3,0.3,0.3,0.3
nfcorpus,bm25,PLAIN-1275,0.3,1.0,1.0,0.4537425745411855,0.06814851814851815,0.01818181818181818,0.03636363636363636,0.05454545454545454,0.05454545454545454,0.10909090909090909,0.10909090909090909,0.10909090909090909
nfcorpus,bm25,PLAIN-1288,0.7,1.0,1.0,0.7534494445524138,0.07836247086247088,0.00510204081632653,0.015306122448979591,0.02040816326530612,0.03571428571428571,0.05102040816326531,0.05102040816326531,0.05102040816326531
nfcorpus,bm25,PLAIN-1299,0.2,1.0,1.0,0.31488013066763093,0.02682563338301043,0.01639344262295082,0.01639344262295082,0.03278688524590164,0.03278688524590164,0.03278688524590164,0.04918032786885246,0.04918032786885246
nfcorpus,bm25,PLAIN-1309,0.0,0.0,0.0,0.0,0.0,0.0,0.0,0.0,0.0,0.0,0.0,0.0
nfcorpus,bm25,PLAIN-1320,0.3,1.0,0.5,0.4430895440946126,0.26587301587301587,0.0,0.3333333333333333,0.3333333333333333,0.5,0.5,0.5,0.5
nfcorpus,bm25,PLAIN-133,0.0,0.0,0.0,0.0,0.0015957000083984209,0.0,0.0,0.0,0.0,0.0,0.027777777777777776,0.05555555555555555
nfcorpus,bm25,PLAIN-1331,0.0,0.0,0.0,0.0,0.0,0.0,0.0,0.0,0.0,0.0,0.0,0.0
nfcorpus,bm25,PLAIN-1342,0.4,1.0,0.5,0.39092738420022166,0.15757575757575756,0.0,0.125,0.125,0.25,0.3125,0.3125,0.3125
nfcorpus,bm25,PLAIN-1353,0.0,0.0,0.0,0.0,0.0,0.0,0.0,0.0,0.0,0.0,0.0,0.0
nfcorpus,bm25,PLAIN-1363,0.1,1.0,1.0,0.22009176629808017,0.09090909090909091,0.09090909090909091,0.09090909090909091,0.09090909090909091,0.09090909090909091,0.09090909090909091,0.09090909090909091,0.09090909090909091
nfcorpus,bm25,PLAIN-1374,0.1,1.0,0.125,0.06943122193677727,0.01945970695970696,0.0,0.0,0.0,0.038461538461538464,0.11538461538461539,0.11538461538461539,0.11538461538461539
nfcorpus,bm25,PLAIN-1387,0.6,1.0,1.0,0.6530488081313035,0.467022792022792,0.08333333333333333,0.16666666666666666,0.25,0.5,0.6666666666666666,0.6666666666666666,0.6666666666666666
nfcorpus,bm25,PLAIN-1398,1.0,1.0,1.0,1.0,0.23409830447330449,0.009708737864077669,0.02912621359223301,0.04854368932038835,0.0970873786407767,0.18446601941747573,0.24271844660194175,0.24271844660194175
nfcorpus,bm25,PLAIN-1409,0.1,1.0,0.1,0.06362078819895171,0.007556212708599489,0.0,0.0,0.0,0.003952569169960474,0.007905138339920948,0.023715415019762844,0.02766798418972332
nfcorpus,bm25,PLAIN-1419,0.2,1.0,1.0,0.31488013066763093,0.023076923076923078,0.015384615384615385,0.015384615384615385,0.03076923076923077,0.03076923076923077,0.03076923076923077,0.03076923076923077,0.03076923076923077
nfcorpus,bm25,PLAIN-1429,0.0,0.0,0.0,0.0,0.0,0.0,0.0,0.0,0.0,0.0,0.0,0.0
nfcorpus,bm25,PLAIN-143,0.2,1.0,1.0,0.5055967794435843,0.02996880570409982,0.0196078431372549,0.0196078431372549,0.0196078431372549,0.0392156862745098,0.058823529411764705,0.0784313725490196,0.0784313725490196
nfcorpus,bm25,PLAIN-1441,0.4,1.0,0.5,0.4288398090337664,0.11629008193983408,0.0,0.010752688172043012,0.021505376344086023,0.021505376344086023,0.04838709677419355,0.10752688172043011,0.13440860215053763
nfcorpus,bm25,PLAIN-1453,0.2,1.0,1.0,0.30523488393970116,0.10796469878063826,0.004081632653061225,0.004081632653061225,0.00816326530612245,0.00816326530612245,0.036734693877551024,0.07755102040816327,0.10612244897959183
nfcorpus,bm25,PLAIN-1463,0.3,1.0,1.0,0.40853591842579556,0.14150053760929843,0.041666666666666664,0.08333333333333333,0.08333333333333333,0.125,0.20833333333333334,0.25,0.375
nfcorpus,bm25,PLAIN-1473,0.1,1.0,1.0,1.0,1.0,1.0,1.0,1.0,1.0,1.0,1.0,1.0
nfcorpus,bm25,PLAIN-1485,0.0,0.0,0.0,0.0,0.0005973715651135006,0.0,0.0,0.0,0.0,0.0,0.018518518518518517,0.018518518518518517
nfcorpus,bm25,PLAIN-1496,0.0,0.0,0.0,0.0,0.0,0.0,0.0,0.0,0.0,0.0,0.0,0.0
nfcorpus,bm25,PLAIN-1506,0.2,1.0,1.0,0.2984900352767555,0.08888888888888888,0.06666666666666667,0.06666666666666667,0.06666666666666667,0.13333333333333333,0.13333333333333333,0.13333333333333333,0.13333333333333333
nfcorpus,bm25,PLAIN-1516,0.0,0.0,0.0,0.0,0.0,0.0,0.0,0.0,0.0,0.0,0.0,0.0
nfcorpus,bm25,PLAIN-1527,0.8,1.0,1.0,0.8669479898642709,0.22325501469060924,0.0049504950495049506,0.01485148514851485,0.024752475247524754,0.039603960396039604,0.06930693069306931,0.12376237623762376,0.15841584158415842
nfcorpus,bm25,PLAIN-153,0.7,1.0,1.0,0.4733149877167575,0.13896698951098904,0.02127659574468085,0.02127659574468085,0.06382978723404255,0.14893617021276595,0.1702127659574468,0.2127659574468085,0.2765957446808511
nfcorpus,bm25,PLAIN-1537,0.0,0.0,0.0,0.0,0.021046694937297935,0.0,0.0,0.0,0.0,0.06666666666666667,0.06666666666666667,0.2
nfcorpus,bm25,PLAIN-1547,0.0,0.0,0.0,0.0,0.0,0.0,0.0,0.0,0.0,0.0,0.0,0.0
nfcorpus,bm25,PLAIN-1557,0.3,1.0,0.3333333333333333,0.2781981696179509,0.05952380952380952,0.0,0.038461538461538464,0.07692307692307693,0.11538461538461539,0.15384615384615385,0.15384615384615385,0.15384615384615385
nfcorpus,bm25,PLAIN-1568,0.2,1.0,1.0,1.0,1.0,0.5,1.0,1.0,1.0,1.0,1.0,1.0
nfcorpus,bm25,PLAIN-1579,0.1,1.0,1.0,0.3391602052736161,0.2,0.2,0.2,0.2,0.2,0.2,0.2,0.2
nfcorpus,bm25,PLAIN-1590,0.1,1.0,1.0,0.22009176629808017,0.06897007589896727,0.05555555555555555,0.05555555555555555,0.05555555555555555,0.05555555555555555,0.1111111111111111,0.16666666666666666,0.2222222222222222
nfcorpus,bm25,PLAIN-1601,0.6,1.0,0.5,0.5806020001118017,0.13910689523482023,0.0,0.02702702702702703,0.05405405405405406,0.08108108108108109,0.13513513513513514,0.22972972972972974,0.24324324324324326
nfcorpus,bm25,PLAIN-1611,0.0,0.0,0.0,0.0,0.0,0.0,0.0,0.0,0.0,0.0,0.0,0.0
nfcorpus,bm25,PLAIN-1621,0.0,0.0,0.0,0.0,0.0,0.0,0.0,0.0,0.0,0.0,0.0,0.0
nfcorpus,bm25,PLAIN-1635,0.6,1.0,0.5,0.5088197627289399,0.42994167380463444,0.0,0.002320185614849188,0.004640371229698376,0.013921113689095127,0.030162412993039442,0.08120649651972157,0.14617169373549885
nfcorpus,bm25,PLAIN-1645,0.1,1.0,1.0,0.3026024134988135,0.16666666666666666,0.16666666666666666,0.16666666666666666,0.16666666666666666,0.16666666666666666,0.16666666666666666,0.16666666666666666,0.16666666666666666
nfcorpus,bm25,PLAIN-165,0.4,1.0,0.5,0.32876796616506127,0.1268368843123745,0.0,0.05555555555555555,0.08333333333333333,0.1111111111111111,0.2222222222222222,0.25,0.2777777777777778
nfcorpus,bm25,PLAIN-1656,0.1,1.0,0.25,0.09478836436955078,0.008928571428571428,0.0,0.0,0.03571428571428571,0.03571428571428571,0.03571428571428571,0.03571428571428571,0.03571428571428571
nfcorpus,bm25,PLAIN-1667,0.8,1.0,1.0,0.8115558478722845,0.21432823698342293,0.006289308176100629,0.012578616352201259,0.025157232704402517,0.050314465408805034,0.07547169811320754,0.16352201257861634,0.22641509433962265
nfcorpus,bm25,PLAIN-1679,0.0,0.0,0.0,0.0,0.0,0.0,0.0,0.0,0.0,0.0,0.0,0.0
nfcorpus,bm25,PLAIN-1690,0.0,0.0,0.0,0.0,0.005208333333333333,0.0,0.0,0.0,0.0,0.0,0.25,0.25
nfcorpus,bm25,PLAIN-1700,0.0,0.0,0.0,0.0,0.0,0.0,0.0,0.0,0.0,0.0,0.0,0.0
nfcorpus,bm25,PLAIN-1710,1.0,1.0,1.0,1.0,0.8125,0.0625,0.1875,0.3125,0.625,0.8125,0.8125,0.8125
nfcorpus,bm25,PLAIN-1721,0.6,1.0,1.0,0.6621137423456801,0.14992319508448543,0.03225806451612903,0.06451612903225806,0.0967741935483871,0.1935483870967742,0.1935483870967742,0.1935483870967742,0.1935483870967742
nfcorpus,bm25,PLAIN-1731,0.2,1.0,1.0,0.7653606369886217,0.6666666666666666,0.3333333333333333,0.6666666666666666,0.6666666666666666,0.6666666666666666,0.6666666666666666,0.6666666666666666,0.6666666666666666
nfcorpus,bm25,PLAIN-1741,1.0,1.0,1.0,1.0,0.566268316192465,0.002380952380952381,0.007142857142857143,0.011904761904761904,0.023809523809523808,0.04523809523809524,0.09761904761904762,0.15476190476190477
nfcorpus,bm25,PLAIN-175,0.3,1.0,1.0,0.3249649487838764,0.08219559765951519,0.02702702702702703,0.08108108108108109,0.08108108108108109,0.08108108108108109,0.08108108108108109,0.08108108108108109,0.10810810810810811
nfcorpus,bm25,PLAIN-1752,0.0,0.0,0.0,0.0,0.0,0.0,0.0,0.0,0.0,0.0,0.0,0.0
nfcorpus,bm25,PLAIN-1762,0.2,1.0,0.5,0.26852556974265224,0.18601190476190477,0.0,0.125,0.25,0.25,0.25,0.625,0.625
nfcorpus,bm25,PLAIN-1772,0.2,1.0,1.0,1.0,1.0,0.5,1.0,1.0,1.0,1.0,1.0,1.0
nfcorpus,bm25,PLAIN-1784,0.0,0.0,0.0,0.0,0.0,0.0,0.0,0.0,0.0,0.0,0.0,0.0
nfcorpus,bm25,PLAIN-1794,0.2,1.0,1.0,1.0,1.0,0.5,1.0,1.0,1.0,1.0,1.0,1.0
nfcorpus,bm25,PLAIN-1805,1.0,1.0,1.0,1.0,0.21595676078983816,0.008620689655172414,0.02586206896551724,0.04310344827586207,0.08620689655172414,0.12931034482758622,0.20689655172413793,0.21551724137931033
nfcorpus,bm25,PLAIN-1817,0.4,1.0,1.0,0.538431315257452,0.12962962962962962,0.037037037037037035,0.1111111111111111,0.1111111111111111,0.14814814814814814,0.14814814814814814,0.14814814814814814,0.14814814814814814
nfcorpus,bm25,PLAIN-1827,0.0,0.0,0.0,0.0,0.0,0.0,0.0,0.0,0.0,0.0,0.0,0.0
nfcorpus,bm25,PLAIN-1837,1.0,1.0,1.0,1.0,0.432984794913277,0.00510204081632653,0.015306122448979591,0.025510204081632654,0.05102040816326531,0.10204081632653061,0.20918367346938777,0.23979591836734693
nfcorpus,bm25,PLAIN-1847,0.2,1.0,1.0,0.33013764944712026,0.1515151515151515,0.09090909090909091,0.18181818181818182,0.18181818181818182,0.18181818181818182,0.18181818181818182,0.18181818181818182,0.18181818181818182
nfcorpus,bm25,PLAIN-1857,0.5,1.0,1.0,0.6274092458891772,0.14040404040404042,0.030303030303030304,0.09090909090909091,0.12121212121212122,0.15151515151515152,0.15151515151515152,0.18181818181818182,0.18181818181818182
nfcorpus,bm25,PLAIN-186,0.1,1.0,0.3333333333333333,0.11004588314904008,0.013888888888888888,0.0,0.041666666666666664,0.041666666666666664,0.041666666666666664,0.041666666666666664,0.041666666666666664,0.041666666666666664
nfcorpus,bm25,PLAIN-1867,0.0,0.0,0.0,0.0,0.0,0.0,0.0,0.0,0.0,0.0,0.0,0.0
nfcorpus,bm25,PLAIN-1877,0.0,0.0,0.0,0.0,0.0008711013645224171,0.0,0.0,0.0,0.0,0.0,0.0,0.05555555555555555
nfcorpus,bm25,PLAIN-1887,0.0,0.0,0.0,0.0,0.0,0.0,0.0,0.0,0.0,0.0,0.0,0.0
nfcorpus,bm25,PLAIN-1897,0.0,0.0,0.0,0.0,0.0,0.0,0.0,0.0,0.0,0.0,0.0,0.0
nfcorpus,bm25,PLAIN-1909,0.9,1.0,1.0,0.9363792118010481,0.2613307726946077,0.0021598272138228943,0.0064794816414686825,0.01079913606911447,0.019438444924406047,0.032397408207343416,0.06263498920086392,0.0755939524838013
nfcorpus,bm25,PLAIN-1919,0.7,1.0,1.0,0.7935840677649109,0.40415726765731136,0.037037037037037035,0.1111111111111111,0.18518518518518517,0.25925925925925924,0.37037037037037035,0.5555555555555556,0.6666666666666666
nfcorpus,bm25,PLAIN-1929,0.0,0.0,0.0,0.0,0.0,0.0,0.0,0.0,0.0,0.0,0.0,0.0
nfcorpus,bm25,PLAIN-1940,0.2,1.0,1.0,0.3589542101716347,0.17592592592592593,0.08333333333333333,0.16666666666666666,0.16666666666666666,0.16666666666666666,0.16666666666666666,0.25,0.25
nfcorpus,bm25,PLAIN-1950,0.2,1.0,0.5,0.2489083270225946,0.08974358974358973,0.0,0.15384615384615385,0.15384615384615385,0.15384615384615385,0.15384615384615385,0.15384615384615385,0.15384615384615385
nfcorpus,bm25,PLAIN-196,0.6,1.0,1.0,0.6691255538181726,0.07213940648723256,0.014492753623188406,0.028985507246376812,0.043478260869565216,0.08695652173913043,0.08695652173913043,0.10144927536231885,0.11594202898550725
nfcorpus,bm25,PLAIN-1962,0.0,0.0,0.0,0.0,0.0,0.0,0.0,0.0,0.0,0.0,0.0,0.0
nfcorpus,bm25,PLAIN-1972,0.0,0.0,0.0,0.0,0.0,0.0,0.0,0.0,0.0,0.0,0.0,0.0
nfcorpus,bm25,PLAIN-1983,1.0,1.0,1.0,1.0,0.4508858608973025,0.03125,0.09375,0.15625,0.3125,0.4375,0.5,0.5
nfcorpus,bm25,PLAIN-1995,0.0,0.0,0.0,0.0,0.0021141649048625794,0.0,0.0,0.0,0.0,0.0,0.09090909090909091,0.09090909090909091
nfcorpus,bm25,PLAIN-2,0.8,1.0,1.0,0.7915594501241253,0.4225852412718539,0.041666666666666664,0.125,0.16666666666666666,0.3333333333333333,0.4166666666666667,0.5833333333333334,0.625
nfcorpus,bm25,PLAIN-2009,0.1,1.0,0.3333333333333333,0.12647135138382856,0.041666666666666664,0.0,0.125,0.125,0.125,0.125,0.125,0.125
nfcorpus,bm25,PLAIN-2019,0.1,1.0,1.0,0.46927872602275644,0.3333333333333333,0.3333333333333333,0.3333333333333333,0.3333333333333333,0.3333333333333333,0.3333333333333333,0.3333333333333333,0.3333333333333333
nfcorpus,bm25,PLAIN-2030,0.1,1.0,1.0,0.3026024134988135,0.16666666666666666,0.16666666666666666,0.16666666666666666,0.16666666666666666,0.16666666666666666,0.16666666666666666,0.16666666666666666,0.16666666666666666
nfcorpus,bm25,PLAIN-2040,0.7,1.0,1.0,0.7506372960520509,0.07076425049709226,0.007575757575757576,0.022727272727272728,0.022727272727272728,0.05303030303030303,0.06060606060606061,0.08333333333333333,0.08333333333333333
nfcorpus,bm25,PLAIN-2051,0.7,1.0,0.5,0.6320787427864671,0.2476434933726602,0.0,0.005633802816901409,0.011267605633802818,0.01971830985915493,0.036619718309859155,0.061971830985915494,0.1267605633802817
nfcorpus,bm25,PLAIN-2061,0.9,1.0,1.0,0.9305687780632227,0.29759936690378075,0.0024390243902439024,0.007317073170731708,0.012195121951219513,0.02195121951219512,0.04390243902439024,0.07804878048780488,0.08536585365853659
nfcorpus,bm25,PLAIN-207,0.3,1.0,1.0,0.37185395737611554,0.09554723485045884,0.01818181818181818,0.01818181818181818,0.01818181818181818,0.05454545454545454,0.14545454545454545,0.16363636363636364,0.2909090909090909
nfcorpus,bm25,PLAIN-2071,0.5,1.0,1.0,0.552265477387053,0.12627261627261627,0.022222222222222223,0.044444444444444446,0.06666666666666667,0.1111111111111111,0.2,0.2,0.2
nfcorpus,bm25,PLAIN-2081,0.1,1.0,1.0,1.0,1.0,1.0,1.0,1.0,1.0,1.0,1.0,1.0
nfcorpus,bm25,PLAIN-2092,0.5,1.0,1.0,0.6489315753318465,0.5,0.1,0.3,0.5,0.5,0.5,0.5,0.5
nfcorpus,bm25,PLAIN-2102,0.4,1.0,1.0,0.5352543167750637,0.21088852476967468,0.0023752969121140144,0.007125890736342043,0.007125890736342043,0.009501187648456057,0.021377672209026127,0.057007125890736345,0.09738717339667459
nfcorpus,bm25,PLAIN-2113,0.0,0.0,0.0,0.0,0.0,0.0,0.0,0.0,0.0,0.0,0.0,0.0
nfcorpus,bm25,PLAIN-2124,0.2,1.0,1.0,0.3589542101716347,0.11764705882352941,0.058823529411764705,0.11764705882352941,0.11764705882352941,0.11764705882352941,0.11764705882352941,0.11764705882352941,0.11764705882352941
nfcorpus,bm25,PLAIN-2134,0.0,0.0,0.0,0.0,0.0,0.0,0.0,0.0,0.0,0.0,0.0,0.0
nfcorpus,bm25,PLAIN-2145,0.1,1.0,0.5,0.14829723057014912,0.05555555555555555,0.0,0.1111111111111111,0.1111111111111111,0.1111111111111111,0.1111111111111111,0.1111111111111111,0.1111111111111111
nfcorpus,bm25,PLAIN-2156,0.3,1.0,1.0,0.644824486427155,0.5,0.16666666666666666,0.5,0.5,0.5,0.5,0.5,0.5
nfcorpus,bm25,PLAIN-2167,0.0,0.0,0.0,0.0,0.0,0.0,0.0,0.0,0.0,0.0,0.0,0.0
nfcorpus,bm25,PLAIN-217,0.0,0.0,0.0,0.0,0.0015952699687639448,0.0,0.0,0.0,0.0,0.0,0.027777777777777776,0.05555555555555555
nfcorpus,bm25,PLAIN-2177,0.3,1.0,0.5,0.29727159644205703,0.05704022988505747,0.0,0.041666666666666664,0.08333333333333333,0.125,0.125,0.125,0.16666666666666666
nfcorpus,bm25,PLAIN-2187,0.2,1.0,1.0,0.3833427799846345,0.2222222222222222,0.1111111111111111,0.2222222222222222,0.2222222222222222,0.2222222222222222,0.2222222222222222,0.2222222222222222,0.2222222222222222
nfcorpus,bm25,PLAIN-2197,0.8,1.0,1.0,0.8579809428223729,0.13139709906951286,0.017241379310344827,0.05172413793103448,0.08620689655172414,0.13793103448275862,0.13793103448275862,0.13793103448275862,0.13793103448275862
nfcorpus,bm25,PLAIN-2209,0.0,0.0,0.0,0.0,0.0,0.0,0.0,0.0,0.0,0.0,0.0,0.0
nfcorpus,bm25,PLAIN-2220,0.1,1.0,1.0,0.2350455494144854,0.1111111111111111,0.1111111111111111,0.1111111111111111,0.1111111111111111,0.1111111111111111,0.1111111111111111,0.1111111111111111,0.1111111111111111
nfcorpus,bm25,PLAIN-2230,0.0,0.0,0.0,0.0,0.0,0.0,0.0,0.0,0.0,0.0,0.0,0.0
nfcorpus,bm25,PLAIN-2240,0.5,1.0,1.0,0.5517854393872873,0.3164502164502165,0.09090909090909091,0.09090909090909091,0.2727272727272727,0.45454545454545453,0.45454545454545453,0.45454545454545453,0.45454545454545453
nfcorpus,bm25,PLAIN-2250,0.0,0.0,0.0,0.0,0.0,0.0,0.0,0.0,0.0,0.0,0.0,0.0
nfcorpus,bm25,PLAIN-2261,0.5,1.0,0.3333333333333333,0.41628452663299514,0.051986817325800364,0.0,0.016666666666666666,0.03333333333333333,0.08333333333333333,0.1,0.13333333333333333,0.15
nfcorpus,bm25,PLAIN-227,0.1,1.0,0.3333333333333333,0.11004588314904008,0.008333333333333333,0.0,0.025,0.025,0.025,0.025,0.025,0.025
nfcorpus,bm25,PLAIN-2271,0.0,0.0,0.0,0.0,0.0019230769230769232,0.0,0.0,0.0,0.0,0.0,0.0,0.1
nfcorpus,bm25,PLAIN-2281,0.0,0.0,0.0,0.0,0.0,0.0,0.0,0.0,0.0,0.0,0.0,0.0
nfcorpus,bm25,PLAIN-2291,0.2,1.0,1.0,0.45221360703148816,0.2571428571428571,0.2,0.2,0.2,0.4,0.4,0.4,0.4
nfcorpus,bm25,PLAIN-23,0.5,1.0,1.0,0.3064415951729211,0.06621435920047031,0.011111111111111112,0.022222222222222223,0.044444444444444446,0.05555555555555555,0.08888888888888889,0.1,0.12222222222222222
nfcorpus,bm25,PLAIN-2301,0.0,0.0,0.0,0.0,0.0,0.0,0.0,0.0,0.0,0.0,0.0,0.0
nfcorpus,bm25,PLAIN-2311,0.0,0.0,0.0,0.0,0.0,0.0,0.0,0.0,0.0,0.0,0.0,0.0
nfcorpus,bm25,PLAIN-2321,0.0,0.0,0.0,0.0,0.0,0.0,0.0,0.0,0.0,0.0,0.0,0.0
nfcorpus,bm25,PLAIN-2332,0.4,1.0,1.0,0.5100691314582919,0.051054046541752614,0.010309278350515464,0.020618556701030927,0.041237113402061855,0.041237113402061855,0.05154639175257732,0.08247422680412371,0.13402061855670103
nfcorpus,bm25,PLAIN-2343,0.0,0.0,0.0,0.0,0.0,0.0,0.0,0.0,0.0,0.0,0.0,0.0
nfcorpus,bm25,PLAIN-2354,0.2,1.0,1.0,0.5087403079104241,0.3333333333333333,0.2,0.4,0.4,0.4,0.4,0.4,0.4
nfcorpus,bm25,PLAIN-2364,0.0,0.0,0.0,0.0,0.0,0.0,0.0,0.0,0.0,0.0,0.0,0.0
nfcorpus,bm25,PLAIN-2375,0.0,0.0,0.0,0.0,0.0,0.0,0.0,0.0,0.0,0.0,0.0,0.0
nfcorpus,bm25,PLAIN-238,0.0,0.0,0.0,0.0,0.0012109398074310355,0.0,0.0,0.0,0.0,0.0,0.018518518518518517,0.037037037037037035
nfcorpus,bm25,PLAIN-2386,0.0,0.0,0.0,0.0,0.0,0.0,0.0,0.0,0.0,0.0,0.0,0.0
nfcorpus,bm25,PLAIN-2396,0.0,0.0,0.0,0.0,0.0,0.0,0.0,0.0,0.0,0.0,0.0,0.0
nfcorpus,bm25,PLAIN-2408,0.0,0.0,0.0,0.0,0.0,0.0,0.0,0.0,0.0,0.0,0.0,0.0
nfcorpus,bm25,PLAIN-2430,0.3,1.0,1.0,0.38103895132309773,0.05301375879100716,0.021739130434782608,0.043478260869565216,0.043478260869565216,0.06521739130434782,0.06521739130434782,0.06521739130434782,0.10869565217391304
nfcorpus,bm25,PLAIN-2440,0.0,0.0,0.0,0.0,0.0,0.0,0.0,0.0,0.0,0.0,0.0,0.0
nfcorpus,bm25,PLAIN-2450,0.2,1.0,1.0,0.33013764944712026,0.07079454930231757,0.02631578947368421,0.05263157894736842,0.05263157894736842,0.05263157894736842,0.10526315789473684,0.18421052631578946,0.18421052631578946
nfcorpus,bm25,PLAIN-2460,0.1,1.0,1.0,0.2873431773791807,0.06655191264972743,0.03225806451612903,0.03225806451612903,0.03225806451612903,0.03225806451612903,0.0967741935483871,0.22580645161290322,0.25806451612903225
nfcorpus,bm25,PLAIN-2470,0.2,1.0,0.2,0.13999248662233868,0.03886603722247649,0.0,0.0,0.0136986301369863,0.0273972602739726,0.0547945205479452,0.136986301369863,0.1917808219178082
nfcorpus,bm25,PLAIN-248,0.1,1.0,0.25,0.09478836436955078,0.02720419247248323,0.0,0.0,0.03225806451612903,0.03225806451612903,0.0967741935483871,0.12903225806451613,0.16129032258064516
nfcorpus,bm25,PLAIN-2480,0.3,1.0,0.5,0.2345146442307402,0.10933641975308642,0.0,0.05555555555555555,0.05555555555555555,0.16666666666666666,0.3333333333333333,0.3333333333333333,0.3333333333333333
nfcorpus,bm25,PLAIN-2490,0.3,1.0,1.0,0.5709902424223862,0.14030365769496206,0.043478260869565216,0.08695652173913043,0.08695652173913043,0.13043478260869565,0.17391304347826086,0.2608695652173913,0.2608695652173913
nfcorpus,bm25,PLAIN-2500,0.1,1.0,0.1,0.1256829249040715,0.058503401360544216,0.0,0.0,0.0,0.14285714285714285,0.42857142857142855,0.42857142857142855,0.42857142857142855
nfcorpus,bm25,PLAIN-2510,0.8,1.0,1.0,0.8318477135310891,0.2996843066566295,0.021739130434782608,0.06521739130434782,0.08695652173913043,0.17391304347826086,0.1956521739130435,0.3695652173913043,0.5434782608695652
nfcorpus,bm25,PLAIN-2520,0.3,1.0,0.2,0.07597942055925277,0.028674519594256907,0.0,0.0,0.0136986301369863,0.0410958904109589,0.0684931506849315,0.0958904109589041,0.136986301369863
nfcorpus,bm25,PLAIN-2530,1.0,1.0,1.0,0.9053206285482486,0.25575263484620214,0.013888888888888888,0.041666666666666664,0.06944444444444445,0.1388888888888889,0.2222222222222222,0.2638888888888889,0.3055555555555556
nfcorpus,bm25,PLAIN-2540,0.3,1.0,1.0,0.3204477194687291,0.11870983042186913,0.047619047619047616,0.047619047619047616,0.047619047619047616,0.14285714285714285,0.19047619047619047,0.3333333333333333,0.42857142857142855
nfcorpus,bm25,PLAIN-2550,0.0,0.0,0.0,0.0,0.0203949744981517,0.0,0.0,0.0,0.0,0.12,0.16,0.2
nfcorpus,bm25,PLAIN-2560,0.7,1.0,1.0,0.7846170207230129,0.4563663408319248,0.047619047619047616,0.14285714285714285,0.23809523809523808,0.3333333333333333,0.47619047619047616,0.5714285714285714,0.7142857142857143
nfcorpus,bm25,PLAIN-2570,0.1,1.0,0.5,0.1601404351965604,0.017420634920634923,0.0,0.025,0.025,0.025,0.025,0.05,0.1
nfcorpus,bm25,PLAIN-2580,0.2,1.0,1.0,0.39748251179391547,0.08249721293199554,0.043478260869565216,0.08695652173913043,0.08695652173913043,0.08695652173913043,0.13043478260869565,0.13043478260869565,0.13043478260869565
nfcorpus,bm25,PLAIN-259,0.2,1.0,1.0,0.3589542101716347,0.14690026954177898,0.07142857142857142,0.14285714285714285,0.14285714285714285,0.14285714285714285,0.14285714285714285,0.14285714285714285,0.21428571428571427
nfcorpus,bm25,PLAIN-2590,0.1,1.0,0.1,0.022146236758459777,0.00920314253647587,0.0,0.0,0.0,0.015873015873015872,0.031746031746031744,0.06349206349206349,0.07936507936507936
nfcorpus,bm25,PLAIN-2600,0.2,1.0,0.25,0.2233655828233725,0.06,0.0,0.0,0.1,0.2,0.3,0.3,0.3
nfcorpus,bm25,PLAIN-2610,0.2,1.0,1.0,0.266379247589265,0.04373138748902493,0.01639344262295082,0.03278688524590164,0.03278688524590164,0.03278688524590164,0.04918032786885246,0.08196721311475409,0.13114754098360656
nfcorpus,bm25,PLAIN-2620,0.2,1.0,1.0,0.266379247589265,0.06073191628852404,0.01818181818181818,0.03636363636363636,0.03636363636363636,0.03636363636363636,0.05454545454545454,0.14545454545454545,0.18181818181818182
nfcorpus,bm25,PLAIN-2630,0.3,1.0,1.0,0.44409732781325567,0.12761559833928257,0.020833333333333332,0.041666666666666664,0.0625,0.0625,0.14583333333333334,0.2708333333333333,0.2708333333333333
nfcorpus,bm25,PLAIN-2640,0.7,1.0,1.0,0.4830218690873669,0.30352105115449757,0.020833333333333332,0.0625,0.10416666666666667,0.14583333333333334,0.1875,0.375,0.5416666666666666
nfcorpus,bm25,PLAIN-2650,0.4,1.0,1.0,0.49857235572538383,0.1509935322107863,0.034482758620689655,0.06896551724137931,0.06896551724137931,0.13793103448275862,0.1724137931034483,0.3103448275862069,0.3793103448275862
nfcorpus,bm25,PLAIN-2660,0.3,1.0,0.25,0.24261785528500338,0.05709876543209876,0.0,0.0,0.037037037037037035,0.1111111111111111,0.14814814814814814,0.2222222222222222,0.2222222222222222
nfcorpus,bm25,PLAIN-2670,0.1,1.0,1.0,0.3406992958233561,0.03442215595915786,0.02857142857142857,0.02857142857142857,0.02857142857142857,0.02857142857142857,0.05714285714285714,0.05714285714285714,0.11428571428571428
nfcorpus,bm25,PLAIN-2680,0.2,1.0,0.5,0.2855599201708855,0.10354141656662665,0.0,0.07142857142857142,0.14285714285714285,0.14285714285714285,0.2857142857142857,0.2857142857142857,0.2857142857142857
nfcorpus,bm25,PLAIN-2690,0.2,1.0,0.5,0.11571870322796211,0.02583979328165375,0.0,0.023255813953488372,0.023255813953488372,0.046511627906976744,0.046511627906976744,0.11627906976744186,0.11627906976744186
nfcorpus,bm25,PLAIN-270,0.1,1.0,1.0,0.22009176629808017,0.056075445311985765,0.019230769230769232,0.019230769230769232,0.019230769230769232,0.019230769230769232,0.057692307692307696,0.19230769230769232,0.21153846153846154
nfcorpus,bm25,PLAIN-2700,0.1,1.0,0.5,0.21495732275579915,0.07089201877934273,0.0,0.1,0.1,0.1,0.2,0.2,0.3
nfcorpus,bm25,PLAIN-2710,0.3,1.0,1.0,0.5709902424223862,0.1453548297402118,0.047619047619047616,0.09523809523809523,0.09523809523809523,0.14285714285714285,0.19047619047619047,0.23809523809523808,0.2857142857142857
nfcorpus,bm25,PLAIN-2720,0.2,1.0,0.5,0.13143059893280584,0.04517662078282034,0.0,0.027777777777777776,0.05555555555555555,0.05555555555555555,0.08333333333333333,0.16666666666666666,0.19444444444444445
nfcorpus,bm25,PLAIN-2730,0.4,1.0,0.3333333333333333,0.3098421742912402,0.09940016780682653,0.0,0.034482758620689655,0.034482758620689655,0.13793103448275862,0.1724137931034483,0.27586206896551724,0.3448275862068966
nfcorpus,bm25,PLAIN-2740,0.4,1.0,0.5,0.4775498912169242,0.08943355437139813,0.0,0.04,0.06,0.08,0.08,0.22,0.24
nfcorpus,bm25,PLAIN-2750,0.6,1.0,1.0,0.5017388706618096,0.11620457548200633,0.01694915254237288,0.03389830508474576,0.05084745762711865,0.1016949152542373,0.13559322033898305,0.1864406779661017,0.22033898305084745
nfcorpus,bm25,PLAIN-2760,0.0,0.0,0.0,0.0,0.0,0.0,0.0,0.0,0.0,0.0,0.0,0.0
nfcorpus,bm25,PLAIN-2770,0.3,1.0,1.0,0.35175008378240746,0.10342939780423664,0.024390243902439025,0.024390243902439025,0.07317073170731707,0.07317073170731707,0.12195121951219512,0.1951219512195122,0.3170731707317073
nfcorpus,bm25,PLAIN-2780,0.4,1.0,1.0,0.34943778979309653,0.19333196985107792,0.045454545454545456,0.09090909090909091,0.13636363636363635,0.18181818181818182,0.22727272727272727,0.36363636363636365,0.4090909090909091
nfcorpus,bm25,PLAIN-2790,0.5,1.0,1.0,0.6421867266689009,0.09787575889270805,0.01694915254237288,0.05084745762711865,0.06779661016949153,0.0847457627118644,0.11864406779661017,0.11864406779661017,0.13559322033898305
nfcorpus,bm25,PLAIN-280,0.4,1.0,1.0,0.4631896595828492,0.14610864824100117,0.05,0.1,0.1,0.2,0.2,0.25,0.4
nfcorpus,bm25,PLAIN-2800,0.1,1.0,0.25,0.04891040002107725,0.02035091480846198,0.0,0.0,0.041666666666666664,0.041666666666666664,0.08333333333333333,0.08333333333333333,0.125
nfcorpus,bm25,PLAIN-2810,0.1,1.0,0.16666666666666666,0.043358872528941626,0.05016667278590616,0.0,0.0,0.0,0.125,0.25,0.375,0.5
nfcorpus,bm25,PLAIN-2820,0.0,0.0,0.0,0.0,0.002976190476190476,0.0,0.0,0.0,0.0,0.0,0.125,0.125
nfcorpus,bm25,PLAIN-2830,0.1,1.0,0.5,0.45819933371607996,0.16666666666666666,0.0,0.3333333333333333,0.3333333333333333,0.3333333333333333,0.3333333333333333,0.3333333333333333,0.3333333333333333
nfcorpus,bm25,PLAIN-2840,0.0,0.0,0.0,0.0,0.0,0.0,0.0,0.0,0.0,0.0,0.0,0.0
nfcorpus,bm25,PLAIN-2850,0.0,0.0,0.0,0.0,0.0,0.0,0.0,0.0,0.0,0.0,0.0,0.0
nfcorpus,bm25,PLAIN-2860,0.2,1.0,1.0,1.0,1.0,0.5,1.0,1.0,1.0,1.0,1.0,1.0
nfcorpus,bm25,PLAIN-2870,0.0,0.0,0.0,0.0,0.015384615384615385,0.0,0.0,0.0,0.0,0.2,0.2,0.2
nfcorpus,bm25,PLAIN-2880,0.0,0.0,0.0,0.0,0.0,0.0,0.0,0.0,0.0,0.0,0.0,0.0
nfcorpus,bm25,PLAIN-2890,0.1,1.0,0.2,0.1773588901300731,0.006896551724137932,0.0,0.0,0.034482758620689655,0.034482758620689655,0.034482758620689655,0.034482758620689655,0.034482758620689655
nfcorpus,bm25,PLAIN-2900,0.1,1.0,0.1,0.08970879652674052,0.010416666666666666,0.0,0.0,0.0,0.08333333333333333,0.08333333333333333,0.08333333333333333,0.16666666666666666
nfcorpus,bm25,PLAIN-291,0.2,1.0,1.0,0.3589542101716347,0.16826923076923078,0.07692307692307693,0.15384615384615385,0.15384615384615385,0.15384615384615385,0.23076923076923078,0.23076923076923078,0.23076923076923078
nfcorpus,bm25,PLAIN-2910,0.1,1.0,0.5,0.242496821534539,0.03333333333333333,0.0,0.06666666666666667,0.06666666666666667,0.06666666666666667,0.06666666666666667,0.06666666666666667,0.06666666666666667
nfcorpus,bm25,PLAIN-2920,0.0,0.0,0.0,0.0,0.006211180124223602,0.0,0.0,0.0,0.0,0.0,0.14285714285714285,0.14285714285714285
nfcorpus,bm25,PLAIN-2930,0.1,1.0,1.0,0.4584660801557625,0.0963893050963883,0.07142857142857142,0.07142857142857142,0.07142857142857142,0.07142857142857142,0.07142857142857142,0.14285714285714285,0.42857142857142855
nfcorpus,bm25,PLAIN-2940,0.0,0.0,0.0,0.0,0.0008264462809917355,0.0,0.0,0.0,0.0,0.0,0.0,0.045454545454545456
nfcorpus,bm25,PLAIN-2950,0.0,0.0,0.0,0.0,0.0,0.0,0.0,0.0,0.0,0.0,0.0,0.0
nfcorpus,bm25,PLAIN-2960,0.1,1.0,0.25,0.35583989829307827,0.125,0.0,0.0,0.5,0.5,0.5,0.5,0.5
nfcorpus,bm25,PLAIN-2970,0.0,0.0,0.0,0.0,0.0,0.0,0.0,0.0,0.0,0.0,0.0,0.0
nfcorpus,bm25,PLAIN-2981,0.2,1.0,1.0,0.5952833277428818,0.19047619047619047,0.14285714285714285,0.14285714285714285,0.14285714285714285,0.2857142857142857,0.2857142857142857,0.2857142857142857,0.2857142857142857
nfcorpus,bm25,PLAIN-2991,0.1,1.0,0.3333333333333333,0.3065735963827292,0.16666666666666666,0.0,0.5,0.5,0.5,0.5,0.5,0.5
nfcorpus,bm25,PLAIN-3001,0.1,1.0,0.3333333333333333,0.3065735963827292,0.16666666666666666,0.0,0.5,0.5,0.5,0.5,0.5,0.5
nfcorpus,bm25,PLAIN-3014,0.0,0.0,0.0,0.0,0.0,0.0,0.0,0.0,0.0,0.0,0.0,0.0
nfcorpus,bm25,PLAIN-3026,0.0,0.0,0.0,0.0,0.017543859649122806,0.0,0.0,0.0,0.0,0.0,0.0,1.0
nfcorpus,bm25,PLAIN-3037,0.0,0.0,0.0,0.0,0.0,0.0,0.0,0.0,0.0,0.0,0.0,0.0
nfcorpus,bm25,PLAIN-3053,0.2,1.0,1.0,0.7653606369886218,0.6666666666666666,0.3333333333333333,0.6666666666666666,0.6666666666666666,0.6666666666666666,0.6666666666666666,0.6666666666666666,0.6666666666666666
nfcorpus,bm25,PLAIN-3063,0.0,0.0,0.0,0.0,0.0,0.0,0.0,0.0,0.0,0.0,0.0,0.0
nfcorpus,bm25,PLAIN-307,0.1,1.0,0.1111111111111111,0.141266972859829,0.05602693602693603,0.0,0.0,0.0,0.3333333333333333,0.3333333333333333,0.3333333333333333,1.0
nfcorpus,bm25,PLAIN-3074,0.1,1.0,1.0,1.0,1.0,1.0,1.0,1.0,1.0,1.0,1.0,1.0
nfcorpus,bm25,PLAIN-3085,0.1,1.0,0.1111111111111111,0.1845756967795682,0.1388888888888889,0.0,0.0,0.0,0.5,1.0,1.0,1.0
nfcorpus,bm25,PLAIN-3097,0.1,1.0,1.0,0.515157140670655,0.26785714285714285,0.25,0.25,0.25,0.25,0.25,0.5,0.5
nfcorpus,bm25,PLAIN-3116,0.0,0.0,0.0,0.0,0.010869565217391304,0.0,0.0,0.0,0.0,0.0,0.0,1.0
nfcorpus,bm25,PLAIN-3131,0.1,1.0,0.125,0.1250765085232235,0.020833333333333332,0.0,0.0,0.0,0.16666666666666666,0.16666666666666666,0.16666666666666666,0.16666666666666666
nfcorpus,bm25,PLAIN-3141,0.1,1.0,0.1,0.09848418277380512,0.011133593786431589,0.0,0.0,0.0,0.029411764705882353,0.029411764705882353,0.08823529411764706,0.17647058823529413
nfcorpus,bm25,PLAIN-3151,0.0,0.0,0.0,0.0,0.10513475139438694,0.0,0.0,0.0,0.0,0.2777777777777778,0.4444444444444444,0.5555555555555556
nfcorpus,bm25,PLAIN-3161,0.3,1.0,1.0,0.5526800760251444,0.13166670858136317,0.023255813953488372,0.023255813953488372,0.023255813953488372,0.06976744186046512,0.18604651162790697,0.3023255813953488,0.3488372093023256
nfcorpus,bm25,PLAIN-3171,0.3,1.0,0.5,0.19906624975234874,0.0553471948980261,0.0,0.029411764705882353,0.029411764705882353,0.08823529411764706,0.11764705882352941,0.14705882352941177,0.23529411764705882
nfcorpus,bm25,PLAIN-3181,0.0,0.0,0.0,0.0,0.00739384072717406,0.0,0.0,0.0,0.0,0.037037037037037035,0.1111111111111111,0.1111111111111111
nfcorpus,bm25,PLAIN-3191,0.3,1.0,0.16666666666666666,0.1761689317928849,0.1094914770901613,0.0,0.0,0.0,0.1875,0.3125,0.4375,0.4375
nfcorpus,bm25,PLAIN-320,0.0,0.0,0.0,0.0,0.009704052561195418,0.0,0.0,0.0,0.0,0.023809523809523808,0.09523809523809523,0.14285714285714285
nfcorpus,bm25,PLAIN-3201,0.3,1.0,0.25,0.2966012507966712,0.032924107142857144,0.0,0.0,0.03125,0.09375,0.09375,0.125,0.125
nfcorpus,bm25,PLAIN-3211,0.0,0.0,0.0,0.0,0.0,0.0,0.0,0.0,0.0,0.0,0.0,0.0
nfcorpus,bm25,PLAIN-3221,0.0,0.0,0.0,0.0,0.006047523904666762,0.0,0.0,0.0,0.0,0.0,0.125,0.125
nfcorpus,bm25,PLAIN-3231,0.0,0.0,0.0,0.0,0.0051486839461523,0.0,0.0,0.0,0.0,0.0,0.0,0.25
nfcorpus,bm25,PLAIN-3241,0.0,0.0,0.0,0.0,0.0,0.0,0.0,0.0,0.0,0.0,0.0,0.0
nfcorpus,bm25,PLAIN-3251,0.1,1.0,0.14285714285714285,0.0509406755728625,0.013605442176870748,0.0,0.0,0.0,0.047619047619047616,0.09523809523809523,0.09523809523809523,0.09523809523809523
nfcorpus,bm25,PLAIN-3261,0.1,1.0,0.3333333333333333,0.17034964791167806,0.034188034188034185,0.0,0.07692307692307693,0.07692307692307693,0.07692307692307693,0.15384615384615385,0.15384615384615385,0.15384615384615385
nfcorpus,bm25,PLAIN-3271,0.0,0.0,0.0,0.0,0.0026353686635944705,0.0,0.0,0.0,0.0,0.02040816326530612,0.02040816326530612,0.061224489795918366
nfcorpus,bm25,PLAIN-3281,0.1,1.0,1.0,0.38434836867631483,0.044140271493212674,0.038461538461538464,0.038461538461538464,0.038461538461538464,0.038461538461538464,0.07692307692307693,0.07692307692307693,0.11538461538461539
nfcorpus,bm25,PLAIN-3292,0.4,1.0,1.0,0.4902313182833249,0.3873015873015873,0.14285714285714285,0.14285714285714285,0.42857142857142855,0.5714285714285714,0.5714285714285714,0.7142857142857143,0.7142857142857143
nfcorpus,bm25,PLAIN-33,0.1,1.0,1.0,0.22984017502812992,0.0429785166490794,0.03125,0.03125,0.03125,0.03125,0.0625,0.0625,0.1875
nfcorpus,bm25,PLAIN-3302,0.2,1.0,1.0,0.24924199037643663,0.10022164685039438,0.02702702702702703,0.05405405405405406,0.05405405405405406,0.05405405405405406,0.08108108108108109,0.21621621621621623,0.3783783783783784
nfcorpus,bm25,PLAIN-3312,0.2,1.0,0.16666666666666666,0.11020731481643126,0.10660590544311475,0.0,0.0,0.0,0.15384615384615385,0.23076923076923078,0.5384615384615384,0.6153846153846154
nfcorpus,bm25,PLAIN-332,0.1,1.0,1.0,0.6131471927654584,0.5,0.5,0.5,0.5,0.5,0.5,0.5,0.5
nfcorpus,bm25,PLAIN-3322,0.1,1.0,0.2,0.08514311764162098,0.008640025423663917,0.0,0.0,0.012658227848101266,0.012658227848101266,0.012658227848101266,0.06329113924050633,0.0759493670886076
nfcorpus,bm25,PLAIN-3332,0.3,1.0,1.0,0.36213495355576997,0.19635465724751439,0.07142857142857142,0.07142857142857142,0.07142857142857142,0.21428571428571427,0.2857142857142857,0.5714285714285714,0.6428571428571429
nfcorpus,bm25,PLAIN-3342,0.2,1.0,1.0,0.7653606369886218,0.712121212121212,0.3333333333333333,0.6666666666666666,0.6666666666666666,0.6666666666666666,0.6666666666666666,1.0,1.0
nfcorpus,bm25,PLAIN-3352,0.0,0.0,0.0,0.0,0.013054953209349142,0.0,0.0,0.0,0.0,0.0,0.07692307692307693,0.1794871794871795
nfcorpus,bm25,PLAIN-3362,0.3,1.0,1.0,0.6573548268593186,0.2727272727272727,0.09090909090909091,0.2727272727272727,0.2727272727272727,0.2727272727272727,0.2727272727272727,0.2727272727272727,0.2727272727272727
nfcorpus,bm25,PLAIN-3372,0.0,0.0,0.0,0.0,0.0,0.0,0.0,0.0,0.0,0.0,0.0,0.0
nfcorpus,bm25,PLAIN-3382,0.3,1.0,1.0,0.2107858714630148,0.1302721088435374,0.07142857142857142,0.07142857142857142,0.07142857142857142,0.21428571428571427,0.21428571428571427,0.2857142857142857,0.2857142857142857
nfcorpus,bm25,PLAIN-3392,0.0,0.0,0.0,0.0,0.006069047855934733,0.0,0.0,0.0,0.0,0.043478260869565216,0.08695652173913043,0.08695652173913043
nfcorpus,bm25,PLAIN-3402,0.0,0.0,0.0,0.0,0.001488095238095238,0.0,0.0,0.0,0.0,0.0,0.07142857142857142,0.07142857142857142
nfcorpus,bm25,PLAIN-3412,0.3,1.0,1.0,0.21809434160734445,0.05053547734883426,0.02040816326530612,0.02040816326530612,0.04081632653061224,0.061224489795918366,0.08163265306122448,0.12244897959183673,0.14285714285714285
nfcorpus,bm25,PLAIN-3422,0.1,1.0,0.1111111111111111,0.024178167691963102,0.1038732080879389,0.0,0.0,0.0,0.03225806451612903,0.12903225806451613,0.25806451612903225,0.5806451612903226
nfcorpus,bm25,PLAIN-3432,0.3,1.0,0.3333333333333333,0.28323251649726616,0.06637501741199735,0.0,0.023809523809523808,0.047619047619047616,0.07142857142857142,0.14285714285714285,0.14285714285714285,0.23809523809523808
nfcorpus,bm25,PLAIN-344,0.2,1.0,0.3333333333333333,0.08200843121283657,0.01751617936324532,0.0,0.01639344262295082,0.01639344262295082,0.03278688524590164,0.03278688524590164,0.04918032786885246,0.11475409836065574
nfcorpus,bm25,PLAIN-3442,0.0,0.0,0.0,0.0,0.0028686342934879047,0.0,0.0,0.0,0.0,0.0,0.034482758620689655,0.06896551724137931
nfcorpus,bm25,PLAIN-3452,0.4,1.0,1.0,0.574874587725796,0.2454248366013072,0.058823529411764705,0.17647058823529413,0.17647058823529413,0.23529411764705882,0.23529411764705882,0.4117647058823529,0.4117647058823529
nfcorpus,bm25,PLAIN-3462,0.7,1.0,1.0,0.70937536504841,0.23461776679487148,0.015625,0.03125,0.0625,0.109375,0.15625,0.3125,0.4375
nfcorpus,bm25,PLAIN-3472,0.0,0.0,0.0,0.0,0.0007262164124909223,0.0,0.0,0.0,0.0,0.0,0.0,0.058823529411764705
nfcorpus,bm25,PLAIN-358,0.0,0.0,0.0,0.0,0.0,0.0,0.0,0.0,0.0,0.0,0.0,0.0
nfcorpus,bm25,PLAIN-371,0.1,1.0,0.3333333333333333,0.13770577618809332,0.25757575757575757,0.0,0.5,0.5,0.5,1.0,1.0,1.0
nfcorpus,bm25,PLAIN-383,0.1,1.0,0.16666666666666666,0.1208113026994942,0.03333333333333333,0.0,0.0,0.0,0.2,0.2,0.2,0.2
nfcorpus,bm25,PLAIN-395,0.0,0.0,0.0,0.0,0.0,0.0,0.0,0.0,0.0,0.0,0.0,0.0
nfcorpus,bm25,PLAIN-407,0.1,1.0,1.0,0.7262287617954056,0.35353535353535354,0.3333333333333333,0.3333333333333333,0.3333333333333333,0.3333333333333333,0.3333333333333333,0.6666666666666666,0.6666666666666666
nfcorpus,bm25,PLAIN-418,0.2,1.0,1.0,0.8344475896326595,0.5555555555555555,0.3333333333333333,0.6666666666666666,0.6666666666666666,0.6666666666666666,0.6666666666666666,0.6666666666666666,0.6666666666666666
nfcorpus,bm25,PLAIN-430,0.3,1.0,1.0,0.5982294706672244,0.32834292836370105,0.125,0.25,0.25,0.375,0.375,0.5,0.625
nfcorpus,bm25,PLAIN-44,0.0,0.0,0.0,0.0,0.030317305230427676,0.0,0.0,0.0,0.0,0.06896551724137931,0.1206896551724138,0.20689655172413793
nfcorpus,bm25,PLAIN-441,0.5,1.0,1.0,0.976513716896422,0.8583333333333332,0.2,0.6,0.6,1.0,1.0,1.0,1.0
nfcorpus,bm25,PLAIN-457,0.0,0.0,0.0,0.0,0.0,0.0,0.0,0.0,0.0,0.0,0.0,0.0
nfcorpus,bm25,PLAIN-468,0.2,1.0,0.2,0.2855938966541961,0.14271700779934862,0.0,0.0,0.1,0.2,0.3,0.7,0.7
nfcorpus,bm25,PLAIN-478,0.0,0.0,0.0,0.0,0.0,0.0,0.0,0.0,0.0,0.0,0.0,0.0
nfcorpus,bm25,PLAIN-488,0.9,1.0,1.0,0.933745776545611,0.7150505050505049,0.06666666666666667,0.2,0.3333333333333333,0.6,0.7333333333333333,0.7333333333333333,0.7333333333333333
nfcorpus,bm25,PLAIN-499,0.3,1.0,1.0,0.4690000933206748,0.09768500948766604,0.029411764705882353,0.08823529411764706,0.08823529411764706,0.08823529411764706,0.08823529411764706,0.14705882352941177,0.14705882352941177
nfcorpus,bm25,PLAIN-510,0.0,0.0,0.0,0.0,0.0,0.0,0.0,0.0,0.0,0.0,0.0,0.0
nfcorpus,bm25,PLAIN-520,0.0,0.0,0.0,0.0,0.0,0.0,0.0,0.0,0.0,0.0,0.0,0.0
nfcorpus,bm25,PLAIN-531,0.4,1.0,0.3333333333333333,0.3183191637810562,0.05685152939498454,0.0,0.003246753246753247,0.003246753246753247,0.012987012987012988,0.016233766233766232,0.03571428571428571,0.07142857142857142
nfcorpus,bm25,PLAIN-541,0.3,1.0,0.3333333333333333,0.34762911100514526,0.16567460317460317,0.0,0.16666666666666666,0.16666666666666666,0.5,0.5,0.5,0.5
nfcorpus,bm25,PLAIN-551,0.0,0.0,0.0,0.0,0.0,0.0,0.0,0.0,0.0,0.0,0.0,0.0
nfcorpus,bm25,PLAIN-56,0.5,1.0,1.0,0.7260078438084323,0.10351648351648352,0.02,0.06,0.08,0.1,0.12,0.12,0.12
nfcorpus,bm25,PLAIN-561,0.2,1.0,1.0,0.3589542101716347,0.08,0.04,0.08,0.08,0.08,0.08,0.08,0.08
nfcorpus,bm25,PLAIN-571,0.2,1.0,0.3333333333333333,0.2558209594125084,0.11904761904761904,0.0,0.14285714285714285,0.2857142857142857,0.2857142857142857,0.2857142857142857,0.2857142857142857,0.2857142857142857
nfcorpus,bm25,PLAIN-583,0.0,0.0,0.0,0.0,0.0,0.0,0.0,0.0,0.0,0.0,0.0,0.0
nfcorpus,bm25,PLAIN-593,0.1,1.0,1.0,0.46927872602275644,0.3333333333333333,0.3333333333333333,0.3333333333333333,0.3333333333333333,0.3333333333333333,0.3333333333333333,0.3333333333333333,0.3333333333333333
nfcorpus,bm25,PLAIN-603,0.0,0.0,0.0,0.0,0.0,0.0,0.0,0.0,0.0,0.0,0.0,0.0
nfcorpus,bm25,PLAIN-613,0.0,0.0,0.0,0.0,0.011590909090909091,0.0,0.0,0.0,0.0,0.1,0.1,0.2
nfcorpus,bm25,PLAIN-623,0.2,1.0,0.5,0.2489083270225946,0.0301569294762715,0.0,0.04878048780487805,0.04878048780487805,0.04878048780487805,0.04878048780487805,0.07317073170731707,0.07317073170731707
nfcorpus,bm25,PLAIN-634,0.1,1.0,1.0,0.22009176629808017,0.047619047619047616,0.047619047619047616,0.047619047619047616,0.047619047619047616,0.047619047619047616,0.047619047619047616,0.047619047619047616,0.047619047619047616
nfcorpus,bm25,PLAIN-645,0.0,0.0,0.0,0.0,0.0,0.0,0.0,0.0,0.0,0.0,0.0,0.0
nfcorpus,bm25,PLAIN-660,1.0,1.0,1.0,1.0,0.26642396253351747,0.002105263157894737,0.00631578947368421,0.010526315789473684,0.021052631578947368,0.035789473684210524,0.06315789473684211,0.06315789473684211
nfcorpus,bm25,PLAIN-671,0.1,1.0,1.0,1.0,1.0,1.0,1.0,1.0,1.0,1.0,1.0,1.0
nfcorpus,bm25,PLAIN-68,0.1,1.0,1.0,0.4584660801557625,0.04666815465725768,0.01818181818181818,0.01818181818181818,0.01818181818181818,0.01818181818181818,0.09090909090909091,0.12727272727272726,0.16363636363636364
nfcorpus,bm25,PLAIN-681,0.1,1.0,1.0,1.0,1.0,1.0,1.0,1.0,1.0,1.0,1.0,1.0
nfcorpus,bm25,PLAIN-691,0.0,0.0,0.0,0.0,0.00078064012490242,0.0,0.0,0.0,0.0,0.0,0.0,0.047619047619047616
nfcorpus,bm25,PLAIN-701,0.2,1.0,1.0,0.3618791953854131,0.20357142857142857,0.125,0.125,0.25,0.25,0.25,0.375,0.5
nfcorpus,bm25,PLAIN-711,0.1,1.0,1.0,0.22009176629808017,0.018947368421052633,0.017543859649122806,0.017543859649122806,0.017543859649122806,0.017543859649122806,0.017543859649122806,0.03508771929824561,0.03508771929824561
nfcorpus,bm25,PLAIN-721,1.0,1.0,1.0,1.0,0.72,0.04,0.12,0.2,0.4,0.72,0.72,0.72
nfcorpus,bm25,PLAIN-731,0.7,1.0,1.0,0.7909506325094736,0.2892348347821163,0.018518518518518517,0.05555555555555555,0.09259259259259259,0.12962962962962962,0.18518518518518517,0.37037037037037035,0.48148148148148145
nfcorpus,bm25,PLAIN-741,0.8,1.0,1.0,0.8486026589039899,0.38765664160401,0.05263157894736842,0.15789473684210525,0.21052631578947367,0.42105263157894735,0.42105263157894735,0.42105263157894735,0.42105263157894735
nfcorpus,bm25,PLAIN-751,0.0,0.0,0.0,0.0,0.0,0.0,0.0,0.0,0.0,0.0,0.0,0.0
nfcorpus,bm25,PLAIN-761,0.1,1.0,0.3333333333333333,0.15130120674940675,0.05555555555555555,0.0,0.16666666666666666,0.16666666666666666,0.16666666666666666,0.16666666666666666,0.16666666666666666,0.16666666666666666
nfcorpus,bm25,PLAIN-771,0.3,1.0,1.0,1.0,1.0,0.3333333333333333,1.0,1.0,1.0,1.0,1.0,1.0
nfcorpus,bm25,PLAIN-78,0.1,1.0,1.0,0.08966284300766812,0.018664529215468163,0.016129032258064516,0.016129032258064516,0.016129032258064516,0.016129032258064516,0.016129032258064516,0.04838709677419355,0.04838709677419355
nfcorpus,bm25,PLAIN-782,0.0,0.0,0.0,0.0,0.0,0.0,0.0,0.0,0.0,0.0,0.0,0.0
nfcorpus,bm25,PLAIN-792,0.3,1.0,1.0,0.644824486427155,0.5,0.16666666666666666,0.5,0.5,0.5,0.5,0.5,0.5
nfcorpus,bm25,PLAIN-806,0.9,1.0,1.0,0.9216017310213246,0.1935422113085141,0.010416666666666666,0.03125,0.052083333333333336,0.09375,0.14583333333333334,0.23958333333333334,0.25
nfcorpus,bm25,PLAIN-817,0.0,0.0,0.0,0.0,0.0,0.0,0.0,0.0,0.0,0.0,0.0,0.0
nfcorpus,bm25,PLAIN-827,0.5,1.0,0.5,0.43808927588501717,0.1058796623962528,0.0,0.004098360655737705,0.00819672131147541,0.020491803278688523,0.05327868852459016,0.07377049180327869,0.07377049180327869
nfcorpus,bm25,PLAIN-838,0.7,1.0,1.0,0.8550956239938449,0.7777777777777778,0.1111111111111111,0.3333333333333333,0.5555555555555556,0.7777777777777778,0.7777777777777778,0.7777777777777778,0.7777777777777778
nfcorpus,bm25,PLAIN-850,0.5,1.0,1.0,0.6489315753318465,0.08963317384370016,0.017543859649122806,0.05263157894736842,0.08771929824561403,0.08771929824561403,0.08771929824561403,0.08771929824561403,0.10526315789473684
nfcorpus,bm25,PLAIN-872,0.0,0.0,0.0,0.0,0.0,0.0,0.0,0.0,0.0,0.0,0.0,0.0
nfcorpus,bm25,PLAIN-882,0.2,1.0,1.0,0.3589542101716347,0.13333333333333333,0.06666666666666667,0.13333333333333333,0.13333333333333333,0.13333333333333333,0.13333333333333333,0.13333333333333333,0.13333333333333333
nfcorpus,bm25,PLAIN-892,0.6,1.0,1.0,0.7273298443105218,0.06521739130434782,0.010869565217391304,0.03260869565217391,0.05434782608695652,0.06521739130434782,0.06521739130434782,0.06521739130434782,0.06521739130434782
nfcorpus,bm25,PLAIN-902,0.2,1.0,1.0,0.6366824387328317,0.5,0.25,0.5,0.5,0.5,0.5,0.5,0.5
nfcorpus,bm25,PLAIN-91,0.2,1.0,1.0,0.12047720180824524,0.04523085349096141,0.015625,0.03125,0.03125,0.03125,0.046875,0.125,0.15625
nfcorpus,bm25,PLAIN-913,0.9,1.0,1.0,0.933745776545611,0.27077879745248484,0.029411764705882353,0.08823529411764706,0.14705882352941177,0.2647058823529412,0.2647058823529412,0.2647058823529412,0.3235294117647059
nfcorpus,bm25,PLAIN-924,0.1,1.0,1.0,0.22009176629808017,0.03125,0.03125,0.03125,0.03125,0.03125,0.03125,0.03125,0.03125
nfcorpus,bm25,PLAIN-934,0.8,1.0,1.0,0.8263333286520081,0.252159481986606,0.009900990099009901,0.019801980198019802,0.039603960396039604,0.07920792079207921,0.13861386138613863,0.2871287128712871,0.3564356435643564
nfcorpus,bm25,PLAIN-946,0.2,1.0,1.0,0.31488013066763093,0.04838709677419355,0.03225806451612903,0.03225806451612903,0.06451612903225806,0.06451612903225806,0.06451612903225806,0.06451612903225806,0.06451612903225806
nfcorpus,bm25,PLAIN-956,0.4,1.0,0.25,0.31017134364653787,0.1368156674799767,0.0,0.0,0.0048543689320388345,0.019417475728155338,0.04854368932038835,0.0970873786407767,0.1553398058252427
nfcorpus,bm25,PLAIN-966,0.0,0.0,0.0,0.0,0.030303030303030304,0.0,0.0,0.0,0.0,0.3333333333333333,0.3333333333333333,0.3333333333333333
nfcorpus,bm25,PLAIN-977,0.0,0.0,0.0,0.0,0.030303030303030304,0.0,0.0,0.0,0.0,0.3333333333333333,0.3333333333333333,0.3333333333333333
nfcorpus,bm25,PLAIN-987,0.1,1.0,0.3333333333333333,0.23463936301137822,0.12737127371273713,0.0,0.3333333333333333,0.3333333333333333,0.3333333333333333,0.3333333333333333,0.6666666666666666,0.6666666666666666
nfcorpus,bm25,PLAIN-997,0.0,0.0,0.0,0.0,0.0,0.0,0.0,0.0,0.0,0.0,0.0,0.0
nfcorpus,bi_encoder,PLAIN-1008,0.0,0.0,0.0,0.0,0.0,0.0,0.0,0.0,0.0,0.0,0.0,0.0
nfcorpus,bi_encoder,PLAIN-1018,0.2,1.0,0.25,0.16421958630632802,0.018255840071877808,0.0,0.0,0.016666666666666666,0.03333333333333333,0.05,0.08333333333333333,0.1
nfcorpus,bi_encoder,PLAIN-102,0.2,1.0,0.3333333333333333,0.21274430682450143,0.037357616236926586,0.0,0.041666666666666664,0.08333333333333333,0.08333333333333333,0.08333333333333333,0.08333333333333333,0.20833333333333334
nfcorpus,bi_encoder,PLAIN-1028,0.0,0.0,0.0,0.0,0.037037037037037035,0.0,0.0,0.0,0.0,0.0,1.0,1.0
nfcorpus,bi_encoder,PLAIN-1039,0.2,1.0,1.0,1.0,1.0,0.5,1.0,1.0,1.0,1.0,1.0,1.0
nfcorpus,bi_encoder,PLAIN-1050,0.1,1.0,0.2,0.08514311764162098,0.004098651055080184,0.0,0.0,0.010638297872340425,0.010638297872340425,0.010638297872340425,0.02127659574468085,0.0425531914893617
nfcorpus,bi_encoder,PLAIN-1066,0.0,0.0,0.0,0.0,0.0,0.0,0.0,0.0,0.0,0.0,0.0,0.0
nfcorpus,bi_encoder,PLAIN-1088,0.2,1.0,1.0,0.5531464700081437,0.4,0.2,0.4,0.4,0.4,0.4,0.4,0.4
nfcorpus,bi_encoder,PLAIN-1098,0.0,0.0,0.0,0.0,0.006896551724137931,0.0,0.0,0.0,0.0,0.0,0.2,0.2
nfcorpus,bi_encoder,PLAIN-1109,0.6,1.0,1.0,0.7019727018777484,0.1498906932811957,0.01020408163265306,0.030612244897959183,0.04081632653061224,0.061224489795918366,0.12244897959183673,0.1836734693877551,0.2653061224489796
nfcorpus,bi_encoder,PLAIN-1119,0.0,0.0,0.0,0.0,0.0,0.0,0.0,0.0,0.0,0.0,0.0,0.0
nfcorpus,bi_encoder,PLAIN-112,0.5,1.0,1.0,0.7224773966319759,0.08928571428571429,0.017857142857142856,0.05357142857142857,0.08928571428571429,0.08928571428571429,0.08928571428571429,0.08928571428571429,0.08928571428571429
nfcorpus,bi_encoder,PLAIN-1130,0.1,1.0,1.0,1.0,1.0,1.0,1.0,1.0,1.0,1.0,1.0,1.0
nfcorpus,bi_encoder,PLAIN-1141,0.1,1.0,1.0,0.22009176629808017,0.07265625,0.0625,0.0625,0.0625,0.0625,0.125,0.1875,0.1875
nfcorpus,bi_encoder,PLAIN-1151,0.3,1.0,0.3333333333333333,0.25880978898961277,0.12177988996612131,0.0,0.006535947712418301,0.013071895424836602,0.0196078431372549,0.0457516339869281,0.13071895424836602,0.21568627450980393
nfcorpus,bi_encoder,PLAIN-1161,0.0,0.0,0.0,0.0,0.0,0.0,0.0,0.0,0.0,0.0,0.0,0.0
nfcorpus,bi_encoder,PLAIN-1172,0.1,1.0,1.0,0.22009176629808017,0.05263157894736842,0.05263157894736842,0.05263157894736842,0.05263157894736842,0.05263157894736842,0.05263157894736842,0.05263157894736842,0.05263157894736842
nfcorpus,bi_encoder,PLAIN-1183,0.1,1.0,0.5,0.13886244387355454,0.03994905907101029,0.0,0.04,0.04,0.04,0.08,0.16,0.24
nfcorpus,bi_encoder,PLAIN-1193,0.0,0.0,0.0,0.0,0.039038953965424554,0.0,0.0,0.0,0.0,0.1111111111111111,0.2777777777777778,0.3333333333333333
nfcorpus,bi_encoder,PLAIN-12,0.2,1.0,0.3333333333333333,0.11567221106027477,0.04116997892201145,0.0,0.03333333333333333,0.03333333333333333,0.06666666666666667,0.1,0.23333333333333334,0.23333333333333334
nfcorpus,bi_encoder,PLAIN-1203,0.4,1.0,1.0,0.5541432109622958,0.3302083333333333,0.08333333333333333,0.25,0.3333333333333333,0.3333333333333333,0.3333333333333333,0.4166666666666667,0.5
nfcorpus,bi_encoder,PLAIN-1214,0.0,0.0,0.0,0.0,0.0,0.0,0.0,0.0,0.0,0.0,0.0,0.0
nfcorpus,bi_encoder,PLAIN-1225,0.6,1.0,1.0,0.6461194268314836,0.26467115635354627,0.037037037037037035,0.07407407407407407,0.1111111111111111,0.2222222222222222,0.3333333333333333,0.4074074074074074,0.48148148148148145
nfcorpus,bi_encoder,PLAIN-123,0.2,1.0,1.0,0.11794832072934029,0.031855946846092394,0.0196078431372549,0.0196078431372549,0.0196078431372549,0.0392156862745098,0.0392156862745098,0.09803921568627451,0.11764705882352941
nfcorpus,bi_encoder,PLAIN-1236,0.1,1.0,1.0,0.3391602052736161,0.2,0.2,0.2,0.2,0.2,0.2,0.2,0.2
nfcorpus,bi_encoder,PLAIN-1249,0.0,0.0,0.0,0.0,0.0,0.0,0.0,0.0,0.0,0.0,0.0,0.0
nfcorpus,bi_encoder,PLAIN-1262,0.3,1.0,1.0,0.43735247915031,0.25,0.1,0.2,0.2,0.3,0.3,0.3,0.3
nfcorpus,bi_encoder,PLAIN-1275,0.4,1.0,1.0,0.5541432109622958,0.10170442778858911,0.01818181818181818,0.05454545454545454,0.07272727272727272,0.07272727272727272,0.07272727272727272,0.18181818181818182,0.21818181818181817
nfcorpus,bi_encoder,PLAIN-1288,0.2,1.0,0.1111111111111111,0.12987501165334076,0.06704919200009006,0.0,0.0,0.0,0.01020408163265306,0.03571428571428571,0.08163265306122448,0.11224489795918367
nfcorpus,bi_encoder,PLAIN-1299,0.1,1.0,1.0,0.22009176629808017,0.017818959372772628,0.01639344262295082,0.01639344262295082,0.01639344262295082,0.01639344262295082,0.01639344262295082,0.03278688524590164,0.03278688524590164
nfcorpus,bi_encoder,PLAIN-1309,0.0,0.0,0.0,0.0,0.0,0.0,0.0,0.0,0.0,0.0,0.0,0.0
nfcorpus,bi_encoder,PLAIN-1320,0.0,0.0,0.0,0.0,0.015035052133376034,0.0,0.0,0.0,0.0,0.0,0.16666666666666666,0.5
nfcorpus,bi_encoder,PLAIN-133,0.1,1.0,0.1111111111111111,0.08649891544052934,0.006790123456790123,0.0,0.0,0.0,0.027777777777777776,0.05555555555555555,0.05555555555555555,0.05555555555555555
nfcorpus,bi_encoder,PLAIN-1331,0.0,0.0,0.0,0.0,0.0,0.0,0.0,0.0,0.0,0.0,0.0,0.0
nfcorpus,bi_encoder,PLAIN-1342,0.5,1.0,1.0,0.530263109944618,0.1919642857142857,0.0625,0.0625,0.125,0.3125,0.3125,0.3125,0.3125
nfcorpus,bi_encoder,PLAIN-1353,0.0,0.0,0.0,0.0,0.002717391304347826,0.0,0.0,0.0,0.0,0.0,0.0,0.25
nfcorpus,bi_encoder,PLAIN-1363,0.3,1.0,0.2,0.22212782793993274,0.13969784424329879,0.0,0.0,0.09090909090909091,0.2727272727272727,0.2727272727272727,0.6363636363636364,0.7272727272727273
nfcorpus,bi_encoder,PLAIN-1374,0.0,0.0,0.0,0.0,0.013336503334109686,0.0,0.0,0.0,0.0,0.038461538461538464,0.038461538461538464,0.23076923076923078
nfcorpus,bi_encoder,PLAIN-1387,0.6,1.0,1.0,0.7125523635307982,0.4666666666666666,0.08333333333333333,0.25,0.4166666666666667,0.5,0.5,0.5,0.5
nfcorpus,bi_encoder,PLAIN-1398,1.0,1.0,1.0,1.0,0.25113853432521843,0.009708737864077669,0.02912621359223301,0.04854368932038835,0.0970873786407767,0.1650485436893204,0.2524271844660194,0.32038834951456313
nfcorpus,bi_encoder,PLAIN-1409,0.0,0.0,0.0,0.0,0.04981120597094639,0.0,0.0,0.0,0.0,0.011857707509881422,0.05533596837944664,0.08300395256916997
nfcorpus,bi_encoder,PLAIN-1419,0.4,1.0,1.0,0.5107164012496701,0.09159835890605121,0.015384615384615385,0.03076923076923077,0.03076923076923077,0.06153846153846154,0.1076923076923077,0.15384615384615385,0.23076923076923078
nfcorpus,bi_encoder,PLAIN-1429,0.0,0.0,0.0,0.0,0.0,0.0,0.0,0.0,0.0,0.0,0.0,0.0
nfcorpus,bi_encoder,PLAIN-143,0.6,1.0,1.0,0.7819736434590205,0.21277750908951235,0.0196078431372549,0.058823529411764705,0.058823529411764705,0.11764705882352941,0.21568627450980393,0.29411764705882354,0.39215686274509803
nfcorpus,bi_encoder,PLAIN-1441,0.5,1.0,1.0,0.6122496142821665,0.16232062673580028,0.005376344086021506,0.010752688172043012,0.021505376344086023,0.026881720430107527,0.04838709677419355,0.10215053763440861,0.1827956989247312
nfcorpus,bi_encoder,PLAIN-1453,0.5,1.0,0.3333333333333333,0.4346298575932762,0.10392368416508974,0.0,0.004081632653061225,0.012244897959183673,0.02040816326530612,0.0326530612244898,0.061224489795918366,0.11428571428571428
nfcorpus,bi_encoder,PLAIN-1463,0.3,1.0,0.3333333333333333,0.28323251649726616,0.09608479480913852,0.0,0.041666666666666664,0.08333333333333333,0.125,0.20833333333333334,0.2916666666666667,0.3333333333333333
nfcorpus,bi_encoder,PLAIN-1473,0.0,0.0,0.0,0.0,0.014084507042253521,0.0,0.0,0.0,0.0,0.0,0.0,1.0
nfcorpus,bi_encoder,PLAIN-1485,0.0,0.0,0.0,0.0,0.0013435003631082061,0.0,0.0,0.0,0.0,0.0,0.018518518518518517,0.037037037037037035
nfcorpus,bi_encoder,PLAIN-1496,0.0,0.0,0.0,0.0,0.0,0.0,0.0,0.0,0.0,0.0,0.0,0.0
nfcorpus,bi_encoder,PLAIN-1506,0.1,1.0,0.5,0.13886244387355454,0.043843137254901965,0.0,0.06666666666666667,0.06666666666666667,0.06666666666666667,0.06666666666666667,0.13333333333333333,0.26666666666666666
nfcorpus,bi_encoder,PLAIN-1516,0.0,0.0,0.0,0.0,0.0,0.0,0.0,0.0,0.0,0.0,0.0,0.0
nfcorpus,bi_encoder,PLAIN-1527,1.0,1.0,1.0,1.0,0.3007876970710327,0.0049504950495049506,0.01485148514851485,0.024752475247524754,0.04950495049504951,0.09405940594059406,0.16336633663366337,0.16336633663366337
nfcorpus,bi_encoder,PLAIN-153,0.9,1.0,1.0,0.9558245273890438,0.34950729480501275,0.02127659574468085,0.06382978723404255,0.10638297872340426,0.19148936170212766,0.3191489361702128,0.3829787234042553,0.44680851063829785
nfcorpus,bi_encoder,PLAIN-1537,0.6,1.0,1.0,0.6618313225363274,0.11683660130718952,0.022222222222222223,0.044444444444444446,0.08888888888888889,0.13333333333333333,0.13333333333333333,0.15555555555555556,0.2
nfcorpus,bi_encoder,PLAIN-1547,0.1,1.0,0.2,0.11706259313796355,0.05684931506849316,0.0,0.0,0.16666666666666666,0.16666666666666666,0.3333333333333333,0.3333333333333333,0.5
nfcorpus,bi_encoder,PLAIN-1557,0.2,1.0,0.5,0.2489083270225946,0.044871794871794865,0.0,0.07692307692307693,0.07692307692307693,0.07692307692307693,0.07692307692307693,0.07692307692307693,0.07692307692307693
nfcorpus,bi_encoder,PLAIN-1568,0.2,1.0,1.0,0.9197207891481876,0.8333333333333333,0.5,1.0,1.0,1.0,1.0,1.0,1.0
nfcorpus,bi_encoder,PLAIN-1579,0.1,1.0,0.3333333333333333,0.16958010263680806,0.06666666666666667,0.0,0.2,0.2,0.2,0.2,0.2,0.2
nfcorpus,bi_encoder,PLAIN-1590,0.1,1.0,0.3333333333333333,0.11004588314904008,0.03789162524961712,0.0,0.05555555555555555,0.05555555555555555,0.05555555555555555,0.1111111111111111,0.1111111111111111,0.3333333333333333
nfcorpus,bi_encoder,PLAIN-1601,0.6,1.0,1.0,0.6758704024811182,0.1287514841179756,0.013513513513513514,0.02702702702702703,0.05405405405405406,0.08108108108108109,0.12162162162162163,0.1891891891891892,0.24324324324324326
nfcorpus,bi_encoder,PLAIN-1611,0.0,0.0,0.0,0.0,0.0,0.0,0.0,0.0,0.0,0.0,0.0,0.0
nfcorpus,bi_encoder,PLAIN-1621,0.0,0.0,0.0,0.0,0.0,0.0,0.0,0.0,0.0,0.0,0.0,0.0
nfcorpus,bi_encoder,PLAIN-1635,1.0,1.0,1.0,1.0,0.5202433537385067,0.002320185614849188,0.0069605568445475635,0.01160092807424594,0.02320185614849188,0.03944315545243619,0.08584686774941995,0.15081206496519722
nfcorpus,bi_encoder,PLAIN-1645,0.0,0.0,0.0,0.0,0.0,0.0,0.0,0.0,0.0,0.0,0.0,0.0
nfcorpus,bi_encoder,PLAIN-165,0.5,1.0,1.0,0.41721315214954685,0.1574139028043807,0.027777777777777776,0.05555555555555555,0.1111111111111111,0.1388888888888889,0.16666666666666666,0.2222222222222222,0.3333333333333333
nfcorpus,bi_encoder,PLAIN-1656,0.0,0.0,0.0,0.0,0.01162917439703154,0.0,0.0,0.0,0.0,0.0,0.10714285714285714,0.17857142857142858
nfcorpus,bi_encoder,PLAIN-1667,0.7,1.0,1.0,0.7353797772725617,0.19491199201800755,0.006289308176100629,0.012578616352201259,0.018867924528301886,0.0440251572327044,0.06918238993710692,0.1509433962264151,0.22012578616352202
nfcorpus,bi_encoder,PLAIN-1679,0.1,1.0,0.3333333333333333,0.5,0.3333333333333333,0.0,1.0,1.0,1.0,1.0,1.0,1.0
nfcorpus,bi_encoder,PLAIN-1690,0.0,0.0,0.0,0.0,0.0,0.0,0.0,0.0,0.0,0.0,0.0,0.0
nfcorpus,bi_encoder,PLAIN-1700,0.1,1.0,0.1,0.09803928583135704,0.024651162790697675,0.0,0.0,0.0,0.2,0.2,0.2,0.4
nfcorpus,bi_encoder,PLAIN-1710,1.0,1.0,1.0,1.0,0.9176136363636364,0.0625,0.1875,0.3125,0.625,0.875,0.9375,0.9375
nfcorpus,bi_encoder,PLAIN-1721,0.4,1.0,1.0,0.5067837010870873,0.11057867123785776,0.03225806451612903,0.06451612903225806,0.06451612903225806,0.12903225806451613,0.16129032258064516,0.16129032258064516,0.22580645161290322
nfcorpus,bi_encoder,PLAIN-1731,0.2,1.0,1.0,0.7653606369886217,0.6666666666666666,0.3333333333333333,0.6666666666666666,0.6666666666666666,0.6666666666666666,0.6666666666666666,0.6666666666666666,0.6666666666666666
nfcorpus,bi_encoder,PLAIN-1741,1.0,1.0,1.0,1.0,0.47396985604428027,0.002380952380952381,0.007142857142857143,0.011904761904761904,0.023809523809523808,0.047619047619047616,0.09285714285714286,0.12857142857142856
nfcorpus,bi_encoder,PLAIN-175,0.3,1.0,1.0,0.23927298482056517,0.06216216216216216,0.02702702702702703,0.05405405405405406,0.05405405405405406,0.08108108108108109,0.08108108108108109,0.08108108108108109,0.08108108108108109
nfcorpus,bi_encoder,PLAIN-1752,0.0,0.0,0.0,0.0,0.0,0.0,0.0,0.0,0.0,0.0,0.0,0.0
nfcorpus,bi_encoder,PLAIN-1762,0.4,1.0,1.0,0.612119969720292,0.45789473684210524,0.125,0.375,0.375,0.5,0.625,0.625,0.625
nfcorpus,bi_encoder,PLAIN-1772,0.2,1.0,1.0,0.9197207891481876,0.8333333333333333,0.5,1.0,1.0,1.0,1.0,1.0,1.0
nfcorpus,bi_encoder,PLAIN-1784,0.0,0.0,0.0,0.0,0.0,0.0,0.0,0.0,0.0,0.0,0.0,0.0
nfcorpus,bi_encoder,PLAIN-1794,0.2,1.0,1.0,0.8065735963827293,0.625,0.5,0.5,0.5,1.0,1.0,1.0,1.0
nfcorpus,bi_encoder,PLAIN-1805,1.0,1.0,1.0,1.0,0.3674771011193896,0.008620689655172414,0.02586206896551724,0.04310344827586207,0.08620689655172414,0.16379310344827586,0.3017241379310345,0.3706896551724138
nfcorpus,bi_encoder,PLAIN-1817,0.2,1.0,1.0,0.3589542101716347,0.10425568962859678,0.037037037037037035,0.07407407407407407,0.07407407407407407,0.07407407407407407,0.1111111111111111,0.18518518518518517,0.2962962962962963
nfcorpus,bi_encoder,PLAIN-1827,0.0,0.0,0.0,0.0,0.0,0.0,0.0,0.0,0.0,0.0,0.0,0.0
nfcorpus,bi_encoder,PLAIN-1837,1.0,1.0,1.0,1.0,0.5435989995889688,0.00510204081632653,0.015306122448979591,0.025510204081632654,0.05102040816326531,0.09183673469387756,0.2193877551020408,0.32142857142857145
nfcorpus,bi_encoder,PLAIN-1847,0.1,1.0,1.0,0.22009176629808017,0.10202020202020202,0.09090909090909091,0.09090909090909091,0.09090909090909091,0.09090909090909091,0.09090909090909091,0.18181818181818182,0.2727272727272727
nfcorpus,bi_encoder,PLAIN-1857,0.4,1.0,1.0,0.5473983622993501,0.11351611351611351,0.030303030303030304,0.09090909090909091,0.09090909090909091,0.12121212121212122,0.12121212121212122,0.12121212121212122,0.15151515151515152
nfcorpus,bi_encoder,PLAIN-186,0.1,1.0,0.3333333333333333,0.11004588314904008,0.014943741209563995,0.0,0.041666666666666664,0.041666666666666664,0.041666666666666664,0.041666666666666664,0.041666666666666664,0.08333333333333333
nfcorpus,bi_encoder,PLAIN-1867,0.0,0.0,0.0,0.0,0.016771752837326608,0.0,0.0,0.0,0.0,0.0,0.14285714285714285,0.42857142857142855
nfcorpus,bi_encoder,PLAIN-1877,0.0,0.0,0.0,0.0,0.0,0.0,0.0,0.0,0.0,0.0,0.0,0.0
nfcorpus,bi_encoder,PLAIN-1887,0.0,0.0,0.0,0.0,0.013721804511278194,0.0,0.0,0.0,0.0,0.0,0.25,0.5
nfcorpus,bi_encoder,PLAIN-1897,0.1,1.0,0.125,0.19342640361727081,0.0625,0.0,0.0,0.0,0.5,0.5,0.5,0.5
nfcorpus,bi_encoder,PLAIN-1909,0.6,1.0,1.0,0.6621137423456801,0.2564959869936329,0.0021598272138228943,0.004319654427645789,0.0064794816414686825,0.012958963282937365,0.023758099352051837,0.05399568034557235,0.09935205183585313
nfcorpus,bi_encoder,PLAIN-1919,0.6,1.0,1.0,0.7183627972686238,0.2708072105104431,0.037037037037037035,0.1111111111111111,0.18518518518518517,0.2222222222222222,0.2222222222222222,0.3333333333333333,0.5185185185185185
nfcorpus,bi_encoder,PLAIN-1929,0.3,1.0,1.0,0.40350157154648025,0.2217893759154074,0.1,0.2,0.2,0.3,0.3,0.3,0.5
nfcorpus,bi_encoder,PLAIN-1940,0.2,1.0,1.0,0.3589542101716347,0.16666666666666666,0.08333333333333333,0.16666666666666666,0.16666666666666666,0.16666666666666666,0.16666666666666666,0.16666666666666666,0.16666666666666666
nfcorpus,bi_encoder,PLAIN-1950,0.2,1.0,0.5,0.2489083270225946,0.09242695289206916,0.0,0.15384615384615385,0.15384615384615385,0.15384615384615385,0.15384615384615385,0.15384615384615385,0.23076923076923078
nfcorpus,bi_encoder,PLAIN-196,0.1,1.0,1.0,0.22009176629808017,0.018835328712455367,0.014492753623188406,0.014492753623188406,0.014492753623188406,0.014492753623188406,0.028985507246376812,0.043478260869565216,0.057971014492753624
nfcorpus,bi_encoder,PLAIN-1962,0.0,0.0,0.0,0.0,0.0,0.0,0.0,0.0,0.0,0.0,0.0,0.0
nfcorpus,bi_encoder,PLAIN-1972,0.0,0.0,0.0,0.0,0.006445624709946887,0.0,0.0,0.0,0.0,0.0,0.18181818181818182,0.18181818181818182
nfcorpus,bi_encoder,PLAIN-1983,1.0,1.0,1.0,1.0,0.4450152369560264,0.03125,0.09375,0.15625,0.3125,0.40625,0.46875,0.5
nfcorpus,bi_encoder,PLAIN-1995,0.0,0.0,0.0,0.0,0.0053520911384662435,0.0,0.0,0.0,0.0,0.0,0.09090909090909091,0.18181818181818182
nfcorpus,bi_encoder,PLAIN-2,0.9,1.0,1.0,0.788291715094211,0.4417952284883966,0.041666666666666664,0.125,0.20833333333333334,0.375,0.4166666666666667,0.5416666666666666,0.625
nfcorpus,bi_encoder,PLAIN-2009,0.2,1.0,0.3333333333333333,0.21078558563971428,0.1324404761904762,0.0,0.125,0.125,0.25,0.375,0.5,0.5
nfcorpus,bi_encoder,PLAIN-2019,0.0,0.0,0.0,0.0,0.0,0.0,0.0,0.0,0.0,0.0,0.0,0.0
nfcorpus,bi_encoder,PLAIN-2030,0.0,0.0,0.0,0.0,0.006666666666666667,0.0,0.0,0.0,0.0,0.0,0.16666666666666666,0.16666666666666666
nfcorpus,bi_encoder,PLAIN-2040,0.4,1.0,1.0,0.49828993591603105,0.0971412195165428,0.007575757575757576,0.015151515151515152,0.022727272727272728,0.030303030303030304,0.07575757575757576,0.11363636363636363,0.17424242424242425
nfcorpus,bi_encoder,PLAIN-2051,0.6,1.0,1.0,0.6987957033953601,0.17383319205608647,0.0028169014084507044,0.008450704225352112,0.011267605633802818,0.016901408450704224,0.028169014084507043,0.061971830985915494,0.09577464788732394
nfcorpus,bi_encoder,PLAIN-2061,0.9,1.0,1.0,0.905211635630449,0.5322361569030578,0.0024390243902439024,0.007317073170731708,0.00975609756097561,0.02195121951219512,0.046341463414634146,0.0975609756097561,0.15609756097560976
nfcorpus,bi_encoder,PLAIN-207,0.6,1.0,1.0,0.6754160255557637,0.13676045493769462,0.01818181818181818,0.05454545454545454,0.05454545454545454,0.10909090909090909,0.14545454545454545,0.18181818181818182,0.2909090909090909
nfcorpus,bi_encoder,PLAIN-2071,0.4,1.0,1.0,0.4351098955930419,0.18816698805250245,0.022222222222222223,0.022222222222222223,0.044444444444444446,0.08888888888888889,0.17777777777777778,0.35555555555555557,0.4666666666666667
nfcorpus,bi_encoder,PLAIN-2081,0.1,1.0,0.1111111111111111,0.3010299956639812,0.1111111111111111,0.0,0.0,0.0,1.0,1.0,1.0,1.0
nfcorpus,bi_encoder,PLAIN-2092,0.5,1.0,1.0,0.6489315753318465,0.5,0.1,0.3,0.5,0.5,0.5,0.5,0.5
nfcorpus,bi_encoder,PLAIN-2102,0.9,1.0,1.0,0.8611375561264454,0.4243493975149574,0.0023752969121140144,0.004750593824228029,0.009501187648456057,0.021377672209026127,0.040380047505938245,0.08076009501187649,0.1377672209026128
nfcorpus,bi_encoder,PLAIN-2113,0.0,0.0,0.0,0.0,0.0,0.0,0.0,0.0,0.0,0.0,0.0,0.0
nfcorpus,bi_encoder,PLAIN-2124,0.4,1.0,1.0,0.5541432109622958,0.29634523371365473,0.058823529411764705,0.17647058823529413,0.23529411764705882,0.23529411764705882,0.29411764705882354,0.47058823529411764,0.5294117647058824
nfcorpus,bi_encoder,PLAIN-2134,0.0,0.0,0.0,0.0,0.0,0.0,0.0,0.0,0.0,0.0,0.0,0.0
nfcorpus,bi_encoder,PLAIN-2145,0.1,1.0,0.16666666666666666,0.08372491399919348,0.021739130434782608,0.0,0.0,0.0,0.1111111111111111,0.1111111111111111,0.1111111111111111,0.2222222222222222
nfcorpus,bi_encoder,PLAIN-2156,0.3,1.0,1.0,0.5809949937791564,0.4327888687235329,0.16666666666666666,0.3333333333333333,0.3333333333333333,0.5,0.6666666666666666,0.6666666666666666,0.8333333333333334
nfcorpus,bi_encoder,PLAIN-2167,0.0,0.0,0.0,0.0,0.0,0.0,0.0,0.0,0.0,0.0,0.0,0.0
nfcorpus,bi_encoder,PLAIN-217,0.3,1.0,0.3333333333333333,0.2528410271851774,0.07884179248319319,0.0,0.027777777777777776,0.027777777777777776,0.08333333333333333,0.16666666666666666,0.19444444444444445,0.3055555555555556
nfcorpus,bi_encoder,PLAIN-2177,0.4,1.0,1.0,0.5637884576902256,0.1826923076923077,0.041666666666666664,0.125,0.16666666666666666,0.16666666666666666,0.20833333333333334,0.20833333333333334,0.20833333333333334
nfcorpus,bi_encoder,PLAIN-2187,0.1,1.0,1.0,0.2350455494144854,0.2146778390792207,0.1111111111111111,0.1111111111111111,0.1111111111111111,0.1111111111111111,0.4444444444444444,0.5555555555555556,0.7777777777777778
nfcorpus,bi_encoder,PLAIN-2197,0.4,1.0,1.0,0.5541432109622958,0.12438460820056206,0.017241379310344827,0.05172413793103448,0.06896551724137931,0.06896551724137931,0.10344827586206896,0.22413793103448276,0.27586206896551724
nfcorpus,bi_encoder,PLAIN-2209,0.0,0.0,0.0,0.0,0.0,0.0,0.0,0.0,0.0,0.0,0.0,0.0
nfcorpus,bi_encoder,PLAIN-2220,0.2,1.0,0.3333333333333333,0.18827853542832335,0.06512975560594608,0.0,0.1111111111111111,0.1111111111111111,0.2222222222222222,0.2222222222222222,0.2222222222222222,0.3333333333333333
nfcorpus,bi_encoder,PLAIN-2230,0.0,0.0,0.0,0.0,0.0,0.0,0.0,0.0,0.0,0.0,0.0,0.0
nfcorpus,bi_encoder,PLAIN-2240,0.2,1.0,1.0,0.2984900352767555,0.1285831285831286,0.09090909090909091,0.09090909090909091,0.09090909090909091,0.18181818181818182,0.18181818181818182,0.2727272727272727,0.2727272727272727
nfcorpus,bi_encoder,PLAIN-2250,0.1,1.0,0.1111111111111111,0.18457569677956817,0.10101010101010101,0.0,0.0,0.0,0.5,0.5,1.0,1.0
nfcorpus,bi_encoder,PLAIN-2261,0.3,1.0,1.0,0.37185395737611554,0.056562153594481177,0.016666666666666666,0.016666666666666666,0.016666666666666666,0.05,0.1,0.15,0.16666666666666666
nfcorpus,bi_encoder,PLAIN-227,0.0,0.0,0.0,0.0,0.0,0.0,0.0,0.0,0.0,0.0,0.0,0.0
nfcorpus,bi_encoder,PLAIN-2271,0.0,0.0,0.0,0.0,0.0015625,0.0,0.0,0.0,0.0,0.0,0.0,0.1
nfcorpus,bi_encoder,PLAIN-2281,0.0,0.0,0.0,0.0,0.0,0.0,0.0,0.0,0.0,0.0,0.0,0.0
nfcorpus,bi_encoder,PLAIN-2291,0.0,0.0,0.0,0.0,0.002631578947368421,0.0,0.0,0.0,0.0,0.0,0.0,0.2
nfcorpus,bi_encoder,PLAIN-23,0.4,1.0,1.0,0.34347917852160526,0.044213581675961976,0.011111111111111112,0.03333333333333333,0.03333333333333333,0.044444444444444446,0.044444444444444446,0.06666666666666667,0.1
nfcorpus,bi_encoder,PLAIN-2301,0.3,1.0,0.5,0.3436966913921454,0.19011105532215997,0.0,0.15384615384615385,0.23076923076923078,0.23076923076923078,0.23076923076923078,0.38461538461538464,0.6153846153846154
nfcorpus,bi_encoder,PLAIN-2311,0.0,0.0,0.0,0.0,0.0,0.0,0.0,0.0,0.0,0.0,0.0,0.0
nfcorpus,bi_encoder,PLAIN-2321,0.0,0.0,0.0,0.0,0.005263157894736842,0.0,0.0,0.0,0.0,0.0,0.2,0.2
nfcorpus,bi_encoder,PLAIN-2332,0.8,1.0,1.0,0.8669479898642709,0.23057933384376073,0.010309278350515464,0.030927835051546393,0.05154639175257732,0.08247422680412371,0.14432989690721648,0.24742268041237114,0.3402061855670103
nfcorpus,bi_encoder,PLAIN-2343,0.0,0.0,0.0,0.0,0.0,0.0,0.0,0.0,0.0,0.0,0.0,0.0
nfcorpus,bi_encoder,PLAIN-2354,0.2,1.0,0.3333333333333333,0.30078518014914984,0.14666666666666667,0.0,0.2,0.4,0.4,0.4,0.4,0.4
nfcorpus,bi_encoder,PLAIN-2364,0.0,0.0,0.0,0.0,0.0,0.0,0.0,0.0,0.0,0.0,0.0,0.0
nfcorpus,bi_encoder,PLAIN-2375,0.0,0.0,0.0,0.0,0.005747126436781609,0.0,0.0,0.0,0.0,0.0,0.0,0.5
nfcorpus,bi_encoder,PLAIN-238,0.0,0.0,0.0,0.0,0.0019630102644151177,0.0,0.0,0.0,0.0,0.0,0.037037037037037035,0.037037037037037035
nfcorpus,bi_encoder,PLAIN-2386,0.2,1.0,0.25,0.17993148201117176,0.06271777977001776,0.0,0.0,0.10526315789473684,0.10526315789473684,0.10526315789473684,0.21052631578947367,0.3684210526315789
nfcorpus,bi_encoder,PLAIN-2396,0.0,0.0,0.0,0.0,0.0,0.0,0.0,0.0,0.0,0.0,0.0,0.0
nfcorpus,bi_encoder,PLAIN-2408,0.0,0.0,0.0,0.0,0.013555555555555553,0.0,0.0,0.0,0.0,0.0,0.2,0.4
nfcorpus,bi_encoder,PLAIN-2430,0.5,1.0,1.0,0.5858731988416886,0.25507480344609934,0.021739130434782608,0.06521739130434782,0.08695652173913043,0.10869565217391304,0.2608695652173913,0.34782608695652173,0.41304347826086957
nfcorpus,bi_encoder,PLAIN-2440,0.0,0.0,0.0,0.0,0.0,0.0,0.0,0.0,0.0,0.0,0.0,0.0
nfcorpus,bi_encoder,PLAIN-2450,0.2,1.0,0.3333333333333333,0.1736666713479918,0.04339943968612779,0.0,0.02631578947368421,0.02631578947368421,0.05263157894736842,0.10526315789473684,0.18421052631578946,0.21052631578947367
nfcorpus,bi_encoder,PLAIN-2460,0.1,1.0,1.0,0.2873431773791807,0.09222628985633066,0.03225806451612903,0.03225806451612903,0.03225806451612903,0.03225806451612903,0.06451612903225806,0.22580645161290322,0.45161290322580644
nfcorpus,bi_encoder,PLAIN-2470,0.8,1.0,1.0,0.719299689395284,0.20304801442638926,0.0136986301369863,0.0410958904109589,0.0547945205479452,0.1095890410958904,0.1643835616438356,0.2602739726027397,0.3287671232876712
nfcorpus,bi_encoder,PLAIN-248,0.3,1.0,0.5,0.31833954895937183,0.1099246852703074,0.0,0.06451612903225806,0.06451612903225806,0.0967741935483871,0.1935483870967742,0.2903225806451613,0.3225806451612903
nfcorpus,bi_encoder,PLAIN-2480,0.5,1.0,0.5,0.26616622553397074,0.21734698159482135,0.0,0.1111111111111111,0.16666666666666666,0.2777777777777778,0.3333333333333333,0.3888888888888889,0.6111111111111112
nfcorpus,bi_encoder,PLAIN-2490,0.1,1.0,1.0,0.09578105912639356,0.05653863035199423,0.043478260869565216,0.043478260869565216,0.043478260869565216,0.043478260869565216,0.08695652173913043,0.13043478260869565,0.21739130434782608
nfcorpus,bi_encoder,PLAIN-2500,0.2,1.0,0.25,0.2073486614297986,0.15946843853820597,0.0,0.0,0.14285714285714285,0.2857142857142857,0.5714285714285714,0.7142857142857143,0.7142857142857143
nfcorpus,bi_encoder,PLAIN-2510,0.7,1.0,0.5,0.5784936628411081,0.3615584097257089,0.0,0.043478260869565216,0.08695652173913043,0.15217391304347827,0.2826086956521739,0.5434782608695652,0.6304347826086957
nfcorpus,bi_encoder,PLAIN-2520,0.1,1.0,0.3333333333333333,0.03668196104968003,0.008114745785476144,0.0,0.0136986301369863,0.0136986301369863,0.0136986301369863,0.0136986301369863,0.0410958904109589,0.0684931506849315
nfcorpus,bi_encoder,PLAIN-2530,1.0,1.0,1.0,0.9510907186004267,0.21324322501545,0.013888888888888888,0.041666666666666664,0.06944444444444445,0.1388888888888889,0.18055555555555555,0.20833333333333334,0.2638888888888889
nfcorpus,bi_encoder,PLAIN-2540,0.4,1.0,1.0,0.42758657895073426,0.22303058055291428,0.047619047619047616,0.047619047619047616,0.09523809523809523,0.19047619047619047,0.23809523809523808,0.42857142857142855,0.7142857142857143
nfcorpus,bi_encoder,PLAIN-2550,0.0,0.0,0.0,0.0,0.016374270747649806,0.0,0.0,0.0,0.0,0.0,0.2,0.24
nfcorpus,bi_encoder,PLAIN-2560,0.9,1.0,1.0,0.9363792118010482,0.4928579453351951,0.047619047619047616,0.14285714285714285,0.23809523809523808,0.42857142857142855,0.47619047619047616,0.5714285714285714,0.5714285714285714
nfcorpus,bi_encoder,PLAIN-2570,0.2,1.0,0.5,0.23654684056889613,0.04242872901072612,0.0,0.025,0.025,0.05,0.075,0.125,0.225
nfcorpus,bi_encoder,PLAIN-2580,0.2,1.0,1.0,0.39748251179391547,0.0744105559160718,0.043478260869565216,0.08695652173913043,0.08695652173913043,0.08695652173913043,0.08695652173913043,0.08695652173913043,0.13043478260869565
nfcorpus,bi_encoder,PLAIN-259,0.2,1.0,1.0,0.3589542101716347,0.14285714285714285,0.07142857142857142,0.14285714285714285,0.14285714285714285,0.14285714285714285,0.14285714285714285,0.14285714285714285,0.14285714285714285
nfcorpus,bi_encoder,PLAIN-2590,0.4,1.0,0.25,0.2268435599495054,0.038867740828525135,0.0,0.0,0.031746031746031744,0.06349206349206349,0.09523809523809523,0.09523809523809523,0.1111111111111111
nfcorpus,bi_encoder,PLAIN-2600,0.4,1.0,1.0,0.6981644415309339,0.39166666666666666,0.1,0.3,0.3,0.4,0.5,0.5,0.5
nfcorpus,bi_encoder,PLAIN-2610,0.6,1.0,0.5,0.4747712369346972,0.10761117778321552,0.0,0.03278688524590164,0.04918032786885246,0.09836065573770492,0.13114754098360656,0.16393442622950818,0.26229508196721313
nfcorpus,bi_encoder,PLAIN-2620,0.2,1.0,0.2,0.052835679913660345,0.030156083395516235,0.0,0.0,0.01818181818181818,0.03636363636363636,0.07272727272727272,0.07272727272727272,0.2
nfcorpus,bi_encoder,PLAIN-2630,0.5,1.0,1.0,0.5606114592078374,0.11765698739157644,0.020833333333333332,0.041666666666666664,0.0625,0.10416666666666667,0.125,0.20833333333333334,0.2916666666666667
nfcorpus,bi_encoder,PLAIN-2640,0.9,1.0,1.0,0.46672985159605024,0.4522887627694078,0.020833333333333332,0.0625,0.10416666666666667,0.1875,0.3125,0.5208333333333334,0.6041666666666666
nfcorpus,bi_encoder,PLAIN-2650,0.3,1.0,1.0,0.37148910739409025,0.12602929527966814,0.034482758620689655,0.034482758620689655,0.06896551724137931,0.10344827586206896,0.20689655172413793,0.27586206896551724,0.3793103448275862
nfcorpus,bi_encoder,PLAIN-2660,0.1,1.0,0.2,0.085143117641621,0.08027161851224017,0.0,0.0,0.037037037037037035,0.037037037037037035,0.07407407407407407,0.2962962962962963,0.48148148148148145
nfcorpus,bi_encoder,PLAIN-2670,0.1,1.0,1.0,0.3406992958233561,0.03135486000330051,0.02857142857142857,0.02857142857142857,0.02857142857142857,0.02857142857142857,0.02857142857142857,0.05714285714285714,0.08571428571428572
nfcorpus,bi_encoder,PLAIN-2680,0.2,1.0,0.5,0.1523866027309533,0.08604644124912073,0.0,0.07142857142857142,0.07142857142857142,0.14285714285714285,0.14285714285714285,0.2857142857142857,0.42857142857142855
nfcorpus,bi_encoder,PLAIN-2690,0.5,1.0,1.0,0.4085072976846915,0.14291928504609575,0.023255813953488372,0.046511627906976744,0.06976744186046512,0.11627906976744186,0.13953488372093023,0.23255813953488372,0.3488372093023256
nfcorpus,bi_encoder,PLAIN-270,0.2,1.0,1.0,0.28952298823485745,0.04607778134084666,0.019230769230769232,0.019230769230769232,0.019230769230769232,0.038461538461538464,0.07692307692307693,0.11538461538461539,0.17307692307692307
nfcorpus,bi_encoder,PLAIN-2700,0.2,1.0,1.0,0.4620588336382777,0.18858860375451306,0.1,0.1,0.1,0.2,0.3,0.4,0.7
nfcorpus,bi_encoder,PLAIN-2710,0.5,1.0,1.0,0.6906119546391793,0.2412008281573499,0.047619047619047616,0.14285714285714285,0.23809523809523808,0.23809523809523808,0.23809523809523808,0.23809523809523808,0.2857142857142857
nfcorpus,bi_encoder,PLAIN-2720,0.3,1.0,0.25,0.18299346255252696,0.03689747718733226,0.0,0.0,0.05555555555555555,0.08333333333333333,0.08333333333333333,0.1388888888888889,0.19444444444444445
nfcorpus,bi_encoder,PLAIN-2730,0.7,1.0,1.0,0.7074352277690342,0.23674174817353233,0.034482758620689655,0.06896551724137931,0.13793103448275862,0.2413793103448276,0.27586206896551724,0.3793103448275862,0.41379310344827586
nfcorpus,bi_encoder,PLAIN-2740,0.5,1.0,1.0,0.6793807676282124,0.1479158602835073,0.02,0.04,0.06,0.1,0.2,0.26,0.26
nfcorpus,bi_encoder,PLAIN-2750,0.9,1.0,1.0,0.7191824190596569,0.23959037472676767,0.01694915254237288,0.03389830508474576,0.06779661016949153,0.15254237288135594,0.22033898305084745,0.2711864406779661,0.4067796610169492
nfcorpus,bi_encoder,PLAIN-2760,0.1,1.0,0.5,0.2623290727644914,0.08173076923076923,0.0,0.125,0.125,0.125,0.25,0.25,0.25
nfcorpus,bi_encoder,PLAIN-2770,0.5,1.0,0.5,0.3573040587054042,0.20428838990146195,0.0,0.024390243902439025,0.04878048780487805,0.12195121951219512,0.1951219512195122,0.36585365853658536,0.5365853658536586
nfcorpus,bi_encoder,PLAIN-2780,0.6,1.0,1.0,0.45371609234551535,0.3169850163106809,0.045454545454545456,0.09090909090909091,0.18181818181818182,0.2727272727272727,0.3181818181818182,0.45454545454545453,0.5909090909090909
nfcorpus,bi_encoder,PLAIN-2790,0.4,1.0,1.0,0.5321408435198608,0.08469637615739316,0.01694915254237288,0.03389830508474576,0.05084745762711865,0.06779661016949153,0.0847457627118644,0.15254237288135594,0.1864406779661017
nfcorpus,bi_encoder,PLAIN-280,0.3,1.0,0.5,0.31204907722178066,0.14127021684096747,0.0,0.05,0.1,0.15,0.25,0.35,0.45
nfcorpus,bi_encoder,PLAIN-2800,0.1,1.0,0.14285714285714285,0.03785547731370623,0.009206941483060884,0.0,0.0,0.0,0.041666666666666664,0.041666666666666664,0.041666666666666664,0.125
nfcorpus,bi_encoder,PLAIN-2810,0.0,0.0,0.0,0.0,0.02018188854489164,0.0,0.0,0.0,0.0,0.125,0.25,0.375
nfcorpus,bi_encoder,PLAIN-2820,0.0,0.0,0.0,0.0,0.005526315789473685,0.0,0.0,0.0,0.0,0.0,0.0,0.25
nfcorpus,bi_encoder,PLAIN-2830,0.1,1.0,0.25,0.3127697035039474,0.1207983193277311,0.0,0.0,0.3333333333333333,0.3333333333333333,0.3333333333333333,0.6666666666666666,1.0
nfcorpus,bi_encoder,PLAIN-2840,0.0,0.0,0.0,0.0,0.0008525149190110827,0.0,0.0,0.0,0.0,0.0,0.0,0.058823529411764705
nfcorpus,bi_encoder,PLAIN-2850,0.0,0.0,0.0,0.0,0.011157119852772027,0.0,0.0,0.0,0.0,0.1111111111111111,0.1111111111111111,0.2222222222222222
nfcorpus,bi_encoder,PLAIN-2860,0.2,1.0,1.0,1.0,1.0,0.5,1.0,1.0,1.0,1.0,1.0,1.0
nfcorpus,bi_encoder,PLAIN-2870,0.0,0.0,0.0,0.0,0.015384615384615385,0.0,0.0,0.0,0.0,0.2,0.2,0.2
nfcorpus,bi_encoder,PLAIN-2880,0.0,0.0,0.0,0.0,0.004458121276679686,0.0,0.0,0.0,0.0,0.0,0.058823529411764705,0.11764705882352941
nfcorpus,bi_encoder,PLAIN-2890,0.1,1.0,0.5,0.2892598909735473,0.017241379310344827,0.0,0.034482758620689655,0.034482758620689655,0.034482758620689655,0.034482758620689655,0.034482758620689655,0.034482758620689655
nfcorpus,bi_encoder,PLAIN-2900,0.0,0.0,0.0,0.0,0.0053084450745269456,0.0,0.0,0.0,0.0,0.0,0.0,0.25
nfcorpus,bi_encoder,PLAIN-291,0.3,1.0,1.0,0.4690000933206748,0.2563364055299539,0.07692307692307693,0.23076923076923078,0.23076923076923078,0.23076923076923078,0.23076923076923078,0.38461538461538464,0.46153846153846156
nfcorpus,bi_encoder,PLAIN-2910,0.1,1.0,1.0,0.38434836867631483,0.06666666666666667,0.06666666666666667,0.06666666666666667,0.06666666666666667,0.06666666666666667,0.06666666666666667,0.06666666666666667,0.06666666666666667
nfcorpus,bi_encoder,PLAIN-2920,0.0,0.0,0.0,0.0,0.0,0.0,0.0,0.0,0.0,0.0,0.0,0.0
nfcorpus,bi_encoder,PLAIN-2930,0.2,1.0,1.0,0.5348770935150563,0.12503921199573373,0.07142857142857142,0.14285714285714285,0.14285714285714285,0.14285714285714285,0.14285714285714285,0.14285714285714285,0.2857142857142857
nfcorpus,bi_encoder,PLAIN-2940,0.0,0.0,0.0,0.0,0.011526959882223041,0.0,0.0,0.0,0.0,0.045454545454545456,0.13636363636363635,0.18181818181818182
nfcorpus,bi_encoder,PLAIN-2950,0.0,0.0,0.0,0.0,0.011363636363636364,0.0,0.0,0.0,0.0,0.0,0.5,0.5
nfcorpus,bi_encoder,PLAIN-2960,0.0,0.0,0.0,0.0,0.008928571428571428,0.0,0.0,0.0,0.0,0.0,0.0,0.5
nfcorpus,bi_encoder,PLAIN-2970,0.3,1.0,1.0,0.5782233665156723,0.22636115378050864,0.1111111111111111,0.1111111111111111,0.1111111111111111,0.3333333333333333,0.3333333333333333,0.5555555555555556,0.6666666666666666
nfcorpus,bi_encoder,PLAIN-2981,0.1,1.0,1.0,0.5321036168710065,0.14285714285714285,0.14285714285714285,0.14285714285714285,0.14285714285714285,0.14285714285714285,0.14285714285714285,0.14285714285714285,0.14285714285714285
nfcorpus,bi_encoder,PLAIN-2991,0.1,1.0,0.5,0.3868528072345416,0.25,0.0,0.5,0.5,0.5,0.5,0.5,0.5
nfcorpus,bi_encoder,PLAIN-3001,0.1,1.0,0.3333333333333333,0.3065735963827292,0.16666666666666666,0.0,0.5,0.5,0.5,0.5,0.5,0.5
nfcorpus,bi_encoder,PLAIN-3014,0.0,0.0,0.0,0.0,0.0,0.0,0.0,0.0,0.0,0.0,0.0,0.0
nfcorpus,bi_encoder,PLAIN-3026,0.1,1.0,0.5,0.6309297535714574,0.5,0.0,1.0,1.0,1.0,1.0,1.0,1.0
nfcorpus,bi_encoder,PLAIN-3037,0.0,0.0,0.0,0.0,0.013188844086021506,0.0,0.0,0.0,0.0,0.0,0.25,0.5
nfcorpus,bi_encoder,PLAIN-3053,0.1,1.0,1.0,0.4692787260227565,0.37254901960784315,0.3333333333333333,0.3333333333333333,0.3333333333333333,0.3333333333333333,0.6666666666666666,0.6666666666666666,0.6666666666666666
nfcorpus,bi_encoder,PLAIN-3063,0.0,0.0,0.0,0.0,0.017125292740046837,0.0,0.0,0.0,0.0,0.0,0.25,0.5
nfcorpus,bi_encoder,PLAIN-307,0.3,1.0,1.0,0.8194270280062367,0.625,0.3333333333333333,0.3333333333333333,0.6666666666666666,1.0,1.0,1.0,1.0
nfcorpus,bi_encoder,PLAIN-3074,0.1,1.0,1.0,1.0,1.0,1.0,1.0,1.0,1.0,1.0,1.0,1.0
nfcorpus,bi_encoder,PLAIN-3085,0.2,1.0,0.3333333333333333,0.5706417189553201,0.41666666666666663,0.0,0.5,1.0,1.0,1.0,1.0,1.0
nfcorpus,bi_encoder,PLAIN-3097,0.1,1.0,1.0,0.515157140670655,0.25757575757575757,0.25,0.25,0.25,0.25,0.25,0.25,0.5
nfcorpus,bi_encoder,PLAIN-3116,0.0,0.0,0.0,0.0,0.0,0.0,0.0,0.0,0.0,0.0,0.0,0.0
nfcorpus,bi_encoder,PLAIN-3131,0.1,1.0,0.5,0.250153017046447,0.08974358974358974,0.0,0.16666666666666666,0.16666666666666666,0.16666666666666666,0.16666666666666666,0.16666666666666666,0.3333333333333333
nfcorpus,bi_encoder,PLAIN-3141,0.1,1.0,0.1,0.09848418277380512,0.013721938050582552,0.0,0.0,0.0,0.029411764705882353,0.058823529411764705,0.11764705882352941,0.11764705882352941
nfcorpus,bi_encoder,PLAIN-3151,0.7,1.0,0.3333333333333333,0.5532650562761356,0.3100784368328228,0.0,0.05555555555555555,0.16666666666666666,0.3888888888888889,0.4444444444444444,0.5555555555555556,0.6111111111111112
nfcorpus,bi_encoder,PLAIN-3161,0.3,1.0,1.0,0.5486455668071758,0.07731488352295587,0.023255813953488372,0.023255813953488372,0.023255813953488372,0.06976744186046512,0.06976744186046512,0.18604651162790697,0.32558139534883723
nfcorpus,bi_encoder,PLAIN-3171,0.1,1.0,0.14285714285714285,0.0509406755728625,0.007248618625532405,0.0,0.0,0.0,0.029411764705882353,0.029411764705882353,0.058823529411764705,0.08823529411764706
nfcorpus,bi_encoder,PLAIN-3181,0.0,0.0,0.0,0.0,0.0056196889530222855,0.0,0.0,0.0,0.0,0.0,0.1111111111111111,0.1111111111111111
nfcorpus,bi_encoder,PLAIN-3191,0.2,1.0,0.5,0.2358224728023831,0.10171740024681201,0.0,0.0625,0.125,0.125,0.25,0.3125,0.3125
nfcorpus,bi_encoder,PLAIN-320,0.0,0.0,0.0,0.0,0.014206777669528022,0.0,0.0,0.0,0.0,0.0,0.09523809523809523,0.19047619047619047
nfcorpus,bi_encoder,PLAIN-3201,0.0,0.0,0.0,0.0,0.009481837606837608,0.0,0.0,0.0,0.0,0.0625,0.09375,0.09375
nfcorpus,bi_encoder,PLAIN-3211,0.0,0.0,0.0,0.0,0.0,0.0,0.0,0.0,0.0,0.0,0.0,0.0
nfcorpus,bi_encoder,PLAIN-3221,0.1,1.0,0.25,0.06581686446496138,0.018338815789473686,0.0,0.0,0.041666666666666664,0.041666666666666664,0.041666666666666664,0.125,0.16666666666666666
nfcorpus,bi_encoder,PLAIN-3231,0.3,1.0,0.2,0.22317147062385922,0.18790584415584416,0.0,0.0,0.125,0.375,0.5,0.75,0.75
nfcorpus,bi_encoder,PLAIN-3241,0.1,1.0,1.0,0.4584660801557625,0.03724137931034483,0.034482758620689655,0.034482758620689655,0.034482758620689655,0.034482758620689655,0.034482758620689655,0.06896551724137931,0.06896551724137931
nfcorpus,bi_encoder,PLAIN-3251,0.0,0.0,0.0,0.0,0.003284950343773873,0.0,0.0,0.0,0.0,0.0,0.047619047619047616,0.09523809523809523
nfcorpus,bi_encoder,PLAIN-3261,0.0,0.0,0.0,0.0,0.0,0.0,0.0,0.0,0.0,0.0,0.0,0.0
nfcorpus,bi_encoder,PLAIN-3271,0.1,1.0,0.14285714285714285,0.07336392209936005,0.01910694766616399,0.0,0.0,0.0,0.02040816326530612,0.02040816326530612,0.08163265306122448,0.1836734693877551
nfcorpus,bi_encoder,PLAIN-3281,0.1,1.0,1.0,0.38434836867631483,0.11154009093303735,0.038461538461538464,0.038461538461538464,0.038461538461538464,0.038461538461538464,0.15384615384615385,0.2692307692307692,0.46153846153846156
nfcorpus,bi_encoder,PLAIN-3292,0.5,1.0,1.0,0.7142874862256763,0.6674912389198102,0.14285714285714285,0.42857142857142855,0.42857142857142855,0.7142857142857143,0.8571428571428571,0.8571428571428571,0.8571428571428571
nfcorpus,bi_encoder,PLAIN-33,0.3,1.0,0.3333333333333333,0.2579721894654876,0.05504569215506716,0.0,0.03125,0.03125,0.09375,0.15625,0.1875,0.1875
nfcorpus,bi_encoder,PLAIN-3302,0.0,0.0,0.0,0.0,0.052062848633313404,0.0,0.0,0.0,0.0,0.08108108108108109,0.1891891891891892,0.35135135135135137
nfcorpus,bi_encoder,PLAIN-3312,0.4,1.0,0.3333333333333333,0.3338274192548752,0.33526491814821335,0.0,0.07692307692307693,0.15384615384615385,0.3076923076923077,0.6153846153846154,0.8461538461538461,0.9230769230769231
nfcorpus,bi_encoder,PLAIN-332,0.1,1.0,1.0,0.6131471927654584,0.5,0.5,0.5,0.5,0.5,0.5,0.5,0.5
nfcorpus,bi_encoder,PLAIN-3322,0.1,1.0,0.3333333333333333,0.11004588314904008,0.026801458908505413,0.0,0.012658227848101266,0.012658227848101266,0.012658227848101266,0.0379746835443038,0.08860759493670886,0.1518987341772152
nfcorpus,bi_encoder,PLAIN-3332,0.7,1.0,1.0,0.7460757116542472,0.6302917151601362,0.07142857142857142,0.21428571428571427,0.35714285714285715,0.5,0.6428571428571429,0.7142857142857143,0.8571428571428571
nfcorpus,bi_encoder,PLAIN-3342,0.2,1.0,0.5,0.4981892574664129,0.36904761904761907,0.0,0.3333333333333333,0.6666666666666666,0.6666666666666666,0.6666666666666666,1.0,1.0
nfcorpus,bi_encoder,PLAIN-3352,0.0,0.0,0.0,0.0,0.0006747638326585695,0.0,0.0,0.0,0.0,0.0,0.02564102564102564,0.02564102564102564
nfcorpus,bi_encoder,PLAIN-3362,0.1,1.0,1.0,0.38434836867631483,0.10582543841967346,0.09090909090909091,0.09090909090909091,0.09090909090909091,0.09090909090909091,0.09090909090909091,0.2727272727272727,0.2727272727272727
nfcorpus,bi_encoder,PLAIN-3372,0.2,1.0,0.25,0.2456605752238087,0.03571428571428571,0.0,0.0,0.07142857142857142,0.14285714285714285,0.14285714285714285,0.14285714285714285,0.14285714285714285
nfcorpus,bi_encoder,PLAIN-3382,0.6,1.0,1.0,0.5462774106312278,0.47818015318015317,0.07142857142857142,0.21428571428571427,0.35714285714285715,0.42857142857142855,0.5,0.5714285714285714,0.6428571428571429
nfcorpus,bi_encoder,PLAIN-3392,0.0,0.0,0.0,0.0,0.01027974384900573,0.0,0.0,0.0,0.0,0.043478260869565216,0.13043478260869565,0.13043478260869565
nfcorpus,bi_encoder,PLAIN-3402,0.1,1.0,0.14285714285714285,0.07336392209936005,0.012899499422410473,0.0,0.0,0.0,0.07142857142857142,0.07142857142857142,0.07142857142857142,0.14285714285714285
nfcorpus,bi_encoder,PLAIN-3412,0.3,1.0,1.0,0.25458428049553367,0.08839996145079632,0.02040816326530612,0.04081632653061224,0.04081632653061224,0.061224489795918366,0.08163265306122448,0.1836734693877551,0.24489795918367346
nfcorpus,bi_encoder,PLAIN-3422,0.1,1.0,0.2,0.031071295818188044,0.16875548620273012,0.0,0.0,0.03225806451612903,0.03225806451612903,0.06451612903225806,0.41935483870967744,0.7096774193548387
nfcorpus,bi_encoder,PLAIN-3432,0.2,1.0,0.125,0.13568544539116628,0.02426215703786384,0.0,0.0,0.0,0.047619047619047616,0.047619047619047616,0.14285714285714285,0.19047619047619047
nfcorpus,bi_encoder,PLAIN-344,0.4,1.0,1.0,0.4393841743536644,0.0507123028565718,0.01639344262295082,0.01639344262295082,0.03278688524590164,0.06557377049180328,0.06557377049180328,0.13114754098360656,0.16393442622950818
nfcorpus,bi_encoder,PLAIN-3442,0.0,0.0,0.0,0.0,0.0015241463517325588,0.0,0.0,0.0,0.0,0.0,0.034482758620689655,0.06896551724137931
nfcorpus,bi_encoder,PLAIN-3452,0.1,1.0,0.125,0.1212484107672695,0.06976682821212292,0.0,0.0,0.0,0.058823529411764705,0.17647058823529413,0.35294117647058826,0.47058823529411764
nfcorpus,bi_encoder,PLAIN-3462,0.7,1.0,0.5,0.6311443278613471,0.172816291631685,0.0,0.03125,0.046875,0.109375,0.1875,0.21875,0.34375
nfcorpus,bi_encoder,PLAIN-3472,0.2,1.0,0.2,0.14308653451762673,0.09109964327216383,0.0,0.0,0.058823529411764705,0.11764705882352941,0.23529411764705882,0.35294117647058826,0.47058823529411764
nfcorpus,bi_encoder,PLAIN-358,0.0,0.0,0.0,0.0,0.0,0.0,0.0,0.0,0.0,0.0,0.0,0.0
nfcorpus,bi_encoder,PLAIN-371,0.1,1.0,0.25,0.11861329943102608,0.125,0.0,0.0,0.5,0.5,0.5,0.5,0.5
nfcorpus,bi_encoder,PLAIN-383,0.1,1.0,0.25,0.14606834984270645,0.05,0.0,0.0,0.2,0.2,0.2,0.2,0.2
nfcorpus,bi_encoder,PLAIN-395,0.0,0.0,0.0,0.0,0.0,0.0,0.0,0.0,0.0,0.0,0.0,0.0
nfcorpus,bi_encoder,PLAIN-407,0.1,1.0,1.0,0.7262287617954056,0.3333333333333333,0.3333333333333333,0.3333333333333333,0.3333333333333333,0.3333333333333333,0.3333333333333333,0.3333333333333333,0.3333333333333333
nfcorpus,bi_encoder,PLAIN-418,0.2,1.0,1.0,0.9072836011519267,0.7101449275362319,0.3333333333333333,0.6666666666666666,0.6666666666666666,0.6666666666666666,0.6666666666666666,1.0,1.0
nfcorpus,bi_encoder,PLAIN-430,0.3,1.0,1.0,0.6051958559375978,0.3125,0.125,0.25,0.25,0.375,0.375,0.375,0.375
nfcorpus,bi_encoder,PLAIN-44,0.3,1.0,0.3333333333333333,0.2649962343212576,0.053039161339999336,0.0,0.017241379310344827,0.034482758620689655,0.05172413793103448,0.06896551724137931,0.1724137931034483,0.20689655172413793
nfcorpus,bi_encoder,PLAIN-441,0.4,1.0,1.0,0.7225292631327483,0.7333333333333333,0.2,0.6,0.6,0.8,0.8,0.8,0.8
nfcorpus,bi_encoder,PLAIN-457,0.0,0.0,0.0,0.0,0.0,0.0,0.0,0.0,0.0,0.0,0.0,0.0
nfcorpus,bi_encoder,PLAIN-468,0.2,1.0,1.0,0.5055967794435843,0.1285714285714286,0.1,0.1,0.1,0.2,0.2,0.2,0.3
nfcorpus,bi_encoder,PLAIN-478,0.0,0.0,0.0,0.0,0.0,0.0,0.0,0.0,0.0,0.0,0.0,0.0
nfcorpus,bi_encoder,PLAIN-488,1.0,1.0,1.0,1.0,0.7333333333333333,0.06666666666666667,0.2,0.3333333333333333,0.6666666666666666,0.7333333333333333,0.7333333333333333,0.7333333333333333
nfcorpus,bi_encoder,PLAIN-499,0.2,1.0,0.3333333333333333,0.17630010660342912,0.029562805514362606,0.0,0.029411764705882353,0.029411764705882353,0.058823529411764705,0.11764705882352941,0.11764705882352941,0.11764705882352941
nfcorpus,bi_encoder,PLAIN-510,0.1,1.0,0.3333333333333333,0.15130120674940675,0.05555555555555555,0.0,0.16666666666666666,0.16666666666666666,0.16666666666666666,0.16666666666666666,0.16666666666666666,0.16666666666666666
nfcorpus,bi_encoder,PLAIN-520,0.0,0.0,0.0,0.0,0.0,0.0,0.0,0.0,0.0,0.0,0.0,0.0
nfcorpus,bi_encoder,PLAIN-531,0.5,1.0,1.0,0.4977962688668735,0.16310138377543051,0.003246753246753247,0.003246753246753247,0.003246753246753247,0.016233766233766232,0.025974025974025976,0.07467532467532467,0.11363636363636363
nfcorpus,bi_encoder,PLAIN-541,0.1,1.0,0.125,0.09546043308946735,0.03178879310344828,0.0,0.0,0.0,0.16666666666666666,0.16666666666666666,0.16666666666666666,0.5
nfcorpus,bi_encoder,PLAIN-551,0.0,0.0,0.0,0.0,0.00510204081632653,0.0,0.0,0.0,0.0,0.0,0.0,0.5
nfcorpus,bi_encoder,PLAIN-56,0.8,1.0,1.0,0.728720386688693,0.22616371962791404,0.02,0.06,0.1,0.16,0.22,0.28,0.3
nfcorpus,bi_encoder,PLAIN-561,0.2,1.0,1.0,0.3589542101716347,0.11559686137398671,0.04,0.08,0.08,0.08,0.12,0.24,0.32
nfcorpus,bi_encoder,PLAIN-571,0.2,1.0,0.25,0.20509662144948265,0.07142857142857142,0.0,0.0,0.14285714285714285,0.2857142857142857,0.2857142857142857,0.2857142857142857,0.2857142857142857
nfcorpus,bi_encoder,PLAIN-583,0.0,0.0,0.0,0.0,0.0011158269441401971,0.0,0.0,0.0,0.0,0.0,0.022727272727272728,0.045454545454545456
nfcorpus,bi_encoder,PLAIN-593,0.1,1.0,1.0,0.46927872602275644,0.3333333333333333,0.3333333333333333,0.3333333333333333,0.3333333333333333,0.3333333333333333,0.3333333333333333,0.3333333333333333,0.3333333333333333
nfcorpus,bi_encoder,PLAIN-603,0.0,0.0,0.0,0.0,0.0,0.0,0.0,0.0,0.0,0.0,0.0,0.0
nfcorpus,bi_encoder,PLAIN-613,0.1,1.0,0.2,0.08514311764162098,0.02,0.0,0.0,0.1,0.1,0.1,0.1,0.1
nfcorpus,bi_encoder,PLAIN-623,0.4,1.0,1.0,0.5067837010870873,0.08938443670150988,0.024390243902439025,0.04878048780487805,0.04878048780487805,0.0975609756097561,0.0975609756097561,0.14634146341463414,0.1951219512195122
nfcorpus,bi_encoder,PLAIN-634,0.1,1.0,1.0,0.22009176629808017,0.054761904761904755,0.047619047619047616,0.047619047619047616,0.047619047619047616,0.047619047619047616,0.047619047619047616,0.14285714285714285,0.14285714285714285
nfcorpus,bi_encoder,PLAIN-645,0.0,0.0,0.0,0.0,0.0005747126436781609,0.0,0.0,0.0,0.0,0.0,0.0,0.034482758620689655
nfcorpus,bi_encoder,PLAIN-660,1.0,1.0,1.0,1.0,0.3332094659584854,0.002105263157894737,0.00631578947368421,0.010526315789473684,0.021052631578947368,0.042105263157894736,0.06526315789473684,0.0863157894736842
nfcorpus,bi_encoder,PLAIN-671,0.1,1.0,1.0,1.0,1.0,1.0,1.0,1.0,1.0,1.0,1.0,1.0
nfcorpus,bi_encoder,PLAIN-68,0.2,1.0,1.0,0.5044700941962198,0.05998944130595846,0.01818181818181818,0.01818181818181818,0.01818181818181818,0.03636363636363636,0.09090909090909091,0.14545454545454545,0.23636363636363636
nfcorpus,bi_encoder,PLAIN-681,0.1,1.0,0.5,0.6309297535714575,0.5,0.0,1.0,1.0,1.0,1.0,1.0,1.0
nfcorpus,bi_encoder,PLAIN-691,0.0,0.0,0.0,0.0,0.0005350454788657035,0.0,0.0,0.0,0.0,0.0,0.0,0.047619047619047616
nfcorpus,bi_encoder,PLAIN-701,0.2,1.0,1.0,0.33273724133010535,0.18043414918414918,0.125,0.125,0.125,0.25,0.25,0.5,0.5
nfcorpus,bi_encoder,PLAIN-711,0.4,1.0,0.5,0.3479118113640809,0.058779179335775304,0.0,0.017543859649122806,0.017543859649122806,0.07017543859649122,0.08771929824561403,0.15789473684210525,0.19298245614035087
nfcorpus,bi_encoder,PLAIN-721,1.0,1.0,1.0,1.0,0.5822617803397767,0.04,0.12,0.2,0.4,0.48,0.64,0.76
nfcorpus,bi_encoder,PLAIN-731,0.6,1.0,1.0,0.7183627972686238,0.2514588724515817,0.018518518518518517,0.05555555555555555,0.09259259259259259,0.1111111111111111,0.18518518518518517,0.37037037037037035,0.4074074074074074
nfcorpus,bi_encoder,PLAIN-741,0.3,1.0,1.0,0.4440973278132557,0.17270470343955946,0.05263157894736842,0.10526315789473684,0.15789473684210525,0.15789473684210525,0.21052631578947367,0.2631578947368421,0.3684210526315789
nfcorpus,bi_encoder,PLAIN-751,0.0,0.0,0.0,0.0,0.0,0.0,0.0,0.0,0.0,0.0,0.0,0.0
nfcorpus,bi_encoder,PLAIN-761,0.2,1.0,0.25,0.24738635904833423,0.10833333333333334,0.0,0.0,0.3333333333333333,0.3333333333333333,0.3333333333333333,0.3333333333333333,0.3333333333333333
nfcorpus,bi_encoder,PLAIN-771,0.2,1.0,1.0,0.6364391809889587,0.45694444444444443,0.3333333333333333,0.3333333333333333,0.3333333333333333,0.6666666666666666,0.6666666666666666,0.6666666666666666,1.0
nfcorpus,bi_encoder,PLAIN-78,0.0,0.0,0.0,0.0,0.010178221187625933,0.0,0.0,0.0,0.0,0.0,0.04838709677419355,0.12903225806451613
nfcorpus,bi_encoder,PLAIN-782,0.0,0.0,0.0,0.0,0.0,0.0,0.0,0.0,0.0,0.0,0.0,0.0
nfcorpus,bi_encoder,PLAIN-792,0.1,1.0,0.25,0.13032376591037065,0.0800179211469534,0.0,0.0,0.16666666666666666,0.16666666666666666,0.3333333333333333,0.5,0.5
nfcorpus,bi_encoder,PLAIN-806,0.7,1.0,1.0,0.7702043899253146,0.09087824723083215,0.010416666666666666,0.03125,0.041666666666666664,0.07291666666666667,0.08333333333333333,0.11458333333333333,0.16666666666666666
nfcorpus,bi_encoder,PLAIN-817,0.0,0.0,0.0,0.0,0.023809523809523808,0.0,0.0,0.0,0.0,0.0,1.0,1.0
nfcorpus,bi_encoder,PLAIN-827,0.5,1.0,1.0,0.6371523797895855,0.26692005686994835,0.004098360655737705,0.012295081967213115,0.01639344262295082,0.020491803278688523,0.05327868852459016,0.10655737704918032,0.19262295081967212
nfcorpus,bi_encoder,PLAIN-838,0.5,1.0,1.0,0.6930221935231563,0.5633074935400517,0.1111111111111111,0.3333333333333333,0.5555555555555556,0.5555555555555556,0.5555555555555556,0.5555555555555556,0.6666666666666666
nfcorpus,bi_encoder,PLAIN-850,0.4,1.0,1.0,0.4985723557253838,0.12757347706795824,0.017543859649122806,0.03508771929824561,0.03508771929824561,0.07017543859649122,0.15789473684210525,0.21052631578947367,0.2982456140350877
nfcorpus,bi_encoder,PLAIN-872,0.0,0.0,0.0,0.0,0.0,0.0,0.0,0.0,0.0,0.0,0.0,0.0
nfcorpus,bi_encoder,PLAIN-882,0.8,1.0,1.0,0.8630152897016882,0.5989632329273484,0.06666666666666667,0.2,0.3333333333333333,0.5333333333333333,0.5333333333333333,0.7333333333333333,0.8
nfcorpus,bi_encoder,PLAIN-892,0.3,1.0,1.0,0.424926013816671,0.04528919018818206,0.010869565217391304,0.021739130434782608,0.03260869565217391,0.03260869565217391,0.05434782608695652,0.07608695652173914,0.13043478260869565
nfcorpus,bi_encoder,PLAIN-902,0.1,1.0,0.16666666666666666,0.13905617951077562,0.08333333333333333,0.0,0.0,0.0,0.25,0.5,0.5,0.5
nfcorpus,bi_encoder,PLAIN-91,0.5,1.0,1.0,0.3225570411079015,0.10349417673091793,0.015625,0.03125,0.03125,0.078125,0.09375,0.171875,0.296875
nfcorpus,bi_encoder,PLAIN-913,0.7,1.0,1.0,0.7849818707050382,0.2683632058730129,0.029411764705882353,0.08823529411764706,0.11764705882352941,0.20588235294117646,0.2647058823529412,0.35294117647058826,0.38235294117647056
nfcorpus,bi_encoder,PLAIN-924,0.7,1.0,1.0,0.7818048722226499,0.3003523835508129,0.03125,0.09375,0.125,0.21875,0.28125,0.375,0.5625
nfcorpus,bi_encoder,PLAIN-934,0.6,1.0,0.5,0.5056427642465516,0.23952702950479593,0.0,0.009900990099009901,0.019801980198019802,0.0594059405940594,0.12871287128712872,0.31683168316831684,0.38613861386138615
nfcorpus,bi_encoder,PLAIN-946,0.0,0.0,0.0,0.0,0.0004887585532746823,0.0,0.0,0.0,0.0,0.0,0.0,0.03225806451612903
nfcorpus,bi_encoder,PLAIN-956,0.6,1.0,1.0,0.680450372435079,0.22477556918641006,0.0048543689320388345,0.014563106796116505,0.014563106796116505,0.02912621359223301,0.05339805825242718,0.12135922330097088,0.1941747572815534
nfcorpus,bi_encoder,PLAIN-966,0.0,0.0,0.0,0.0,0.0,0.0,0.0,0.0,0.0,0.0,0.0,0.0
nfcorpus,bi_encoder,PLAIN-977,0.1,1.0,0.25,0.20210734650054757,0.08333333333333333,0.0,0.0,0.3333333333333333,0.3333333333333333,0.3333333333333333,0.3333333333333333,0.3333333333333333
nfcorpus,bi_encoder,PLAIN-987,0.0,0.0,0.0,0.0,0.0,0.0,0.0,0.0,0.0,0.0,0.0,0.0
nfcorpus,bi_encoder,PLAIN-997,0.0,0.0,0.0,0.0,0.0,0.0,0.0,0.0,0.0,0.0,0.0,0.0
nfcorpus,bi_encoder_plus_cross_encoder,PLAIN-1008,0.0,0.0,0.0,0.0,0.0,0.0,0.0,0.0,0.0,0.0,0.0,0.0
nfcorpus,bi_encoder_plus_cross_encoder,PLAIN-1018,0.6,1.0,0.3333333333333333,0.5111707781750244,0.0594047619047619,0.0,0.016666666666666666,0.05,0.1,0.1,0.1,0.1
nfcorpus,bi_encoder_plus_cross_encoder,PLAIN-102,0.2,1.0,1.0,0.424764505598738,0.05945576485540091,0.041666666666666664,0.041666666666666664,0.041666666666666664,0.08333333333333333,0.08333333333333333,0.08333333333333333,0.20833333333333334
nfcorpus,bi_encoder_plus_cross_encoder,PLAIN-1028,0.0,0.0,0.0,0.0,0.038461538461538464,0.0,0.0,0.0,0.0,0.0,1.0,1.0
nfcorpus,bi_encoder_plus_cross_encoder,PLAIN-1039,0.2,1.0,1.0,1.0,1.0,0.5,1.0,1.0,1.0,1.0,1.0,1.0
nfcorpus,bi_encoder_plus_cross_encoder,PLAIN-1050,0.0,0.0,0.0,0.0,0.001434628660080807,0.0,0.0,0.0,0.0,0.0,0.0,0.0425531914893617
nfcorpus,bi_encoder_plus_cross_encoder,PLAIN-1066,0.0,0.0,0.0,0.0,0.0,0.0,0.0,0.0,0.0,0.0,0.0,0.0
nfcorpus,bi_encoder_plus_cross_encoder,PLAIN-1088,0.2,1.0,1.0,0.5531464700081437,0.4,0.2,0.4,0.4,0.4,0.4,0.4,0.4
nfcorpus,bi_encoder_plus_cross_encoder,PLAIN-1098,0.0,0.0,0.0,0.0,0.007407407407407407,0.0,0.0,0.0,0.0,0.0,0.2,0.2
nfcorpus,bi_encoder_plus_cross_encoder,PLAIN-1109,0.5,1.0,1.0,0.6177639991612475,0.12502378667364242,0.01020408163265306,0.030612244897959183,0.04081632653061224,0.05102040816326531,0.10204081632653061,0.15306122448979592,0.2653061224489796
nfcorpus,bi_encoder_plus_cross_encoder,PLAIN-1119,0.0,0.0,0.0,0.0,0.0,0.0,0.0,0.0,0.0,0.0,0.0,0.0
nfcorpus,bi_encoder_plus_cross_encoder,PLAIN-112,0.4,1.0,1.0,0.5741344127761127,0.0606962481962482,0.017857142857142856,0.03571428571428571,0.03571428571428571,0.07142857142857142,0.08928571428571429,0.08928571428571429,0.08928571428571429
nfcorpus,bi_encoder_plus_cross_encoder,PLAIN-1130,0.1,1.0,1.0,1.0,1.0,1.0,1.0,1.0,1.0,1.0,1.0,1.0
nfcorpus,bi_encoder_plus_cross_encoder,PLAIN-1141,0.1,1.0,1.0,0.22009176629808017,0.07623626373626373,0.0625,0.0625,0.0625,0.0625,0.125,0.1875,0.1875
nfcorpus,bi_encoder_plus_cross_encoder,PLAIN-1151,0.5,1.0,0.16666666666666666,0.3510684246681534,0.14690932441473792,0.0,0.0,0.0,0.032679738562091505,0.06535947712418301,0.13725490196078433,0.21568627450980393
nfcorpus,bi_encoder_plus_cross_encoder,PLAIN-1161,0.0,0.0,0.0,0.0,0.0,0.0,0.0,0.0,0.0,0.0,0.0,0.0
nfcorpus,bi_encoder_plus_cross_encoder,PLAIN-1172,0.1,1.0,1.0,0.22009176629808017,0.05263157894736842,0.05263157894736842,0.05263157894736842,0.05263157894736842,0.05263157894736842,0.05263157894736842,0.05263157894736842,0.05263157894736842
nfcorpus,bi_encoder_plus_cross_encoder,PLAIN-1183,0.2,1.0,0.5,0.23365080824310533,0.05353952720543109,0.0,0.04,0.08,0.08,0.08,0.12,0.24
nfcorpus,bi_encoder_plus_cross_encoder,PLAIN-1193,0.1,1.0,0.2,0.08514311764162098,0.0465458833105892,0.0,0.0,0.05555555555555555,0.05555555555555555,0.16666666666666666,0.2222222222222222,0.3333333333333333
nfcorpus,bi_encoder_plus_cross_encoder,PLAIN-12,0.2,1.0,0.2,0.17459606366134556,0.028407064732526056,0.0,0.0,0.03333333333333333,0.06666666666666667,0.06666666666666667,0.13333333333333333,0.23333333333333334
nfcorpus,bi_encoder_plus_cross_encoder,PLAIN-1203,0.4,1.0,1.0,0.4920062203073637,0.27627164502164503,0.08333333333333333,0.16666666666666666,0.16666666666666666,0.3333333333333333,0.4166666666666667,0.4166666666666667,0.5
nfcorpus,bi_encoder_plus_cross_encoder,PLAIN-1214,0.0,0.0,0.0,0.0,0.0,0.0,0.0,0.0,0.0,0.0,0.0,0.0
nfcorpus,bi_encoder_plus_cross_encoder,PLAIN-1225,0.6,1.0,1.0,0.6816808362189437,0.28661194919773353,0.037037037037037035,0.07407407407407407,0.14814814814814814,0.2222222222222222,0.2962962962962963,0.4444444444444444,0.48148148148148145
nfcorpus,bi_encoder_plus_cross_encoder,PLAIN-123,0.3,1.0,0.5,0.18625881011219486,0.04800724637681159,0.0,0.0392156862745098,0.0392156862745098,0.058823529411764705,0.09803921568627451,0.11764705882352941,0.11764705882352941
nfcorpus,bi_encoder_plus_cross_encoder,PLAIN-1236,0.1,1.0,1.0,0.3391602052736161,0.2,0.2,0.2,0.2,0.2,0.2,0.2,0.2
nfcorpus,bi_encoder_plus_cross_encoder,PLAIN-1249,0.0,0.0,0.0,0.0,0.0,0.0,0.0,0.0,0.0,0.0,0.0,0.0
nfcorpus,bi_encoder_plus_cross_encoder,PLAIN-1262,0.3,1.0,1.0,0.40853591842579556,0.21666666666666665,0.1,0.2,0.2,0.3,0.3,0.3,0.3
nfcorpus,bi_encoder_plus_cross_encoder,PLAIN-1275,0.5,1.0,1.0,0.6059848036189865,0.11047960407586074,0.01818181818181818,0.05454545454545454,0.05454545454545454,0.09090909090909091,0.12727272727272726,0.16363636363636364,0.21818181818181817
nfcorpus,bi_encoder_plus_cross_encoder,PLAIN-1288,0.3,1.0,0.3333333333333333,0.2685529228900211,0.07243096040420477,0.0,0.00510204081632653,0.01020408163265306,0.015306122448979591,0.04081632653061224,0.07142857142857142,0.11224489795918367
nfcorpus,bi_encoder_plus_cross_encoder,PLAIN-1299,0.1,1.0,1.0,0.22009176629808017,0.017954722872755662,0.01639344262295082,0.01639344262295082,0.01639344262295082,0.01639344262295082,0.01639344262295082,0.03278688524590164,0.03278688524590164
nfcorpus,bi_encoder_plus_cross_encoder,PLAIN-1309,0.0,0.0,0.0,0.0,0.0,0.0,0.0,0.0,0.0,0.0,0.0,0.0
nfcorpus,bi_encoder_plus_cross_encoder,PLAIN-1320,0.3,1.0,1.0,0.5709662133861838,0.37777777777777777,0.16666666666666666,0.3333333333333333,0.5,0.5,0.5,0.5,0.5
nfcorpus,bi_encoder_plus_cross_encoder,PLAIN-133,0.0,0.0,0.0,0.0,0.0036382536382536385,0.0,0.0,0.0,0.0,0.027777777777777776,0.05555555555555555,0.05555555555555555
nfcorpus,bi_encoder_plus_cross_encoder,PLAIN-1331,0.0,0.0,0.0,0.0,0.0,0.0,0.0,0.0,0.0,0.0,0.0,0.0
nfcorpus,bi_encoder_plus_cross_encoder,PLAIN-1342,0.4,1.0,1.0,0.48471198902551854,0.19895833333333332,0.0625,0.125,0.1875,0.25,0.3125,0.3125,0.3125
nfcorpus,bi_encoder_plus_cross_encoder,PLAIN-1353,0.0,0.0,0.0,0.0,0.003125,0.0,0.0,0.0,0.0,0.0,0.0,0.25
nfcorpus,bi_encoder_plus_cross_encoder,PLAIN-1363,0.1,1.0,1.0,0.22009176629808017,0.1414470642415181,0.09090909090909091,0.09090909090909091,0.09090909090909091,0.09090909090909091,0.09090909090909091,0.18181818181818182,0.7272727272727273
nfcorpus,bi_encoder_plus_cross_encoder,PLAIN-1374,0.0,0.0,0.0,0.0,0.015324351750925688,0.0,0.0,0.0,0.0,0.038461538461538464,0.11538461538461539,0.23076923076923078
nfcorpus,bi_encoder_plus_cross_encoder,PLAIN-1387,0.6,1.0,1.0,0.7155506487682609,0.47420634920634913,0.08333333333333333,0.25,0.3333333333333333,0.5,0.5,0.5,0.5
nfcorpus,bi_encoder_plus_cross_encoder,PLAIN-1398,1.0,1.0,1.0,1.0,0.2502624977721929,0.009708737864077669,0.02912621359223301,0.04854368932038835,0.0970873786407767,0.1553398058252427,0.2524271844660194,0.32038834951456313
nfcorpus,bi_encoder_plus_cross_encoder,PLAIN-1409,0.3,1.0,1.0,0.42838543210841196,0.07986415330723505,0.003952569169960474,0.007905138339920948,0.007905138339920948,0.011857707509881422,0.02766798418972332,0.05138339920948617,0.08300395256916997
nfcorpus,bi_encoder_plus_cross_encoder,PLAIN-1419,0.3,1.0,1.0,0.42257499837058643,0.0812085055128927,0.015384615384615385,0.03076923076923077,0.03076923076923077,0.046153846153846156,0.07692307692307693,0.15384615384615385,0.23076923076923078
nfcorpus,bi_encoder_plus_cross_encoder,PLAIN-1429,0.0,0.0,0.0,0.0,0.0,0.0,0.0,0.0,0.0,0.0,0.0,0.0
nfcorpus,bi_encoder_plus_cross_encoder,PLAIN-143,0.3,1.0,1.0,0.6909032516569062,0.1300593198218554,0.0196078431372549,0.058823529411764705,0.058823529411764705,0.058823529411764705,0.09803921568627451,0.1568627450980392,0.39215686274509803
nfcorpus,bi_encoder_plus_cross_encoder,PLAIN-1441,0.5,1.0,1.0,0.568003577662161,0.16814585575835558,0.005376344086021506,0.010752688172043012,0.010752688172043012,0.026881720430107527,0.04838709677419355,0.12365591397849462,0.1827956989247312
nfcorpus,bi_encoder_plus_cross_encoder,PLAIN-1453,0.4,1.0,1.0,0.47842151728792726,0.08823781911400705,0.004081632653061225,0.004081632653061225,0.012244897959183673,0.0163265306122449,0.02040816326530612,0.04081632653061224,0.11428571428571428
nfcorpus,bi_encoder_plus_cross_encoder,PLAIN-1463,0.2,1.0,0.5,0.2489083270225946,0.0961204398200366,0.0,0.08333333333333333,0.08333333333333333,0.08333333333333333,0.16666666666666666,0.2916666666666667,0.3333333333333333
nfcorpus,bi_encoder_plus_cross_encoder,PLAIN-1473,0.1,1.0,1.0,1.0,1.0,1.0,1.0,1.0,1.0,1.0,1.0,1.0
nfcorpus,bi_encoder_plus_cross_encoder,PLAIN-1485,0.0,0.0,0.0,0.0,0.001073762838468721,0.0,0.0,0.0,0.0,0.0,0.018518518518518517,0.037037037037037035
nfcorpus,bi_encoder_plus_cross_encoder,PLAIN-1496,0.0,0.0,0.0,0.0,0.0,0.0,0.0,0.0,0.0,0.0,0.0,0.0
nfcorpus,bi_encoder_plus_cross_encoder,PLAIN-1506,0.1,1.0,0.5,0.13886244387355454,0.04227295041728031,0.0,0.06666666666666667,0.06666666666666667,0.06666666666666667,0.06666666666666667,0.13333333333333333,0.26666666666666666
nfcorpus,bi_encoder_plus_cross_encoder,PLAIN-1516,0.0,0.0,0.0,0.0,0.0,0.0,0.0,0.0,0.0,0.0,0.0,0.0
nfcorpus,bi_encoder_plus_cross_encoder,PLAIN-1527,0.7,1.0,1.0,0.7471589728148226,0.21670603975428954,0.0049504950495049506,0.009900990099009901,0.019801980198019802,0.034653465346534656,0.07425742574257425,0.13366336633663367,0.16336633663366337
nfcorpus,bi_encoder_plus_cross_encoder,PLAIN-153,0.9,1.0,1.0,0.9558245273890438,0.32092228911843373,0.02127659574468085,0.06382978723404255,0.10638297872340426,0.19148936170212766,0.3191489361702128,0.3191489361702128,0.44680851063829785
nfcorpus,bi_encoder_plus_cross_encoder,PLAIN-1537,0.6,1.0,0.5,0.5552448576790282,0.10327696761659023,0.0,0.044444444444444446,0.06666666666666667,0.13333333333333333,0.15555555555555556,0.15555555555555556,0.2
nfcorpus,bi_encoder_plus_cross_encoder,PLAIN-1547,0.0,0.0,0.0,0.0,0.012124642005796505,0.0,0.0,0.0,0.0,0.0,0.0,0.5
nfcorpus,bi_encoder_plus_cross_encoder,PLAIN-1557,0.2,1.0,0.5,0.2489083270225946,0.044871794871794865,0.0,0.07692307692307693,0.07692307692307693,0.07692307692307693,0.07692307692307693,0.07692307692307693,0.07692307692307693
nfcorpus,bi_encoder_plus_cross_encoder,PLAIN-1568,0.2,1.0,1.0,1.0,1.0,0.5,1.0,1.0,1.0,1.0,1.0,1.0
nfcorpus,bi_encoder_plus_cross_encoder,PLAIN-1579,0.1,1.0,0.2,0.13120507751234178,0.04,0.0,0.0,0.2,0.2,0.2,0.2,0.2
nfcorpus,bi_encoder_plus_cross_encoder,PLAIN-1590,0.1,1.0,0.5,0.13886244387355454,0.04710164858234454,0.0,0.05555555555555555,0.05555555555555555,0.05555555555555555,0.05555555555555555,0.1111111111111111,0.3333333333333333
nfcorpus,bi_encoder_plus_cross_encoder,PLAIN-1601,0.6,1.0,1.0,0.7058075148678525,0.126406966927935,0.013513513513513514,0.04054054054054054,0.05405405405405406,0.08108108108108109,0.10810810810810811,0.17567567567567569,0.24324324324324326
nfcorpus,bi_encoder_plus_cross_encoder,PLAIN-1611,0.0,0.0,0.0,0.0,0.0,0.0,0.0,0.0,0.0,0.0,0.0,0.0
nfcorpus,bi_encoder_plus_cross_encoder,PLAIN-1621,0.0,0.0,0.0,0.0,0.0,0.0,0.0,0.0,0.0,0.0,0.0,0.0
nfcorpus,bi_encoder_plus_cross_encoder,PLAIN-1635,1.0,1.0,1.0,1.0,0.5317903420614197,0.002320185614849188,0.0069605568445475635,0.01160092807424594,0.02320185614849188,0.03944315545243619,0.08816705336426914,0.15081206496519722
nfcorpus,bi_encoder_plus_cross_encoder,PLAIN-1645,0.0,0.0,0.0,0.0,0.0,0.0,0.0,0.0,0.0,0.0,0.0,0.0
nfcorpus,bi_encoder_plus_cross_encoder,PLAIN-165,0.7,1.0,1.0,0.4585286696559032,0.21471695515813166,0.027777777777777776,0.05555555555555555,0.1111111111111111,0.19444444444444445,0.2777777777777778,0.3055555555555556,0.3333333333333333
nfcorpus,bi_encoder_plus_cross_encoder,PLAIN-1656,0.0,0.0,0.0,0.0,0.011886878451859494,0.0,0.0,0.0,0.0,0.07142857142857142,0.07142857142857142,0.17857142857142858
nfcorpus,bi_encoder_plus_cross_encoder,PLAIN-1667,0.7,1.0,1.0,0.7479350596733328,0.24771594558392324,0.006289308176100629,0.012578616352201259,0.025157232704402517,0.0440251572327044,0.09433962264150944,0.1761006289308176,0.22012578616352202
nfcorpus,bi_encoder_plus_cross_encoder,PLAIN-1679,0.0,0.0,0.0,0.0,0.014492753623188406,0.0,0.0,0.0,0.0,0.0,0.0,1.0
nfcorpus,bi_encoder_plus_cross_encoder,PLAIN-1690,0.0,0.0,0.0,0.0,0.0,0.0,0.0,0.0,0.0,0.0,0.0,0.0
nfcorpus,bi_encoder_plus_cross_encoder,PLAIN-1700,0.0,0.0,0.0,0.0,0.006255545696539485,0.0,0.0,0.0,0.0,0.0,0.0,0.4
nfcorpus,bi_encoder_plus_cross_encoder,PLAIN-1710,1.0,1.0,1.0,1.0,0.8958333333333334,0.0625,0.1875,0.3125,0.625,0.875,0.9375,0.9375
nfcorpus,bi_encoder_plus_cross_encoder,PLAIN-1721,0.6,1.0,0.5,0.539987338899539,0.13363603505918498,0.0,0.03225806451612903,0.0967741935483871,0.1935483870967742,0.22580645161290322,0.22580645161290322,0.22580645161290322
nfcorpus,bi_encoder_plus_cross_encoder,PLAIN-1731,0.2,1.0,1.0,0.7653606369886217,0.6666666666666666,0.3333333333333333,0.6666666666666666,0.6666666666666666,0.6666666666666666,0.6666666666666666,0.6666666666666666,0.6666666666666666
nfcorpus,bi_encoder_plus_cross_encoder,PLAIN-1741,1.0,1.0,1.0,1.0,0.49845545237955685,0.002380952380952381,0.007142857142857143,0.011904761904761904,0.023809523809523808,0.047619047619047616,0.10476190476190476,0.12857142857142856
nfcorpus,bi_encoder_plus_cross_encoder,PLAIN-175,0.3,1.0,1.0,0.3249649487838764,0.08108108108108109,0.02702702702702703,0.08108108108108109,0.08108108108108109,0.08108108108108109,0.08108108108108109,0.08108108108108109,0.08108108108108109
nfcorpus,bi_encoder_plus_cross_encoder,PLAIN-1752,0.0,0.0,0.0,0.0,0.0,0.0,0.0,0.0,0.0,0.0,0.0,0.0
nfcorpus,bi_encoder_plus_cross_encoder,PLAIN-1762,0.4,1.0,1.0,0.5617919590538469,0.3590277777777778,0.125,0.25,0.25,0.5,0.5,0.625,0.625
nfcorpus,bi_encoder_plus_cross_encoder,PLAIN-1772,0.2,1.0,1.0,1.0,1.0,0.5,1.0,1.0,1.0,1.0,1.0,1.0
nfcorpus,bi_encoder_plus_cross_encoder,PLAIN-1784,0.0,0.0,0.0,0.0,0.0,0.0,0.0,0.0,0.0,0.0,0.0,0.0
nfcorpus,bi_encoder_plus_cross_encoder,PLAIN-1794,0.2,1.0,1.0,1.0,1.0,0.5,1.0,1.0,1.0,1.0,1.0,1.0
nfcorpus,bi_encoder_plus_cross_encoder,PLAIN-1805,0.9,1.0,1.0,0.9216017310213246,0.32532937080499397,0.008620689655172414,0.02586206896551724,0.04310344827586207,0.07758620689655173,0.14655172413793102,0.25,0.3706896551724138
nfcorpus,bi_encoder_plus_cross_encoder,PLAIN-1817,0.3,1.0,1.0,0.42520843362602373,0.11872194481579391,0.037037037037037035,0.07407407407407407,0.07407407407407407,0.1111111111111111,0.18518518518518517,0.18518518518518517,0.2962962962962963
nfcorpus,bi_encoder_plus_cross_encoder,PLAIN-1827,0.0,0.0,0.0,0.0,0.0,0.0,0.0,0.0,0.0,0.0,0.0,0.0
nfcorpus,bi_encoder_plus_cross_encoder,PLAIN-1837,1.0,1.0,1.0,1.0,0.5670614616108467,0.00510204081632653,0.015306122448979591,0.025510204081632654,0.05102040816326531,0.10204081632653061,0.21428571428571427,0.32142857142857145
nfcorpus,bi_encoder_plus_cross_encoder,PLAIN-1847,0.1,1.0,0.5,0.13886244387355454,0.053083466241360976,0.0,0.09090909090909091,0.09090909090909091,0.09090909090909091,0.09090909090909091,0.18181818181818182,0.2727272727272727
nfcorpus,bi_encoder_plus_cross_encoder,PLAIN-1857,0.4,1.0,1.0,0.5637884576902256,0.12284131638970348,0.030303030303030304,0.09090909090909091,0.12121212121212122,0.12121212121212122,0.12121212121212122,0.12121212121212122,0.15151515151515152
nfcorpus,bi_encoder_plus_cross_encoder,PLAIN-186,0.1,1.0,1.0,0.22009176629808017,0.04252577319587628,0.041666666666666664,0.041666666666666664,0.041666666666666664,0.041666666666666664,0.041666666666666664,0.041666666666666664,0.08333333333333333
nfcorpus,bi_encoder_plus_cross_encoder,PLAIN-1867,0.2,1.0,1.0,0.36650177721905447,0.1984517945109078,0.14285714285714285,0.14285714285714285,0.14285714285714285,0.2857142857142857,0.2857142857142857,0.42857142857142855,0.42857142857142855
nfcorpus,bi_encoder_plus_cross_encoder,PLAIN-1877,0.0,0.0,0.0,0.0,0.0,0.0,0.0,0.0,0.0,0.0,0.0,0.0
nfcorpus,bi_encoder_plus_cross_encoder,PLAIN-1887,0.0,0.0,0.0,0.0,0.010310290652003142,0.0,0.0,0.0,0.0,0.0,0.0,0.5
nfcorpus,bi_encoder_plus_cross_encoder,PLAIN-1897,0.0,0.0,0.0,0.0,0.00684931506849315,0.0,0.0,0.0,0.0,0.0,0.0,0.5
nfcorpus,bi_encoder_plus_cross_encoder,PLAIN-1909,0.8,1.0,1.0,0.8482378089219645,0.31453177048002645,0.0021598272138228943,0.0064794816414686825,0.01079913606911447,0.017278617710583154,0.03023758099352052,0.06911447084233262,0.09935205183585313
nfcorpus,bi_encoder_plus_cross_encoder,PLAIN-1919,0.6,1.0,1.0,0.7273298443105218,0.2935094007419983,0.037037037037037035,0.1111111111111111,0.18518518518518517,0.2222222222222222,0.25925925925925924,0.4074074074074074,0.5185185185185185
nfcorpus,bi_encoder_plus_cross_encoder,PLAIN-1929,0.1,1.0,1.0,0.22009176629808017,0.12188068451226346,0.1,0.1,0.1,0.1,0.1,0.2,0.5
nfcorpus,bi_encoder_plus_cross_encoder,PLAIN-1940,0.2,1.0,1.0,0.3589542101716347,0.16666666666666666,0.08333333333333333,0.16666666666666666,0.16666666666666666,0.16666666666666666,0.16666666666666666,0.16666666666666666,0.16666666666666666
nfcorpus,bi_encoder_plus_cross_encoder,PLAIN-1950,0.3,1.0,0.5,0.31516255047698366,0.11538461538461536,0.0,0.15384615384615385,0.15384615384615385,0.23076923076923078,0.23076923076923078,0.23076923076923078,0.23076923076923078
nfcorpus,bi_encoder_plus_cross_encoder,PLAIN-196,0.3,1.0,1.0,0.4690000933206748,0.044370122630992194,0.014492753623188406,0.043478260869565216,0.043478260869565216,0.043478260869565216,0.043478260869565216,0.043478260869565216,0.057971014492753624
nfcorpus,bi_encoder_plus_cross_encoder,PLAIN-1962,0.0,0.0,0.0,0.0,0.0,0.0,0.0,0.0,0.0,0.0,0.0,0.0
nfcorpus,bi_encoder_plus_cross_encoder,PLAIN-1972,0.0,0.0,0.0,0.0,0.017355371900826446,0.0,0.0,0.0,0.0,0.18181818181818182,0.18181818181818182,0.18181818181818182
nfcorpus,bi_encoder_plus_cross_encoder,PLAIN-1983,1.0,1.0,1.0,1.0,0.46627173136461064,0.03125,0.09375,0.15625,0.3125,0.46875,0.46875,0.5
nfcorpus,bi_encoder_plus_cross_encoder,PLAIN-1995,0.0,0.0,0.0,0.0,0.006429054816151591,0.0,0.0,0.0,0.0,0.0,0.09090909090909091,0.18181818181818182
nfcorpus,bi_encoder_plus_cross_encoder,PLAIN-2,0.6,1.0,1.0,0.7603854800194173,0.3720921067544631,0.041666666666666664,0.125,0.16666666666666666,0.25,0.3333333333333333,0.5,0.625
nfcorpus,bi_encoder_plus_cross_encoder,PLAIN-2009,0.1,1.0,0.25,0.1089364926177559,0.05085817582318142,0.0,0.0,0.125,0.125,0.125,0.375,0.5
nfcorpus,bi_encoder_plus_cross_encoder,PLAIN-2019,0.0,0.0,0.0,0.0,0.0,0.0,0.0,0.0,0.0,0.0,0.0,0.0
nfcorpus,bi_encoder_plus_cross_encoder,PLAIN-2030,0.1,1.0,1.0,0.3026024134988135,0.16666666666666666,0.16666666666666666,0.16666666666666666,0.16666666666666666,0.16666666666666666,0.16666666666666666,0.16666666666666666,0.16666666666666666
nfcorpus,bi_encoder_plus_cross_encoder,PLAIN-2040,0.4,1.0,1.0,0.5473983622993501,0.08748450930559254,0.007575757575757576,0.022727272727272728,0.022727272727272728,0.030303030303030304,0.03787878787878788,0.11363636363636363,0.17424242424242425
nfcorpus,bi_encoder_plus_cross_encoder,PLAIN-2051,0.6,1.0,1.0,0.6906478832608418,0.20156331045831272,0.0028169014084507044,0.005633802816901409,0.011267605633802818,0.016901408450704224,0.03380281690140845,0.07323943661971831,0.09577464788732394
nfcorpus,bi_encoder_plus_cross_encoder,PLAIN-2061,0.9,1.0,1.0,0.8899541168509599,0.5562527460555926,0.0024390243902439024,0.004878048780487805,0.00975609756097561,0.02195121951219512,0.046341463414634146,0.1073170731707317,0.15609756097560976
nfcorpus,bi_encoder_plus_cross_encoder,PLAIN-207,0.6,1.0,1.0,0.7151857987862356,0.16366821052196676,0.01818181818181818,0.05454545454545454,0.09090909090909091,0.10909090909090909,0.14545454545454545,0.23636363636363636,0.2909090909090909
nfcorpus,bi_encoder_plus_cross_encoder,PLAIN-2071,0.4,1.0,1.0,0.5173633627401372,0.18012720079048278,0.022222222222222223,0.044444444444444446,0.06666666666666667,0.08888888888888889,0.17777777777777778,0.28888888888888886,0.4666666666666667
nfcorpus,bi_encoder_plus_cross_encoder,PLAIN-2081,0.1,1.0,1.0,1.0,1.0,1.0,1.0,1.0,1.0,1.0,1.0,1.0
nfcorpus,bi_encoder_plus_cross_encoder,PLAIN-2092,0.5,1.0,1.0,0.6489315753318465,0.5,0.1,0.3,0.5,0.5,0.5,0.5,0.5
nfcorpus,bi_encoder_plus_cross_encoder,PLAIN-2102,0.8,1.0,1.0,0.8357804136936718,0.4225131529090747,0.0023752969121140144,0.007125890736342043,0.009501187648456057,0.019002375296912115,0.035629453681710214,0.07838479809976247,0.1377672209026128
nfcorpus,bi_encoder_plus_cross_encoder,PLAIN-2113,0.0,0.0,0.0,0.0,0.0,0.0,0.0,0.0,0.0,0.0,0.0,0.0
nfcorpus,bi_encoder_plus_cross_encoder,PLAIN-2124,0.6,1.0,1.0,0.6683063269107928,0.391229032405503,0.058823529411764705,0.17647058823529413,0.17647058823529413,0.35294117647058826,0.5294117647058824,0.5294117647058824,0.5294117647058824
nfcorpus,bi_encoder_plus_cross_encoder,PLAIN-2134,0.0,0.0,0.0,0.0,0.0,0.0,0.0,0.0,0.0,0.0,0.0,0.0
nfcorpus,bi_encoder_plus_cross_encoder,PLAIN-2145,0.1,1.0,0.5,0.14829723057014912,0.057894736842105256,0.0,0.1111111111111111,0.1111111111111111,0.1111111111111111,0.1111111111111111,0.1111111111111111,0.2222222222222222
nfcorpus,bi_encoder_plus_cross_encoder,PLAIN-2156,0.3,1.0,1.0,0.644824486427155,0.5697635697635698,0.16666666666666666,0.5,0.5,0.5,0.6666666666666666,0.6666666666666666,0.8333333333333334
nfcorpus,bi_encoder_plus_cross_encoder,PLAIN-2167,0.0,0.0,0.0,0.0,0.0,0.0,0.0,0.0,0.0,0.0,0.0,0.0
nfcorpus,bi_encoder_plus_cross_encoder,PLAIN-217,0.0,0.0,0.0,0.0,0.030413418714406268,0.0,0.0,0.0,0.0,0.027777777777777776,0.1111111111111111,0.3055555555555556
nfcorpus,bi_encoder_plus_cross_encoder,PLAIN-2177,0.5,1.0,0.5,0.4982710309705437,0.13923611111111112,0.0,0.08333333333333333,0.16666666666666666,0.20833333333333334,0.20833333333333334,0.20833333333333334,0.20833333333333334
nfcorpus,bi_encoder_plus_cross_encoder,PLAIN-2187,0.2,1.0,1.0,0.3833427799846345,0.2611319088124444,0.1111111111111111,0.2222222222222222,0.2222222222222222,0.2222222222222222,0.2222222222222222,0.2222222222222222,0.7777777777777778
nfcorpus,bi_encoder_plus_cross_encoder,PLAIN-2197,0.9,1.0,1.0,0.9216017310213246,0.2020060186352373,0.017241379310344827,0.05172413793103448,0.08620689655172414,0.15517241379310345,0.1896551724137931,0.25862068965517243,0.27586206896551724
nfcorpus,bi_encoder_plus_cross_encoder,PLAIN-2209,0.0,0.0,0.0,0.0,0.0,0.0,0.0,0.0,0.0,0.0,0.0,0.0
nfcorpus,bi_encoder_plus_cross_encoder,PLAIN-2220,0.2,1.0,1.0,0.3833427799846345,0.22962962962962966,0.1111111111111111,0.2222222222222222,0.2222222222222222,0.2222222222222222,0.2222222222222222,0.3333333333333333,0.3333333333333333
nfcorpus,bi_encoder_plus_cross_encoder,PLAIN-2230,0.0,0.0,0.0,0.0,0.0,0.0,0.0,0.0,0.0,0.0,0.0,0.0
nfcorpus,bi_encoder_plus_cross_encoder,PLAIN-2240,0.3,1.0,1.0,0.4690000933206748,0.2727272727272727,0.09090909090909091,0.2727272727272727,0.2727272727272727,0.2727272727272727,0.2727272727272727,0.2727272727272727,0.2727272727272727
nfcorpus,bi_encoder_plus_cross_encoder,PLAIN-2250,0.0,0.0,0.0,0.0,0.019961427193828353,0.0,0.0,0.0,0.0,0.0,0.0,1.0
nfcorpus,bi_encoder_plus_cross_encoder,PLAIN-2261,0.6,1.0,1.0,0.7183627972686238,0.1182225425646478,0.016666666666666666,0.05,0.08333333333333333,0.1,0.13333333333333333,0.15,0.16666666666666666
nfcorpus,bi_encoder_plus_cross_encoder,PLAIN-227,0.0,0.0,0.0,0.0,0.0,0.0,0.0,0.0,0.0,0.0,0.0,0.0
nfcorpus,bi_encoder_plus_cross_encoder,PLAIN-2271,0.0,0.0,0.0,0.0,0.002702702702702703,0.0,0.0,0.0,0.0,0.0,0.1,0.1
nfcorpus,bi_encoder_plus_cross_encoder,PLAIN-2281,0.0,0.0,0.0,0.0,0.0,0.0,0.0,0.0,0.0,0.0,0.0,0.0
nfcorpus,bi_encoder_plus_cross_encoder,PLAIN-2291,0.0,0.0,0.0,0.0,0.006896551724137931,0.0,0.0,0.0,0.0,0.0,0.2,0.2
nfcorpus,bi_encoder_plus_cross_encoder,PLAIN-23,0.4,1.0,0.3333333333333333,0.31443200585999853,0.0334081475041469,0.0,0.011111111111111112,0.03333333333333333,0.044444444444444446,0.05555555555555555,0.07777777777777778,0.1
nfcorpus,bi_encoder_plus_cross_encoder,PLAIN-2301,0.0,0.0,0.0,0.0,0.058897784962676066,0.0,0.0,0.0,0.0,0.15384615384615385,0.3076923076923077,0.6153846153846154
nfcorpus,bi_encoder_plus_cross_encoder,PLAIN-2311,0.0,0.0,0.0,0.0,0.0,0.0,0.0,0.0,0.0,0.0,0.0,0.0
nfcorpus,bi_encoder_plus_cross_encoder,PLAIN-2321,0.0,0.0,0.0,0.0,0.0024390243902439024,0.0,0.0,0.0,0.0,0.0,0.0,0.2
nfcorpus,bi_encoder_plus_cross_encoder,PLAIN-2332,0.4,1.0,1.0,0.4382868940754301,0.16952022414736165,0.010309278350515464,0.010309278350515464,0.020618556701030927,0.041237113402061855,0.10309278350515463,0.26804123711340205,0.3402061855670103
nfcorpus,bi_encoder_plus_cross_encoder,PLAIN-2343,0.0,0.0,0.0,0.0,0.0,0.0,0.0,0.0,0.0,0.0,0.0,0.0
nfcorpus,bi_encoder_plus_cross_encoder,PLAIN-2354,0.2,1.0,1.0,0.5531464700081437,0.4,0.2,0.4,0.4,0.4,0.4,0.4,0.4
nfcorpus,bi_encoder_plus_cross_encoder,PLAIN-2364,0.0,0.0,0.0,0.0,0.0,0.0,0.0,0.0,0.0,0.0,0.0,0.0
nfcorpus,bi_encoder_plus_cross_encoder,PLAIN-2375,0.0,0.0,0.0,0.0,0.00684931506849315,0.0,0.0,0.0,0.0,0.0,0.0,0.5
nfcorpus,bi_encoder_plus_cross_encoder,PLAIN-238,0.1,1.0,0.5,0.13886244387355454,0.009670781893004117,0.0,0.018518518518518517,0.018518518518518517,0.018518518518518517,0.018518518518518517,0.018518518518518517,0.037037037037037035
nfcorpus,bi_encoder_plus_cross_encoder,PLAIN-2386,0.3,1.0,0.5,0.2687374555268953,0.0814820821957307,0.0,0.05263157894736842,0.05263157894736842,0.15789473684210525,0.21052631578947367,0.21052631578947367,0.3684210526315789
nfcorpus,bi_encoder_plus_cross_encoder,PLAIN-2396,0.0,0.0,0.0,0.0,0.0,0.0,0.0,0.0,0.0,0.0,0.0,0.0
nfcorpus,bi_encoder_plus_cross_encoder,PLAIN-2408,0.0,0.0,0.0,0.0,0.009728506787330317,0.0,0.0,0.0,0.0,0.0,0.0,0.4
nfcorpus,bi_encoder_plus_cross_encoder,PLAIN-2430,0.4,1.0,1.0,0.5199967979955745,0.1674463248312012,0.021739130434782608,0.043478260869565216,0.06521739130434782,0.08695652173913043,0.15217391304347827,0.2826086956521739,0.41304347826086957
nfcorpus,bi_encoder_plus_cross_encoder,PLAIN-2440,0.0,0.0,0.0,0.0,0.0,0.0,0.0,0.0,0.0,0.0,0.0,0.0
nfcorpus,bi_encoder_plus_cross_encoder,PLAIN-2450,0.3,1.0,0.5,0.3070147303424654,0.06425194745628182,0.0,0.02631578947368421,0.05263157894736842,0.07894736842105263,0.10526315789473684,0.18421052631578946,0.21052631578947367
nfcorpus,bi_encoder_plus_cross_encoder,PLAIN-2460,0.0,0.0,0.0,0.0,0.06277938006917724,0.0,0.0,0.0,0.0,0.06451612903225806,0.16129032258064516,0.45161290322580644
nfcorpus,bi_encoder_plus_cross_encoder,PLAIN-2470,0.4,1.0,1.0,0.6294416796959477,0.14655512819962618,0.0136986301369863,0.0273972602739726,0.0547945205479452,0.0547945205479452,0.1232876712328767,0.2054794520547945,0.3287671232876712
nfcorpus,bi_encoder_plus_cross_encoder,PLAIN-248,0.3,1.0,0.5,0.2758471541718663,0.08230559303567253,0.0,0.03225806451612903,0.03225806451612903,0.0967741935483871,0.16129032258064516,0.25806451612903225,0.3225806451612903
nfcorpus,bi_encoder_plus_cross_encoder,PLAIN-2480,0.4,1.0,1.0,0.3508133043203531,0.20359901512918757,0.05555555555555555,0.05555555555555555,0.1111111111111111,0.2222222222222222,0.3333333333333333,0.4444444444444444,0.6111111111111112
nfcorpus,bi_encoder_plus_cross_encoder,PLAIN-2490,0.1,1.0,0.5,0.06043112003142869,0.04214577692838562,0.0,0.043478260869565216,0.043478260869565216,0.043478260869565216,0.08695652173913043,0.21739130434782608,0.21739130434782608
nfcorpus,bi_encoder_plus_cross_encoder,PLAIN-2500,0.0,0.0,0.0,0.0,0.07030417182547001,0.0,0.0,0.0,0.0,0.2857142857142857,0.5714285714285714,0.7142857142857143
nfcorpus,bi_encoder_plus_cross_encoder,PLAIN-2510,0.8,1.0,1.0,0.7453597752277842,0.37223832141792457,0.021739130434782608,0.043478260869565216,0.08695652173913043,0.17391304347826086,0.2391304347826087,0.45652173913043476,0.6304347826086957
nfcorpus,bi_encoder_plus_cross_encoder,PLAIN-2520,0.2,1.0,0.3333333333333333,0.0578888904493306,0.016094407875229793,0.0,0.0136986301369863,0.0136986301369863,0.0273972602739726,0.0547945205479452,0.0684931506849315,0.0684931506849315
nfcorpus,bi_encoder_plus_cross_encoder,PLAIN-2530,1.0,1.0,1.0,0.9069212362975007,0.22473441391652005,0.013888888888888888,0.041666666666666664,0.06944444444444445,0.1388888888888889,0.20833333333333334,0.2361111111111111,0.2638888888888889
nfcorpus,bi_encoder_plus_cross_encoder,PLAIN-2540,0.2,1.0,0.5,0.22162639666736197,0.1849159290441263,0.0,0.047619047619047616,0.047619047619047616,0.09523809523809523,0.23809523809523808,0.5238095238095238,0.7142857142857143
nfcorpus,bi_encoder_plus_cross_encoder,PLAIN-2550,0.1,1.0,0.14285714285714285,0.08966284300766812,0.020132720962186053,0.0,0.0,0.0,0.04,0.08,0.12,0.24
nfcorpus,bi_encoder_plus_cross_encoder,PLAIN-2560,0.8,1.0,1.0,0.8701249883466592,0.4839811528476125,0.047619047619047616,0.14285714285714285,0.23809523809523808,0.38095238095238093,0.47619047619047616,0.5714285714285714,0.5714285714285714
nfcorpus,bi_encoder_plus_cross_encoder,PLAIN-2570,0.1,1.0,0.5,0.1601404351965604,0.038403550461305246,0.0,0.025,0.025,0.025,0.05,0.175,0.225
nfcorpus,bi_encoder_plus_cross_encoder,PLAIN-2580,0.2,1.0,1.0,0.41235173674195585,0.08827404479578392,0.043478260869565216,0.08695652173913043,0.08695652173913043,0.08695652173913043,0.08695652173913043,0.08695652173913043,0.13043478260869565
nfcorpus,bi_encoder_plus_cross_encoder,PLAIN-259,0.2,1.0,1.0,0.3589542101716347,0.14285714285714285,0.07142857142857142,0.14285714285714285,0.14285714285714285,0.14285714285714285,0.14285714285714285,0.14285714285714285,0.14285714285714285
nfcorpus,bi_encoder_plus_cross_encoder,PLAIN-2590,0.1,1.0,0.2,0.029638105641636818,0.014739393591644702,0.0,0.0,0.015873015873015872,0.015873015873015872,0.031746031746031744,0.07936507936507936,0.1111111111111111
nfcorpus,bi_encoder_plus_cross_encoder,PLAIN-2600,0.3,1.0,1.0,0.5991689570583909,0.27359649122807017,0.1,0.2,0.3,0.3,0.4,0.4,0.5
nfcorpus,bi_encoder_plus_cross_encoder,PLAIN-2610,0.3,1.0,0.3333333333333333,0.26855292289002114,0.05830202325516765,0.0,0.01639344262295082,0.03278688524590164,0.04918032786885246,0.06557377049180328,0.11475409836065574,0.26229508196721313
nfcorpus,bi_encoder_plus_cross_encoder,PLAIN-2620,0.2,1.0,0.16666666666666666,0.14465249243306438,0.036828279239899946,0.0,0.0,0.0,0.03636363636363636,0.09090909090909091,0.14545454545454545,0.2
nfcorpus,bi_encoder_plus_cross_encoder,PLAIN-2630,0.7,1.0,1.0,0.7082234372527498,0.1842205116161066,0.020833333333333332,0.0625,0.0625,0.14583333333333334,0.20833333333333334,0.25,0.2916666666666667
nfcorpus,bi_encoder_plus_cross_encoder,PLAIN-2640,1.0,1.0,1.0,0.5107640114919197,0.39460431921262223,0.020833333333333332,0.0625,0.10416666666666667,0.20833333333333334,0.2708333333333333,0.375,0.6041666666666666
nfcorpus,bi_encoder_plus_cross_encoder,PLAIN-2650,0.3,1.0,1.0,0.3963918729015093,0.13454202215953284,0.034482758620689655,0.06896551724137931,0.06896551724137931,0.10344827586206896,0.1724137931034483,0.3793103448275862,0.3793103448275862
nfcorpus,bi_encoder_plus_cross_encoder,PLAIN-2660,0.3,1.0,1.0,0.4035015715464803,0.14625662058424166,0.037037037037037035,0.07407407407407407,0.07407407407407407,0.1111111111111111,0.14814814814814814,0.3333333333333333,0.48148148148148145
nfcorpus,bi_encoder_plus_cross_encoder,PLAIN-2670,0.1,1.0,1.0,0.3406992958233561,0.03299319727891156,0.02857142857142857,0.02857142857142857,0.02857142857142857,0.02857142857142857,0.02857142857142857,0.08571428571428572,0.08571428571428572
nfcorpus,bi_encoder_plus_cross_encoder,PLAIN-2680,0.3,1.0,1.0,0.5075417611009457,0.19049422799422797,0.07142857142857142,0.14285714285714285,0.21428571428571427,0.21428571428571427,0.21428571428571427,0.42857142857142855,0.42857142857142855
nfcorpus,bi_encoder_plus_cross_encoder,PLAIN-2690,0.3,1.0,1.0,0.36116761195881586,0.12007517782396908,0.023255813953488372,0.046511627906976744,0.06976744186046512,0.06976744186046512,0.11627906976744186,0.20930232558139536,0.3488372093023256
nfcorpus,bi_encoder_plus_cross_encoder,PLAIN-270,0.2,1.0,1.0,0.2984900352767555,0.03814978324805465,0.019230769230769232,0.019230769230769232,0.019230769230769232,0.038461538461538464,0.038461538461538464,0.07692307692307693,0.17307692307692307
nfcorpus,bi_encoder_plus_cross_encoder,PLAIN-2700,0.2,1.0,1.0,0.4432600033677825,0.17804999679102979,0.1,0.1,0.1,0.2,0.3,0.3,0.7
nfcorpus,bi_encoder_plus_cross_encoder,PLAIN-2710,0.5,1.0,1.0,0.6812457182571506,0.21804511278195488,0.047619047619047616,0.14285714285714285,0.19047619047619047,0.23809523809523808,0.23809523809523808,0.23809523809523808,0.2857142857142857
nfcorpus,bi_encoder_plus_cross_encoder,PLAIN-2720,0.3,1.0,0.5,0.2295005952099824,0.06342592592592593,0.0,0.027777777777777776,0.027777777777777776,0.08333333333333333,0.16666666666666666,0.19444444444444445,0.19444444444444445
nfcorpus,bi_encoder_plus_cross_encoder,PLAIN-2730,0.6,1.0,0.5,0.5972101761718264,0.17283564878495639,0.0,0.06896551724137931,0.10344827586206896,0.20689655172413793,0.2413793103448276,0.27586206896551724,0.41379310344827586
nfcorpus,bi_encoder_plus_cross_encoder,PLAIN-2740,0.5,1.0,1.0,0.6697545620598498,0.11078007518355949,0.02,0.04,0.06,0.1,0.14,0.18,0.26
nfcorpus,bi_encoder_plus_cross_encoder,PLAIN-2750,0.8,1.0,1.0,0.600660731418093,0.2606757915791778,0.01694915254237288,0.05084745762711865,0.06779661016949153,0.13559322033898305,0.23728813559322035,0.288135593220339,0.4067796610169492
nfcorpus,bi_encoder_plus_cross_encoder,PLAIN-2760,0.0,0.0,0.0,0.0,0.0049743892828999214,0.0,0.0,0.0,0.0,0.0,0.0,0.25
nfcorpus,bi_encoder_plus_cross_encoder,PLAIN-2770,0.3,1.0,1.0,0.33062240086939304,0.20730899433327163,0.024390243902439025,0.024390243902439025,0.024390243902439025,0.07317073170731707,0.21951219512195122,0.3902439024390244,0.5365853658536586
nfcorpus,bi_encoder_plus_cross_encoder,PLAIN-2780,0.5,1.0,1.0,0.4423923606997228,0.31663208625588296,0.045454545454545456,0.13636363636363635,0.18181818181818182,0.22727272727272727,0.3181818181818182,0.45454545454545453,0.5909090909090909
nfcorpus,bi_encoder_plus_cross_encoder,PLAIN-2790,0.4,1.0,1.0,0.5541432109622958,0.08585370659718286,0.01694915254237288,0.05084745762711865,0.06779661016949153,0.06779661016949153,0.0847457627118644,0.1016949152542373,0.1864406779661017
nfcorpus,bi_encoder_plus_cross_encoder,PLAIN-280,0.3,1.0,1.0,0.3963918729015093,0.17459421804249387,0.05,0.1,0.1,0.15,0.3,0.4,0.45
nfcorpus,bi_encoder_plus_cross_encoder,PLAIN-2800,0.1,1.0,0.125,0.10747866137789958,0.014142552182163188,0.0,0.0,0.0,0.041666666666666664,0.08333333333333333,0.125,0.125
nfcorpus,bi_encoder_plus_cross_encoder,PLAIN-2810,0.0,0.0,0.0,0.0,0.02609848484848485,0.0,0.0,0.0,0.0,0.0,0.375,0.375
nfcorpus,bi_encoder_plus_cross_encoder,PLAIN-2820,0.0,0.0,0.0,0.0,0.010255417956656347,0.0,0.0,0.0,0.0,0.0,0.25,0.25
nfcorpus,bi_encoder_plus_cross_encoder,PLAIN-2830,0.1,1.0,0.25,0.3127697035039474,0.1296078431372549,0.0,0.0,0.3333333333333333,0.3333333333333333,0.3333333333333333,0.6666666666666666,1.0
nfcorpus,bi_encoder_plus_cross_encoder,PLAIN-2840,0.0,0.0,0.0,0.0,0.0013071895424836603,0.0,0.0,0.0,0.0,0.0,0.058823529411764705,0.058823529411764705
nfcorpus,bi_encoder_plus_cross_encoder,PLAIN-2850,0.1,1.0,0.1,0.04621713645665386,0.02,0.0,0.0,0.0,0.1111111111111111,0.1111111111111111,0.2222222222222222,0.2222222222222222
nfcorpus,bi_encoder_plus_cross_encoder,PLAIN-2860,0.2,1.0,1.0,1.0,1.0,0.5,1.0,1.0,1.0,1.0,1.0,1.0
nfcorpus,bi_encoder_plus_cross_encoder,PLAIN-2870,0.1,1.0,0.3333333333333333,0.10104155414609708,0.06666666666666667,0.0,0.2,0.2,0.2,0.2,0.2,0.2
nfcorpus,bi_encoder_plus_cross_encoder,PLAIN-2880,0.1,1.0,0.1111111111111111,0.03418690251480878,0.009405388171528773,0.0,0.0,0.0,0.058823529411764705,0.058823529411764705,0.11764705882352941,0.11764705882352941
nfcorpus,bi_encoder_plus_cross_encoder,PLAIN-2890,0.1,1.0,0.16666666666666666,0.16330891279672521,0.005747126436781609,0.0,0.0,0.0,0.034482758620689655,0.034482758620689655,0.034482758620689655,0.034482758620689655
nfcorpus,bi_encoder_plus_cross_encoder,PLAIN-2900,0.0,0.0,0.0,0.0,0.008627450980392156,0.0,0.0,0.0,0.0,0.08333333333333333,0.08333333333333333,0.25
nfcorpus,bi_encoder_plus_cross_encoder,PLAIN-291,0.2,1.0,1.0,0.3589542101716347,0.19609098143799564,0.07692307692307693,0.15384615384615385,0.15384615384615385,0.15384615384615385,0.23076923076923078,0.38461538461538464,0.46153846153846156
nfcorpus,bi_encoder_plus_cross_encoder,PLAIN-2910,0.1,1.0,0.5,0.242496821534539,0.03333333333333333,0.0,0.06666666666666667,0.06666666666666667,0.06666666666666667,0.06666666666666667,0.06666666666666667,0.06666666666666667
nfcorpus,bi_encoder_plus_cross_encoder,PLAIN-2920,0.0,0.0,0.0,0.0,0.0,0.0,0.0,0.0,0.0,0.0,0.0,0.0
nfcorpus,bi_encoder_plus_cross_encoder,PLAIN-2930,0.1,1.0,1.0,0.4584660801557625,0.09230553759965524,0.07142857142857142,0.07142857142857142,0.07142857142857142,0.07142857142857142,0.14285714285714285,0.21428571428571427,0.2857142857142857
nfcorpus,bi_encoder_plus_cross_encoder,PLAIN-2940,0.0,0.0,0.0,0.0,0.01243216553561381,0.0,0.0,0.0,0.0,0.0,0.18181818181818182,0.18181818181818182
nfcorpus,bi_encoder_plus_cross_encoder,PLAIN-2950,0.0,0.0,0.0,0.0,0.041666666666666664,0.0,0.0,0.0,0.0,0.5,0.5,0.5
nfcorpus,bi_encoder_plus_cross_encoder,PLAIN-2960,0.1,1.0,0.25,0.35583989829307827,0.125,0.0,0.0,0.5,0.5,0.5,0.5,0.5
nfcorpus,bi_encoder_plus_cross_encoder,PLAIN-2970,0.1,1.0,1.0,0.47965506954306864,0.15841750841750843,0.1111111111111111,0.1111111111111111,0.1111111111111111,0.1111111111111111,0.2222222222222222,0.3333333333333333,0.6666666666666666
nfcorpus,bi_encoder_plus_cross_encoder,PLAIN-2981,0.1,1.0,1.0,0.5321036168710065,0.14285714285714285,0.14285714285714285,0.14285714285714285,0.14285714285714285,0.14285714285714285,0.14285714285714285,0.14285714285714285,0.14285714285714285
nfcorpus,bi_encoder_plus_cross_encoder,PLAIN-2991,0.1,1.0,0.5,0.3868528072345416,0.25,0.0,0.5,0.5,0.5,0.5,0.5,0.5
nfcorpus,bi_encoder_plus_cross_encoder,PLAIN-3001,0.1,1.0,0.5,0.3868528072345416,0.25,0.0,0.5,0.5,0.5,0.5,0.5,0.5
nfcorpus,bi_encoder_plus_cross_encoder,PLAIN-3014,0.0,0.0,0.0,0.0,0.0,0.0,0.0,0.0,0.0,0.0,0.0,0.0
nfcorpus,bi_encoder_plus_cross_encoder,PLAIN-3026,0.1,1.0,1.0,1.0,1.0,1.0,1.0,1.0,1.0,1.0,1.0,1.0
nfcorpus,bi_encoder_plus_cross_encoder,PLAIN-3037,0.0,0.0,0.0,0.0,0.054945054945054944,0.0,0.0,0.0,0.0,0.5,0.5,0.5
nfcorpus,bi_encoder_plus_cross_encoder,PLAIN-3053,0.2,1.0,1.0,0.7653606369886218,0.6666666666666666,0.3333333333333333,0.6666666666666666,0.6666666666666666,0.6666666666666666,0.6666666666666666,0.6666666666666666,0.6666666666666666
nfcorpus,bi_encoder_plus_cross_encoder,PLAIN-3063,0.1,1.0,0.25,0.16812753627111746,0.07211538461538461,0.0,0.0,0.25,0.25,0.25,0.25,0.5
nfcorpus,bi_encoder_plus_cross_encoder,PLAIN-307,0.3,1.0,1.0,1.0,1.0,0.3333333333333333,1.0,1.0,1.0,1.0,1.0,1.0
nfcorpus,bi_encoder_plus_cross_encoder,PLAIN-3074,0.1,1.0,1.0,1.0,1.0,1.0,1.0,1.0,1.0,1.0,1.0,1.0
nfcorpus,bi_encoder_plus_cross_encoder,PLAIN-3085,0.1,1.0,0.2,0.23719771276929622,0.17692307692307693,0.0,0.0,0.5,0.5,1.0,1.0,1.0
nfcorpus,bi_encoder_plus_cross_encoder,PLAIN-3097,0.1,1.0,1.0,0.515157140670655,0.27941176470588236,0.25,0.25,0.25,0.25,0.5,0.5,0.5
nfcorpus,bi_encoder_plus_cross_encoder,PLAIN-3116,0.0,0.0,0.0,0.0,0.0,0.0,0.0,0.0,0.0,0.0,0.0,0.0
nfcorpus,bi_encoder_plus_cross_encoder,PLAIN-3131,0.2,1.0,0.5,0.31623354228992673,0.19444444444444442,0.0,0.3333333333333333,0.3333333333333333,0.3333333333333333,0.3333333333333333,0.3333333333333333,0.3333333333333333
nfcorpus,bi_encoder_plus_cross_encoder,PLAIN-3141,0.0,0.0,0.0,0.0,0.00891448533436363,0.0,0.0,0.0,0.0,0.029411764705882353,0.11764705882352941,0.11764705882352941
nfcorpus,bi_encoder_plus_cross_encoder,PLAIN-3151,0.7,1.0,0.3333333333333333,0.5232609350450043,0.3336834461834462,0.0,0.05555555555555555,0.1111111111111111,0.3888888888888889,0.5,0.6111111111111112,0.6111111111111112
nfcorpus,bi_encoder_plus_cross_encoder,PLAIN-3161,0.3,1.0,1.0,0.5589063984617948,0.1138663266144507,0.023255813953488372,0.023255813953488372,0.023255813953488372,0.06976744186046512,0.13953488372093023,0.23255813953488372,0.32558139534883723
nfcorpus,bi_encoder_plus_cross_encoder,PLAIN-3171,0.0,0.0,0.0,0.0,0.004351604278074866,0.0,0.0,0.0,0.0,0.029411764705882353,0.058823529411764705,0.08823529411764706
nfcorpus,bi_encoder_plus_cross_encoder,PLAIN-3181,0.0,0.0,0.0,0.0,0.004349609739204561,0.0,0.0,0.0,0.0,0.0,0.07407407407407407,0.1111111111111111
nfcorpus,bi_encoder_plus_cross_encoder,PLAIN-3191,0.4,1.0,1.0,0.4853900383764656,0.1578125,0.0625,0.125,0.125,0.25,0.25,0.3125,0.3125
nfcorpus,bi_encoder_plus_cross_encoder,PLAIN-320,0.0,0.0,0.0,0.0,0.01487982368177286,0.0,0.0,0.0,0.0,0.023809523809523808,0.09523809523809523,0.19047619047619047
nfcorpus,bi_encoder_plus_cross_encoder,PLAIN-3201,0.1,1.0,1.0,0.4584660801557625,0.035670230263157895,0.03125,0.03125,0.03125,0.03125,0.03125,0.09375,0.09375
nfcorpus,bi_encoder_plus_cross_encoder,PLAIN-3211,0.0,0.0,0.0,0.0,0.0,0.0,0.0,0.0,0.0,0.0,0.0,0.0
nfcorpus,bi_encoder_plus_cross_encoder,PLAIN-3221,0.0,0.0,0.0,0.0,0.016814942185007974,0.0,0.0,0.0,0.0,0.08333333333333333,0.16666666666666666,0.16666666666666666
nfcorpus,bi_encoder_plus_cross_encoder,PLAIN-3231,0.1,1.0,0.14285714285714285,0.1385939143935568,0.12535731931112365,0.0,0.0,0.0,0.125,0.375,0.75,0.75
nfcorpus,bi_encoder_plus_cross_encoder,PLAIN-3241,0.1,1.0,1.0,0.4584660801557625,0.03831417624521073,0.034482758620689655,0.034482758620689655,0.034482758620689655,0.034482758620689655,0.06896551724137931,0.06896551724137931,0.06896551724137931
nfcorpus,bi_encoder_plus_cross_encoder,PLAIN-3251,0.1,1.0,0.3333333333333333,0.07641101335929376,0.018087855297157625,0.0,0.047619047619047616,0.047619047619047616,0.047619047619047616,0.047619047619047616,0.09523809523809523,0.09523809523809523
nfcorpus,bi_encoder_plus_cross_encoder,PLAIN-3261,0.0,0.0,0.0,0.0,0.0,0.0,0.0,0.0,0.0,0.0,0.0,0.0
nfcorpus,bi_encoder_plus_cross_encoder,PLAIN-3271,0.0,0.0,0.0,0.0,0.015065904964506743,0.0,0.0,0.0,0.0,0.0,0.10204081632653061,0.1836734693877551
nfcorpus,bi_encoder_plus_cross_encoder,PLAIN-3281,0.1,1.0,1.0,0.38434836867631483,0.10041518491122982,0.038461538461538464,0.038461538461538464,0.038461538461538464,0.038461538461538464,0.11538461538461539,0.19230769230769232,0.46153846153846156
nfcorpus,bi_encoder_plus_cross_encoder,PLAIN-3292,0.5,1.0,0.5,0.5256405455640101,0.5490105132962275,0.0,0.2857142857142857,0.42857142857142855,0.7142857142857143,0.8571428571428571,0.8571428571428571,0.8571428571428571
nfcorpus,bi_encoder_plus_cross_encoder,PLAIN-33,0.4,1.0,1.0,0.5170635082772421,0.12369791666666666,0.03125,0.09375,0.09375,0.125,0.125,0.1875,0.1875
nfcorpus,bi_encoder_plus_cross_encoder,PLAIN-3302,0.0,0.0,0.0,0.0,0.039653146634256314,0.0,0.0,0.0,0.0,0.02702702702702703,0.16216216216216217,0.35135135135135137
nfcorpus,bi_encoder_plus_cross_encoder,PLAIN-3312,0.5,1.0,0.5,0.3536234424168534,0.40184898637319066,0.0,0.15384615384615385,0.23076923076923078,0.38461538461538464,0.5384615384615384,0.6923076923076923,0.9230769230769231
nfcorpus,bi_encoder_plus_cross_encoder,PLAIN-332,0.1,1.0,1.0,0.6131471927654584,0.5,0.5,0.5,0.5,0.5,0.5,0.5,0.5
nfcorpus,bi_encoder_plus_cross_encoder,PLAIN-3322,0.1,1.0,0.1,0.06362078819895171,0.0180384769615751,0.0,0.0,0.0,0.012658227848101266,0.02531645569620253,0.0759493670886076,0.1518987341772152
nfcorpus,bi_encoder_plus_cross_encoder,PLAIN-3332,0.5,1.0,1.0,0.603411524962637,0.5347146418432172,0.07142857142857142,0.21428571428571427,0.35714285714285715,0.35714285714285715,0.5,0.7857142857142857,0.8571428571428571
nfcorpus,bi_encoder_plus_cross_encoder,PLAIN-3342,0.3,1.0,1.0,0.8072467605676947,0.6095238095238095,0.3333333333333333,0.3333333333333333,0.6666666666666666,1.0,1.0,1.0,1.0
nfcorpus,bi_encoder_plus_cross_encoder,PLAIN-3352,0.0,0.0,0.0,0.0,0.0011148272017837235,0.0,0.0,0.0,0.0,0.0,0.02564102564102564,0.02564102564102564
nfcorpus,bi_encoder_plus_cross_encoder,PLAIN-3362,0.3,1.0,1.0,0.6573548268593186,0.2727272727272727,0.09090909090909091,0.2727272727272727,0.2727272727272727,0.2727272727272727,0.2727272727272727,0.2727272727272727,0.2727272727272727
nfcorpus,bi_encoder_plus_cross_encoder,PLAIN-3372,0.1,1.0,0.1111111111111111,0.13801204212137166,0.009816207184628237,0.0,0.0,0.0,0.07142857142857142,0.07142857142857142,0.07142857142857142,0.14285714285714285
nfcorpus,bi_encoder_plus_cross_encoder,PLAIN-3382,0.5,1.0,1.0,0.4605302499405956,0.3709037963011292,0.07142857142857142,0.14285714285714285,0.21428571428571427,0.35714285714285715,0.42857142857142855,0.5714285714285714,0.6428571428571429
nfcorpus,bi_encoder_plus_cross_encoder,PLAIN-3392,0.0,0.0,0.0,0.0,0.005545650721204005,0.0,0.0,0.0,0.0,0.0,0.08695652173913043,0.13043478260869565
nfcorpus,bi_encoder_plus_cross_encoder,PLAIN-3402,0.1,1.0,0.1111111111111111,0.06625422345438903,0.00967866821525358,0.0,0.0,0.0,0.07142857142857142,0.07142857142857142,0.07142857142857142,0.14285714285714285
nfcorpus,bi_encoder_plus_cross_encoder,PLAIN-3412,0.2,1.0,1.0,0.16853225981452813,0.05758089342513574,0.02040816326530612,0.02040816326530612,0.02040816326530612,0.04081632653061224,0.061224489795918366,0.14285714285714285,0.24489795918367346
nfcorpus,bi_encoder_plus_cross_encoder,PLAIN-3422,0.1,1.0,0.25,0.034591137734059085,0.16638486381811168,0.0,0.0,0.03225806451612903,0.03225806451612903,0.12903225806451613,0.3870967741935484,0.7096774193548387
nfcorpus,bi_encoder_plus_cross_encoder,PLAIN-3432,0.2,1.0,1.0,0.33013764944712026,0.06883929198919711,0.023809523809523808,0.047619047619047616,0.047619047619047616,0.047619047619047616,0.11904761904761904,0.16666666666666666,0.19047619047619047
nfcorpus,bi_encoder_plus_cross_encoder,PLAIN-344,0.2,1.0,1.0,0.19156211825278713,0.03881504528940169,0.01639344262295082,0.01639344262295082,0.01639344262295082,0.03278688524590164,0.04918032786885246,0.09836065573770492,0.16393442622950818
nfcorpus,bi_encoder_plus_cross_encoder,PLAIN-3442,0.1,1.0,0.2,0.040018820013562606,0.007717569786535304,0.0,0.0,0.034482758620689655,0.034482758620689655,0.034482758620689655,0.034482758620689655,0.06896551724137931
nfcorpus,bi_encoder_plus_cross_encoder,PLAIN-3452,0.4,1.0,1.0,0.5844153148080933,0.28875855758995483,0.058823529411764705,0.17647058823529413,0.23529411764705882,0.23529411764705882,0.29411764705882354,0.47058823529411764,0.47058823529411764
nfcorpus,bi_encoder_plus_cross_encoder,PLAIN-3462,0.7,1.0,1.0,0.6929852696575347,0.18559935981260142,0.015625,0.03125,0.046875,0.109375,0.1875,0.265625,0.34375
nfcorpus,bi_encoder_plus_cross_encoder,PLAIN-3472,0.0,0.0,0.0,0.0,0.032404695549207774,0.0,0.0,0.0,0.0,0.058823529411764705,0.17647058823529413,0.47058823529411764
nfcorpus,bi_encoder_plus_cross_encoder,PLAIN-358,0.0,0.0,0.0,0.0,0.0,0.0,0.0,0.0,0.0,0.0,0.0,0.0
nfcorpus,bi_encoder_plus_cross_encoder,PLAIN-371,0.1,1.0,1.0,0.27541155237618664,0.5,0.5,0.5,0.5,0.5,0.5,0.5,0.5
nfcorpus,bi_encoder_plus_cross_encoder,PLAIN-383,0.1,1.0,1.0,0.3391602052736161,0.2,0.2,0.2,0.2,0.2,0.2,0.2,0.2
nfcorpus,bi_encoder_plus_cross_encoder,PLAIN-395,0.0,0.0,0.0,0.0,0.0,0.0,0.0,0.0,0.0,0.0,0.0,0.0
nfcorpus,bi_encoder_plus_cross_encoder,PLAIN-407,0.1,1.0,1.0,0.7262287617954056,0.3333333333333333,0.3333333333333333,0.3333333333333333,0.3333333333333333,0.3333333333333333,0.3333333333333333,0.3333333333333333,0.3333333333333333
nfcorpus,bi_encoder_plus_cross_encoder,PLAIN-418,0.2,1.0,1.0,0.9072836011519267,0.6851851851851851,0.3333333333333333,0.6666666666666666,0.6666666666666666,0.6666666666666666,0.6666666666666666,0.6666666666666666,1.0
nfcorpus,bi_encoder_plus_cross_encoder,PLAIN-430,0.3,1.0,1.0,0.6278760013165627,0.34375,0.125,0.25,0.375,0.375,0.375,0.375,0.375
nfcorpus,bi_encoder_plus_cross_encoder,PLAIN-44,0.2,1.0,0.16666666666666666,0.10969367151940855,0.03915204009291323,0.0,0.0,0.0,0.034482758620689655,0.06896551724137931,0.15517241379310345,0.20689655172413793
nfcorpus,bi_encoder_plus_cross_encoder,PLAIN-441,0.3,1.0,1.0,0.5940984259618409,0.4057142857142857,0.2,0.2,0.2,0.6,0.8,0.8,0.8
nfcorpus,bi_encoder_plus_cross_encoder,PLAIN-457,0.0,0.0,0.0,0.0,0.0,0.0,0.0,0.0,0.0,0.0,0.0,0.0
nfcorpus,bi_encoder_plus_cross_encoder,PLAIN-468,0.2,1.0,0.5,0.3581972092906283,0.08131313131313131,0.0,0.1,0.1,0.2,0.2,0.3,0.3
nfcorpus,bi_encoder_plus_cross_encoder,PLAIN-478,0.0,0.0,0.0,0.0,0.0,0.0,0.0,0.0,0.0,0.0,0.0,0.0
nfcorpus,bi_encoder_plus_cross_encoder,PLAIN-488,0.9,1.0,1.0,0.9305687780632227,0.693862433862434,0.06666666666666667,0.2,0.3333333333333333,0.6,0.7333333333333333,0.7333333333333333,0.7333333333333333
nfcorpus,bi_encoder_plus_cross_encoder,PLAIN-499,0.4,1.0,1.0,0.4412851793128928,0.0665266106442577,0.029411764705882353,0.029411764705882353,0.029411764705882353,0.11764705882352941,0.11764705882352941,0.11764705882352941,0.11764705882352941
nfcorpus,bi_encoder_plus_cross_encoder,PLAIN-510,0.0,0.0,0.0,0.0,0.0033333333333333335,0.0,0.0,0.0,0.0,0.0,0.16666666666666666,0.16666666666666666
nfcorpus,bi_encoder_plus_cross_encoder,PLAIN-520,0.0,0.0,0.0,0.0,0.0,0.0,0.0,0.0,0.0,0.0,0.0,0.0
nfcorpus,bi_encoder_plus_cross_encoder,PLAIN-531,0.6,1.0,0.5,0.5181001594748443,0.1576142082552931,0.0,0.003246753246753247,0.00974025974025974,0.01948051948051948,0.032467532467532464,0.06493506493506493,0.11363636363636363
nfcorpus,bi_encoder_plus_cross_encoder,PLAIN-541,0.2,1.0,1.0,0.4034698846650846,0.2335164835164835,0.16666666666666666,0.16666666666666666,0.16666666666666666,0.3333333333333333,0.3333333333333333,0.5,0.5
nfcorpus,bi_encoder_plus_cross_encoder,PLAIN-551,0.0,0.0,0.0,0.0,0.007042253521126761,0.0,0.0,0.0,0.0,0.0,0.0,0.5
nfcorpus,bi_encoder_plus_cross_encoder,PLAIN-56,0.4,1.0,1.0,0.5880783117308741,0.11594849836357554,0.02,0.06,0.08,0.08,0.1,0.14,0.3
nfcorpus,bi_encoder_plus_cross_encoder,PLAIN-561,0.3,1.0,1.0,0.43231813227099475,0.13817242924385348,0.04,0.08,0.08,0.12,0.16,0.28,0.32
nfcorpus,bi_encoder_plus_cross_encoder,PLAIN-571,0.2,1.0,0.3333333333333333,0.2437748474873753,0.10476190476190476,0.0,0.14285714285714285,0.2857142857142857,0.2857142857142857,0.2857142857142857,0.2857142857142857,0.2857142857142857
nfcorpus,bi_encoder_plus_cross_encoder,PLAIN-583,0.0,0.0,0.0,0.0,0.0013681970203709335,0.0,0.0,0.0,0.0,0.0,0.022727272727272728,0.045454545454545456
nfcorpus,bi_encoder_plus_cross_encoder,PLAIN-593,0.1,1.0,1.0,0.46927872602275644,0.3333333333333333,0.3333333333333333,0.3333333333333333,0.3333333333333333,0.3333333333333333,0.3333333333333333,0.3333333333333333,0.3333333333333333
nfcorpus,bi_encoder_plus_cross_encoder,PLAIN-603,0.0,0.0,0.0,0.0,0.0,0.0,0.0,0.0,0.0,0.0,0.0,0.0
nfcorpus,bi_encoder_plus_cross_encoder,PLAIN-613,0.1,1.0,1.0,0.22009176629808017,0.1,0.1,0.1,0.1,0.1,0.1,0.1,0.1
nfcorpus,bi_encoder_plus_cross_encoder,PLAIN-623,0.3,1.0,0.5,0.3222722491219547,0.06562979351446559,0.0,0.04878048780487805,0.04878048780487805,0.07317073170731707,0.12195121951219512,0.17073170731707318,0.1951219512195122
nfcorpus,bi_encoder_plus_cross_encoder,PLAIN-634,0.2,1.0,1.0,0.33013764944712026,0.08115079365079365,0.047619047619047616,0.09523809523809523,0.09523809523809523,0.09523809523809523,0.09523809523809523,0.09523809523809523,0.14285714285714285
nfcorpus,bi_encoder_plus_cross_encoder,PLAIN-645,0.0,0.0,0.0,0.0,0.0009578544061302681,0.0,0.0,0.0,0.0,0.0,0.034482758620689655,0.034482758620689655
nfcorpus,bi_encoder_plus_cross_encoder,PLAIN-660,1.0,1.0,1.0,1.0,0.3097313809157232,0.002105263157894737,0.00631578947368421,0.010526315789473684,0.021052631578947368,0.037894736842105266,0.056842105263157895,0.0863157894736842
nfcorpus,bi_encoder_plus_cross_encoder,PLAIN-671,0.1,1.0,1.0,1.0,1.0,1.0,1.0,1.0,1.0,1.0,1.0,1.0
nfcorpus,bi_encoder_plus_cross_encoder,PLAIN-68,0.1,1.0,1.0,0.4584660801557625,0.0608877511240203,0.01818181818181818,0.01818181818181818,0.01818181818181818,0.01818181818181818,0.05454545454545454,0.18181818181818182,0.23636363636363636
nfcorpus,bi_encoder_plus_cross_encoder,PLAIN-681,0.1,1.0,1.0,1.0,1.0,1.0,1.0,1.0,1.0,1.0,1.0,1.0
nfcorpus,bi_encoder_plus_cross_encoder,PLAIN-691,0.0,0.0,0.0,0.0,0.0006265664160401002,0.0,0.0,0.0,0.0,0.0,0.0,0.047619047619047616
nfcorpus,bi_encoder_plus_cross_encoder,PLAIN-701,0.4,1.0,1.0,0.647939623894138,0.5,0.125,0.375,0.5,0.5,0.5,0.5,0.5
nfcorpus,bi_encoder_plus_cross_encoder,PLAIN-711,0.2,1.0,1.0,0.3589542101716347,0.06578493928128513,0.017543859649122806,0.03508771929824561,0.03508771929824561,0.03508771929824561,0.08771929824561403,0.15789473684210525,0.19298245614035087
nfcorpus,bi_encoder_plus_cross_encoder,PLAIN-721,1.0,1.0,1.0,1.0,0.6943484341745212,0.04,0.12,0.2,0.4,0.64,0.68,0.76
nfcorpus,bi_encoder_plus_cross_encoder,PLAIN-731,0.8,1.0,1.0,0.8572048559638626,0.25838690814638127,0.018518518518518517,0.05555555555555555,0.09259259259259259,0.14814814814814814,0.18518518518518517,0.37037037037037035,0.4074074074074074
nfcorpus,bi_encoder_plus_cross_encoder,PLAIN-741,0.7,1.0,1.0,0.8006937664098819,0.3684210526315789,0.05263157894736842,0.15789473684210525,0.2631578947368421,0.3684210526315789,0.3684210526315789,0.3684210526315789,0.3684210526315789
nfcorpus,bi_encoder_plus_cross_encoder,PLAIN-751,0.0,0.0,0.0,0.0,0.0,0.0,0.0,0.0,0.0,0.0,0.0,0.0
nfcorpus,bi_encoder_plus_cross_encoder,PLAIN-761,0.1,1.0,1.0,0.3026024134988135,0.1923076923076923,0.16666666666666666,0.16666666666666666,0.16666666666666666,0.16666666666666666,0.3333333333333333,0.3333333333333333,0.3333333333333333
nfcorpus,bi_encoder_plus_cross_encoder,PLAIN-771,0.3,1.0,1.0,1.0,1.0,0.3333333333333333,1.0,1.0,1.0,1.0,1.0,1.0
nfcorpus,bi_encoder_plus_cross_encoder,PLAIN-78,0.2,1.0,1.0,0.2593757093377011,0.042184460116262666,0.016129032258064516,0.03225806451612903,0.03225806451612903,0.03225806451612903,0.03225806451612903,0.08064516129032258,0.12903225806451613
nfcorpus,bi_encoder_plus_cross_encoder,PLAIN-782,0.0,0.0,0.0,0.0,0.0,0.0,0.0,0.0,0.0,0.0,0.0,0.0
nfcorpus,bi_encoder_plus_cross_encoder,PLAIN-792,0.2,1.0,1.0,0.4935232796777482,0.338768115942029,0.16666666666666666,0.3333333333333333,0.3333333333333333,0.3333333333333333,0.3333333333333333,0.3333333333333333,0.5
nfcorpus,bi_encoder_plus_cross_encoder,PLAIN-806,1.0,1.0,1.0,1.0,0.13976928465899052,0.010416666666666666,0.03125,0.052083333333333336,0.10416666666666667,0.125,0.16666666666666666,0.16666666666666666
nfcorpus,bi_encoder_plus_cross_encoder,PLAIN-817,0.0,0.0,0.0,0.0,0.027777777777777776,0.0,0.0,0.0,0.0,0.0,1.0,1.0
nfcorpus,bi_encoder_plus_cross_encoder,PLAIN-827,0.8,1.0,1.0,0.7877736340270853,0.3254787207829645,0.004098360655737705,0.00819672131147541,0.01639344262295082,0.03278688524590164,0.06967213114754098,0.12704918032786885,0.19262295081967212
nfcorpus,bi_encoder_plus_cross_encoder,PLAIN-838,0.6,1.0,1.0,0.7767471075223498,0.6666666666666666,0.1111111111111111,0.3333333333333333,0.5555555555555556,0.6666666666666666,0.6666666666666666,0.6666666666666666,0.6666666666666666
nfcorpus,bi_encoder_plus_cross_encoder,PLAIN-850,0.5,1.0,1.0,0.6489315753318465,0.14760609688864615,0.017543859649122806,0.05263157894736842,0.08771929824561403,0.08771929824561403,0.14035087719298245,0.19298245614035087,0.2982456140350877
nfcorpus,bi_encoder_plus_cross_encoder,PLAIN-872,0.0,0.0,0.0,0.0,0.0,0.0,0.0,0.0,0.0,0.0,0.0,0.0
nfcorpus,bi_encoder_plus_cross_encoder,PLAIN-882,0.4,1.0,1.0,0.5067837010870873,0.32782495464093536,0.06666666666666667,0.13333333333333333,0.13333333333333333,0.26666666666666666,0.4,0.6,0.8
nfcorpus,bi_encoder_plus_cross_encoder,PLAIN-892,0.7,1.0,1.0,0.7967610662472991,0.08729174518987291,0.010869565217391304,0.03260869565217391,0.05434782608695652,0.07608695652173914,0.08695652173913043,0.09782608695652174,0.13043478260869565
nfcorpus,bi_encoder_plus_cross_encoder,PLAIN-902,0.2,1.0,1.0,0.5855700749881525,0.41666666666666663,0.25,0.5,0.5,0.5,0.5,0.5,0.5
nfcorpus,bi_encoder_plus_cross_encoder,PLAIN-91,0.3,1.0,1.0,0.3227008002665818,0.10695737564117454,0.015625,0.03125,0.046875,0.046875,0.09375,0.171875,0.296875
nfcorpus,bi_encoder_plus_cross_encoder,PLAIN-913,0.7,1.0,1.0,0.8006937664098819,0.2908187419815326,0.029411764705882353,0.08823529411764706,0.14705882352941177,0.20588235294117646,0.29411764705882354,0.3235294117647059,0.38235294117647056
nfcorpus,bi_encoder_plus_cross_encoder,PLAIN-924,0.2,1.0,1.0,0.33013764944712026,0.1726963537777013,0.03125,0.0625,0.0625,0.0625,0.15625,0.375,0.5625
nfcorpus,bi_encoder_plus_cross_encoder,PLAIN-934,0.6,1.0,0.5,0.5184650094568696,0.24036454130786977,0.0,0.009900990099009901,0.019801980198019802,0.0594059405940594,0.1188118811881188,0.2871287128712871,0.38613861386138615
nfcorpus,bi_encoder_plus_cross_encoder,PLAIN-946,0.1,1.0,0.3333333333333333,0.11004588314904008,0.01075268817204301,0.0,0.03225806451612903,0.03225806451612903,0.03225806451612903,0.03225806451612903,0.03225806451612903,0.03225806451612903
nfcorpus,bi_encoder_plus_cross_encoder,PLAIN-956,0.7,1.0,1.0,0.6659485553357843,0.22023781444804824,0.0048543689320388345,0.0048543689320388345,0.009708737864077669,0.03398058252427184,0.05339805825242718,0.1262135922330097,0.1941747572815534
nfcorpus,bi_encoder_plus_cross_encoder,PLAIN-966,0.0,0.0,0.0,0.0,0.0,0.0,0.0,0.0,0.0,0.0,0.0,0.0
nfcorpus,bi_encoder_plus_cross_encoder,PLAIN-977,0.1,1.0,0.1,0.13565197343244778,0.03333333333333333,0.0,0.0,0.0,0.3333333333333333,0.3333333333333333,0.3333333333333333,0.3333333333333333
nfcorpus,bi_encoder_plus_cross_encoder,PLAIN-987,0.0,0.0,0.0,0.0,0.0,0.0,0.0,0.0,0.0,0.0,0.0,0.0
nfcorpus,bi_encoder_plus_cross_encoder,PLAIN-997,0.0,0.0,0.0,0.0,0.0,0.0,0.0,0.0,0.0,0.0,0.0,0.0
