dataset,query_id,query,bi_encoder_top_document_id,bi_encoder_top_title,reranked_top_document_id,reranked_top_title,bi_encoder_ndcg_at_10,reranked_ndcg_at_10,ndcg_delta,top_result_changed
scifact,1024,Recurrent mutations occur frequently within CTCF anchor sites adjacent to oncogenes.,8494570,Characterization of constitutive CTCF/cohesin loci: a possible role in establishing topological domains in mammalian genomes,5373138,3D Chromosome Regulatory Landscape of Human Pluripotent Cells.,0.0,1.0,1.0,True
scifact,1180,The PRR MDA5 is a sensor of RNA virus infection.,24221369,A Conserved Histidine in the RNA Sensor RIG-I Controls Immune Tolerance to N1-2'O-Methylated Self RNA.,31272411,Immune signaling by RIG-I-like receptors.,0.0,1.0,1.0,True
scifact,1368,Vitamin D deficiency effects the term of delivery.,9555784,Vitamin d deficiency in postmenopausal women - biological correlates.,2425364,Association between maternal serum 25-hydroxyvitamin D level and pregnancy and neonatal outcomes: systematic review and meta-analysis of observational studies.,0.0,1.0,1.0,True
scifact,743,Macrolides protect against myocardial infarction.,6270720,Myeloid differentiation factor-88/interleukin-1 signaling controls cardiac fibrosis and heart failure progression in inflammatory dilated cardiomyopathy.,32159283,Antibiotics and risk of subsequent first-time acute myocardial infarction.,0.0,1.0,1.0,True
scifact,294,Crossover hot spots are not found within gene promoters in Saccharomyces cerevisiae.,17240457,A comprehensive genomic binding map of gene and chromatin regulatory proteins in Saccharomyces.,10874408,Mapping Meiotic Single-Strand DNA Reveals a New Landscape of DNA Double-Strand Breaks in Saccharomyces cerevisiae,0.0,1.0,1.0,True
scifact,644,Insulin increases risk of severe kidney failure.,8839502,Mechanisms of progression and regression of renal lesions of chronic nephropathies and diabetes.,13619127,"Diabetes treatments and risk of amputation, blindness, severe kidney failure, hyperglycaemia, and hypoglycaemia: open cohort study in primary care",0.0,1.0,1.0,True
scifact,1337,Ubiquitin ligase UBC13 generates a K63-linked polyubiquitin moiety at PCNA K164.,29557235,Evolution and function of ubiquitin-like protein-conjugation systems,20231138,Replication Fork Slowing and Reversal upon DNA Damage Require PCNA Polyubiquitination and ZRANB3 DNA Translocase Activity,0.2890648263178879,1.0,0.7109351736821121,True
scifact,674,LDL cholesterol has no involvement in the development of cardiovascular disease.,7662206,A Century of Cholesterol and Coronaries: From Plaques to Genes to Statins,2095573,LDL-cholesterol concentrations: a genome-wide association study,0.31546487678572877,1.0,0.6845351232142712,True
scifact,742,Macrolides have no protective effect against myocardial infarction.,25028913,Markers of myocardial damage and inflammation in relation to long-term mortality in unstable coronary artery disease. FRISC Study Group. Fragmin during Instability in Coronary Artery Disease.,32159283,Antibiotics and risk of subsequent first-time acute myocardial infarction.,0.31546487678572877,1.0,0.6845351232142712,True
scifact,957,Podocytes are motile and migrate in the presence of injury.,13492264,Summary,123859,Tracking the fate of glomerular epithelial cells in vivo using serial multiphoton imaging in novel mouse models with fluorescent lineage tags,0.38685280723454163,1.0,0.6131471927654584,True
scifact,628,Infection of human T-cell lymphotropic virus type 1 is most frequent in individuals of African origin.,29134911,Isolation and partial characterization of an unusual human immunodeficiency retrovirus from two persons of west-central African origin.,24512064,"HTLV-I/II associated disease in England and Wales, 1993-7: retrospective review of serology requests.",0.43067655807339306,1.0,0.5693234419266069,True
scifact,569,"In adult tissue, most T cells are memory T cells.",37311371,"Central memory and effector memory T cell subsets: function, generation, and maintenance.",23460562,Early life compartmentalization of human T cell differentiation and regulatory function in mucosal and lymphoid tissues,0.43067655807339306,1.0,0.5693234419266069,True
scifact,845,Neutrophil extracellular traps (NETs) are released by ANCA-stimulated neutrophils.,29399239,Neutrophil extracellular traps: Is immunity the second function of chromatin?,17741440,Netting neutrophils in autoimmune small-vessel vasculitis,0.43067655807339306,1.0,0.5693234419266069,True
scifact,248,Chenodeosycholic acid treatment increases whole-body energy expenditure.,5775033,Pyruvate dehydrogenase activity and acetyl group accumulation during exercise after different diets.,1568684,The Bile Acid Chenodeoxycholic Acid Increases Human Brown Adipose Tissue Activity.,0.5,1.0,0.5,True
scifact,249,Chenodeosycholic acid treatment reduces whole-body energy expenditure.,5775033,Pyruvate dehydrogenase activity and acetyl group accumulation during exercise after different diets.,1568684,The Bile Acid Chenodeoxycholic Acid Increases Human Brown Adipose Tissue Activity.,0.5,1.0,0.5,True
scifact,295,Crosstalk between dendritic cells (DCs) and innate lymphoid cells (ILCs) is important in the regulation of intestinal homeostasis.,29423324,Interleukin-12 and -23 Control Plasticity of CD127(+) Group 1 and Group 3 Innate Lymphoid Cells in the Intestinal Lamina Propria.,20310709,The Transcription Factor T-bet Regulates Intestinal Inflammation Mediated by Interleukin-7 Receptor+ Innate Lymphoid Cells,0.5,1.0,0.5,True
scifact,587,"In transgenic mice harboring green florescent protein under the control of the Sox2 promoter, less than ten percent of the cells with green florescent colocalize with cell proliferation markers.",7142113,Visualization of cell cycle in mouse embryos with Fucci2 reporter directed by Rosa26 promoter.,7142113,Visualization of cell cycle in mouse embryos with Fucci2 reporter directed by Rosa26 promoter.,0.0,0.5,0.5,False
scifact,3,"1,000 genomes project enables mapping of genetic sequence variation consisting of rare variants with larger penetrance effects than common variants.",2739854,Rare and common variants: twenty arguments,14717500,Rare Variants Create Synthetic Genome-Wide Associations,0.5,1.0,0.5,True
scifact,208,CHEK2 is not associated with breast cancer.,7821634,Profiling of residual breast cancers after neoadjuvant chemotherapy identifies DUSP4 deficiency as a mechanism of drug resistance,13519661,Linkage Disequilibrium Mapping of       CHEK2: Common Variation and Breast Cancer Risk     ,0.5,1.0,0.5,True
scifact,1107,Subcutaneous fat depots undergo extensive browning processes after cold exposure.,14865329,Brown Fat and Browning for the Treatment of Obesity and Related Metabolic Disorders,20532591,"Tracking adipogenesis during white adipose tissue development, expansion and regeneration",0.5,1.0,0.5,True
scifact,415,Female carriers of the Apolipoprotein E4 (APOE4) allele have increased risk for dementia.,20937018,Apolipoprotein E: high-avidity binding to beta-amyloid and increased frequency of type 4 allele in late-onset familial Alzheimer disease.,4505748,Disclosure of APOE genotype for risk of Alzheimer's disease.,0.0,0.5,0.5,True
scifact,880,Occupancy of ribosomes by IncRNAs mirror 5 0-UTRs,26112624,The complexity of human ribosome biogenesis revealed by systematic nucleolar screening of Pre-rRNA processing factors.,8426046,Ribosome Profiling Provides Evidence that Large Noncoding RNAs Do Not Encode Proteins,0.5,1.0,0.5,True
scifact,100,All hematopoietic stem cells segregate their chromosomes randomly.,34982259,Of lineage and legacy: the development of mammalian hematopoietic stem cells,4381486,Haematopoietic stem cells do not asymmetrically segregate chromosomes or retain BrdU,0.5,1.0,0.5,True
scifact,1272,The single flash-evoked ERG b-wave is generated by activity of ON-bipolar cells.,15685921,Differential effects of charybdotoxin on the activity of retinal ganglion cells in the dark- and light-adapted mouse retina,24760136,A naturally occurring mouse model of X-linked congenital stationary night blindness.,0.0,0.43067655807339306,0.43067655807339306,True
scifact,1363,Venules have a thinner or absent smooth layer compared to arterioles.,25175997,Pulmonary vascular lesions in end-stage idiopathic pulmonary fibrosis: Histopathologic study on lung explant specimens and correlations with pulmonary hemodynamics.,79447,Arteriolar function in visceral adipose tissue is impaired in human obesity.,0.0,0.43067655807339306,0.43067655807339306,True
scifact,1049,Ribosomopathies have a low degree of cell and tissue specific pathology.,24737389,Growth control and ribosomopathies.,8925851,Review article,0.0,0.43067655807339306,0.43067655807339306,True
scifact,452,Gene expression does not vary appreciably across genetically identical cells.,9154703,"Single-Cell RNA-Seq Reveals Dynamic, Random Monoallelic Gene Expression in Mammalian Cells",9154703,"Single-Cell RNA-Seq Reveals Dynamic, Random Monoallelic Gene Expression in Mammalian Cells",0.18457569677956817,0.6052602440527057,0.42068454727313753,False
scifact,1362,Venules have a larger lumen diameter than arterioles.,79447,Arteriolar function in visceral adipose tissue is impaired in human obesity.,23513718,Role of soluble guanylate cyclase in dilator responses of the cerebral microcirculation.,0.0,0.38685280723454163,0.38685280723454163,True
scifact,128,Arterioles have a larger lumen diameter than venules.,22867765,Implanted microvessels progress through distinct neovascularization phenotypes.,23513718,Role of soluble guanylate cyclase in dilator responses of the cerebral microcirculation.,0.0,0.38685280723454163,0.38685280723454163,True
scifact,619,Increased vessel density along with a reduction in fibrosis decreases the efficacy of chemotherapy treatments.,10812605,Fibroblast heterogeneity in the cancer wound,195680777,"Comparisons between different polychemotherapy regimens for early breast cancer: meta-analyses of long-term outcome among 100,000 women in 123 randomised trials.",0.0,0.38685280723454163,0.38685280723454163,True
scifact,544,IFIT1 restricts viral replication by sequestrating mis-capped viral RNAs.,1970884,Rational design of a flavivirus vaccine by abolishing viral RNA 2'-O methylation.,10559501,Beta interferon controls West Nile virus infection and pathogenesis in mice.,0.0,0.38685280723454163,0.38685280723454163,True
scifact,1132,TCR/CD3 microdomains are a required to induce the immunologic synapse to activate T cells.,6961811,Increased sensitivity of antigen-experienced T cells through the enrichment of oligomeric T cell receptor complexes.,33499189,Full activation of the T cell receptor requires both clustering and conformational changes at CD3.,0.23719771276929622,0.6131471927654584,0.37594947999616213,True
scifact,148,Autophagy declines in aged organisms.,15728433,"Tightrope act: autophagy in stem cell renewal, differentiation, proliferation, and aging",1084345,Restoration of chaperone-mediated autophagy in aging liver improves cellular maintenance and hepatic function,0.6309297535714575,1.0,0.36907024642854247,True
scifact,338,Dexamethasone decreases risk of postoperative bleeding.,24211561,Dexamethasone decreases vomiting by children after tonsillectomy.,23349986,Dexamethasone and risk of nausea and vomiting and postoperative bleeding after tonsillectomy in children: a randomized trial.,0.6309297535714575,1.0,0.36907024642854247,True
scifact,1062,S-nitrosylated GAPDH physiologically transnitrosylates histone deacetylases.,32638085,Histone acetylation and deacetylation in yeast,20381484,GAPDH Mediates Nitrosylation of Nuclear Proteins,0.6309297535714575,1.0,0.36907024642854247,True
scifact,575,"In domesticated populations of Saccharomyces cerevisiae, whole chromosome aneuploidy is very uncommon.",4421746,Genome-wide genetic analysis of polyploidy in yeast,10300888,Domestication and Divergence of Saccharomyces cerevisiae Beer Yeasts,0.6309297535714575,1.0,0.36907024642854247,True
scifact,42,A high microerythrocyte count raises vulnerability to severe anemia in homozygous alpha (+)- thalassemia trait subjects.,40913091,GENOTYPING OF THALASSEMIA IN MICROCYTIC HYPOCHROMIC ANEMIA PATIENTS FROM SOUTHWEST REGION OF IRAN,18174210,Increased Microerythrocyte Count in Homozygous α+-Thalassaemia Contributes to Protection against Severe Malarial Anaemia,0.6309297535714575,1.0,0.36907024642854247,True
scifact,75,"Active H. pylori urease has a polymeric structure that compromises two subunits, UreA and UreB.",37768883,"Evidence for the presence of urease apoprotein complexes containing UreD, UreF, and UreG in cells that are competent for in vivo enzyme activation.",4387784,Structure of the proton-gated urea channel from the gastric pathogen Helicobacter pylori,0.6309297535714575,1.0,0.36907024642854247,True
scifact,183,Bone marrow cells contribute to adult macrophage compartments.,7521113,Fate mapping reveals origins and dynamics of monocytes and tissue macrophages under homeostasis.,12827098,Tissue-resident macrophages self-maintain locally throughout adult life with minimal contribution from circulating monocytes.,0.6309297535714575,1.0,0.36907024642854247,True
scifact,784,MicroRNA is involved in the regulation of Neural Stem Cell (NSC) differentiation and proliferation dynamic homeostasis,42662816,"Endogenous miRNA sponge lincRNA-RoR regulates Oct4, Nanog, and Sox2 in human embryonic stem cell self-renewal.",2356950,Epigenetic regulation of miR-184 by MBD1 governs neural stem cell proliferation and differentiation.,0.6309297535714575,1.0,0.36907024642854247,True
scifact,5,1/2000 in UK have abnormal PrP positivity.,3413083,Patterns of chlamydia testing in different settings and implications for wider STI diagnosis and care: a probability sample survey of the British population,13734012,Prevalent abnormal prion protein in human appendixes after bovine spongiform encephalopathy epizootic: large scale survey,0.6309297535714575,1.0,0.36907024642854247,True
scifact,118,Antibiotic induced alterations in the gut microbiome reduce resistance against Clostridium difficile,4465735,Precision microbiome reconstitution restores bile acid mediated resistance to Clostridium difficile,6372244,Antibiotic-induced shifts in the mouse gut microbiome and metabolome increase susceptibility to Clostridium difficile infection,0.6309297535714575,1.0,0.36907024642854247,True
scifact,1185,The US health care system can save up to $750 million if 7% of patients waiting for kidney transplants participate in the optimized national kidney paired donation program.,41774099,Call to Develop a Standard Acquisition Charge Model for Kidney Paired Donation,16737210,Kidney paired donation and optimizing the use of live donor organs.,0.6309297535714575,1.0,0.36907024642854247,True
scifact,1241,The myocardial lineage develops from cardiac progenitors of mesodermal origin.,2828460,Developmental heterogeneity of cardiac fibroblasts does not predict pathological proliferation and activation.,4427392,Human cardiovascular progenitor cells develop from a KDR+ embryonic-stem-cell-derived population,0.6309297535714575,1.0,0.36907024642854247,True
scifact,1259,The relationship between a breast cancer patient's capacity to metabolize tamoxifen and treatment outcome is dependent on the patient's genetic make-up.,13069283,Influence of CYP2D6 Polymorphisms on Serum Levels of Tamoxifen Metabolites in Spanish Women with Breast Cancer,24341590,Association between CYP2D6 polymorphisms and outcomes among women with early stage breast cancer treated with tamoxifen.,0.6309297535714575,1.0,0.36907024642854247,True
scifact,99,Alizarin forms hydrogen bonds with residues involved in PGAM1 substrate binding.,20313748,α-Catenin as a tension transducer that induces adherens junction development,18810195,Tyr26 phosphorylation of PGAM1 provides a metabolic advantage to tumours by stabilizing the active conformation,0.6309297535714575,1.0,0.36907024642854247,True
scifact,839,Nanoparticles can be targeted against specific cell types by incorporating aptamers into lipid nanoparticles.,6219790,Cancer Cell Membrane-Coated Nanoparticles for Anticancer Vaccination and Drug Delivery,1469751,Aptamer-functionalized lipid nanoparticles targeting osteoblasts as a novel RNA interference–based bone anabolic strategy,0.6309297535714575,1.0,0.36907024642854247,True
scifact,1187,The YAP1 and TEAD complex tanslocates into the nucleus where it interacts with transcription factors and DNA-binding proteins that modulate target gene transcription.,12737132,TEAD mediates YAP-dependent gene induction and growth control.,52873726,Regulation of Hippo pathway transcription factor TEAD by p38 MAPK-induced cytoplasmic translocation,0.6309297535714575,1.0,0.36907024642854247,True
scifact,1385,cSMAC formation enhances weak ligand signalling.,9283422,T cell receptor-proximal signals are sustained in peripheral microclusters and terminated in the central supramolecular activation cluster.,306006,The stimulatory potency of T cell antigens is influenced by the formation of the immunological synapse.,0.6309297535714575,1.0,0.36907024642854247,True
scifact,993,Pyridostatin destabilizes the G - quadruplex in the telomeric region.,26118532,The different biological effects of telomestatin and TMPyP4 can be attributed to their selectivity for interaction with intramolecular or intermolecular G-quadruplex structures.,16472469,Targeting BRCA1 and BRCA2 Deficiencies with G-Quadruplex-Interacting Compounds,0.6309297535714575,1.0,0.36907024642854247,True
scifact,475,Glycolysis is one of the primary glycometabolic pathways in cells.,23576165,Metabolic interplay between glycolysis and mitochondrial oxidation: The reverse Warburg effect and its therapeutic implication.,6061927,Glucose Sensing in L Cells: A Primary Cell Study,0.0,0.3562071871080222,0.3562071871080222,True
scifact,1280,"The ureABIEFGH gene cluster encodes urease maturation proteins : UreD/UreH, UreE, UreF, and UreG.",37768883,"Evidence for the presence of urease apoprotein complexes containing UreD, UreF, and UreG in cells that are competent for in vivo enzyme activation.",29214508,"Klebsiella aerogenes urease gene cluster: sequence of ureD and demonstration that four accessory genes (ureD, ureE, ureF, and ureG) are involved in nickel metallocenter biosynthesis.",0.0,0.3333333333333333,0.3333333333333333,True
scifact,775,Mice defective for deoxyribonucleic acid (DNA) polymerase I (polI) reveal increased sensitivity to ionizing radiation (IR).,27635177,Association of DNA polymerase mu (pol mu) with Ku and ligase IV: role for pol mu in end-joining double-strand break repair.,43014661,Increased susceptibility to UV-induced skin carcinogenesis in polymerase eta-deficient mice.,0.0,0.31546487678572877,0.31546487678572877,True
scifact,517,High levels of copeptin decrease risk of diabetes.,19658917,"Changes in plasma copeptin, the c-terminal portion of arginine vasopressin during water deprivation and excess in healthy subjects.",23577867,"Prediagnostic levels of C-peptide, IGF-I, IGFBP -1, -2 and -3 and risk of endometrial cancer.",0.0,0.31546487678572877,0.31546487678572877,True
scifact,527,Homozygous deletion of murine Sbds gene from osterix-expressing mesenchymal stem and progenitor cells (MPCs) prevents oxidative stress.,1617327,Bone progenitor dysfunction induces myelodysplasia and secondary leukemia,1617327,Bone progenitor dysfunction induces myelodysplasia and secondary leukemia,0.0,0.3010299956639812,0.3010299956639812,False
scifact,384,Epidemiological disease burden from noncommunicable diseases is more prevalent in low economic settings.,51972698,"Adapting the WHO package of essential noncommunicable disease interventions, Samoa",51972698,"Adapting the WHO package of essential noncommunicable disease interventions, Samoa",0.0,0.3010299956639812,0.3010299956639812,False
scifact,1266,"The risk of breast cancer among parous women increases with placental weight of pregnancies, and this association is strongest for premenopausal breast cancer.",17450673,Intrauterine environments and breast cancer risk: meta-analysis and systematic review,13831842,"Pooled analysis of prospective cohort studies on height, weight, and breast cancer risk.",0.38685280723454163,0.6309297535714575,0.2440769463369159,True
scifact,691,Leukemia associated Rho guanine nucleotide-exchange factor represses RhoA in response to SRC activation.,33076846,Role of RhoA-specific guanine exchange factors in regulation of endomitosis in megakaryocytes.,33076846,Role of RhoA-specific guanine exchange factors in regulation of endomitosis in megakaryocytes.,0.38685280723454163,0.6309297535714575,0.2440769463369159,False
scifact,597,Incidence rates of cervical cancer have decreased.,23136735,Short term persistence of human papillomavirus and risk of cervical precancer and cancer: population based cohort study,36355784,The effect of mass screening on incidence and mortality of squamous and adenocarcinoma of cervix uteri.,0.6196686079396531,0.8529278650606567,0.2332592571210036,True
scifact,971,Primary cervical cancer screening with HPV detection has higher longitudinal sensitivity than conventional cytology to detect cervical intraepithelial neoplasia grade 2.,6561200,Efficacy of HPV DNA testing with cytology triage and/or repeat HPV DNA testing in primary cervical cancer screening.,9764256,Human papillomavirus testing for the detection of high-grade cervical intraepithelial neoplasia and cancer: final results of the POBASCAM randomised controlled trial.,0.7315682114753617,0.9558295932317544,0.22426138175639276,True
scifact,859,Normal expression of RUNX1 has tumor-promoting effects.,9076196,GFI1 and GFI1B control the loss of endothelial identity of hemogenic endothelium during hematopoietic commitment.,22049489,The long non-coding RNA H19-derived miR-675 modulates human gastric cancer cell proliferation by targeting tumor suppressor RUNX1.,0.43067655807339306,0.6309297535714575,0.20025319549806447,True
scifact,1019,Rapid phosphotransfer rates govern fidelity in two component systems,196664003,Signaling architectures that transmit unidirectional information despite retroactivity,1225513,Specificity Residues Determine Binding Affinity for Two-Component Signal Transduction Systems,0.43067655807339306,0.6309297535714575,0.20025319549806447,True
scifact,637,Input from  mental and physical health care professionals is effective at decreasing homelessness.,31019903,Homelessness and health.,6129301,Evaluation of a mental health outreach service for homeless families.,0.43067655807339306,0.6309297535714575,0.20025319549806447,True
scifact,261,"Chronic aerobic exercise alters endothelial function, improving vasodilating mechanisms mediated by NO.",25822299,"Effects of exercise training of 8 weeks and detraining on plasma levels of endothelium-derived factors, endothelin-1 and nitric oxide, in healthy young humans.",35271381,Exercise training-induced adaptations in the coronary circulation.,0.20438239758848611,0.38685280723454163,0.18247040964605551,True
scifact,275,Combining phosphatidylinositide 3-kinase and MEK 1/2 inhibitors is effective at treating KRAS mutant tumors.,4920376,Long-Term ERK Inhibition in KRAS-Mutant Pancreatic Cancer Is Associated with MYC Degradation and Senescence-like Growth Suppression.,4961038,Effective Use of PI3K and MEK Inhibitors to Treat Mutant K-Ras G12D and PIK3CA H1047R Murine Lung Cancers,0.7122630665145961,0.8710785440003369,0.15881547748574076,True
scifact,728,Ly6C hi monocytes have a lower inflammatory capacity than Ly6C lo monocytes.,22406695,Origin and functions of tissue macrophages.,36444198,Subpopulations of mouse blood monocytes differ in maturation stage and inflammatory response.,0.6509209298071326,0.8065735963827293,0.15565266657559673,True
scifact,212,CR is associated with higher methylation age.,9291668, DNA methylation and healthy human aging,11935250,Widespread and tissue specific age-related DNA methylation changes in mice.,0.3562071871080222,0.5,0.14379281289197782,True
scifact,1370,Vitamin D deficiency is unrelated to birth weight.,21553394,Vitamin D and obesity: current perspectives and future directions.,21553394,Vitamin D and obesity: current perspectives and future directions.,0.5,0.6309297535714575,0.13092975357145753,False
scifact,744,Macropinocytosis contributes to a cell's supply of amino acids via the intracellular uptake of protein.,4138659,Macropinocytosis of protein is an amino acid supply route in Ras-transformed cells,4138659,Macropinocytosis of protein is an amino acid supply route in Ras-transformed cells,0.5,0.6309297535714575,0.13092975357145753,False
scifact,1395,p16INK4A accumulation is  linked to an abnormal wound response caused by the microinvasive step of advanced Oral Potentially Malignant Lesions (OPMLs).,19343151,p16INK4A is a robust in vivo biomarker of cellular aging in human skin.,25419778,Identification of Senescent Cells in the Bone Microenvironment.,0.5,0.6309297535714575,0.13092975357145753,True
scifact,141,Auditory entrainment is strengthened when people see congruent visual and auditory information.,14437255,Congruent Visual Speech Enhances Cortical Entrainment to Continuous Auditory Speech in Noise-Free Conditions.,14437255,Congruent Visual Speech Enhances Cortical Entrainment to Continuous Auditory Speech in Noise-Free Conditions.,0.9197207891481876,1.0,0.08027921085181244,False
scifact,1221,The genomic aberrations found in matasteses are very similar to those found in the primary tumor.,8989616,Genome Sequencing and Analysis of the Tasmanian Devil and Its Transmissible Cancer,4325398,Pancreatic cancer genomes reveal aberrations in axon guidance pathway genes,0.31546487678572877,0.38685280723454163,0.07138793044881286,True
scifact,300,Cytosolic proteins bind to iron-responsive elements on mRNAs coding for DMT1. Cytosolic proteins bind to iron-responsive elements on mRNAs coding for proteins involved in iron uptake.,16120395,Multiple RNA surveillance pathways limit aberrant expression of iron uptake mRNAs and prevent iron toxicity in S. cerevisiae.,16120395,Multiple RNA surveillance pathways limit aberrant expression of iron uptake mRNAs and prevent iron toxicity in S. cerevisiae.,0.43067655807339306,0.5,0.06932344192660694,False
scifact,873,Obesity is determined solely by environmental factors.,4345757,Obesity as a medical problem.,41310252,Dietary fat and obesity: evidence from epidemiology.,0.2716774977597197,0.3156484524795145,0.043970954719794786,True
scifact,1100,Statins increase blood cholesterol.,21557614,Pleiotropic effects of statins.,21557614,Pleiotropic effects of statins.,0.38685280723454163,0.43067655807339306,0.04382375083885143,False
scifact,1196,The availability of safe places to study is effective at decreasing homelessness.,31019903,Homelessness and health.,154243324,From youth to adult homelessness,0.38685280723454163,0.43067655807339306,0.04382375083885143,True
scifact,540,Hypothalamic glutamate neurotransmission is crucial to energy balance.,2225918,Identification of a Brainstem Circuit Controlling Feeding,17150648,Leptin regulates glutamate and glucose transporters in hypothalamic astrocytes.,0.2640681225725909,0.3065735963827292,0.042505473810138306,True
scifact,1041,Replacement of histone H2A with H2A.Z slows gene activation in yeasts by stabilizing +1 nucleosomes.,9451052,Stepwise Histone Replacement by SWR1 Requires Dual Activation with Histone H2A.Z and Canonical Nucleosome,9451052,Stepwise Histone Replacement by SWR1 Requires Dual Activation with Histone H2A.Z and Canonical Nucleosome,0.17723928678404774,0.21840743681816419,0.041168150034116446,False
scifact,554,Immune complex triggered cell death leads to extracellular release of neutrophil protein HMGB1.,9878167,Viable neutrophils release mitochondrial DNA to form neutrophil extracellular traps,29399239,Neutrophil extracellular traps: Is immunity the second function of chromatin?,0.2890648263178879,0.3010299956639812,0.011965169346093318,True
scifact,1339,Ultrasound guidance significantly raises the number of traumatic procedures when attempting needle insertion.,15482274,Ultrasound imaging for lumbar punctures and epidural catheterisations: systematic review and meta-analysis.,15482274,Ultrasound imaging for lumbar punctures and epidural catheterisations: systematic review and meta-analysis.,1.0,1.0,0.0,False
scifact,132,Aspirin inhibits the production of PGE2.,6945691,The modulation of human natural killer cell activity by prostaglandins.,2443495,Characterization of prostaglandin E2 production by Candida albicans.,0.0,0.0,0.0,True
scifact,1199,The benefits of colchicine were achieved with effective widespread use of secondary prevention strategies such as high-dose statins.,7454794,Statins in the primary prevention of cardiovascular disease,7454794,Statins in the primary prevention of cardiovascular disease,0.0,0.0,0.0,False
scifact,832,NFAT4 activation requires IP3R-mediated Ca2+ mobilization.,30303335,Control of NFAT Isoform Activation and NFAT-Dependent Gene Expression through Two Coincident and Spatially Segregated Intracellular Ca2+ Signals,30303335,Control of NFAT Isoform Activation and NFAT-Dependent Gene Expression through Two Coincident and Spatially Segregated Intracellular Ca2+ Signals,1.0,1.0,0.0,False
scifact,1335,UCB T cells maintain high TCR diversity after transplantation.,27910499,Quantitative assessment of T-cell repertoire recovery after hematopoietic stem cell transplantation,27910499,Quantitative assessment of T-cell repertoire recovery after hematopoietic stem cell transplantation,1.0,1.0,0.0,False
scifact,1332,Tumor necrosis factor alpha (TNF-α) and interleukin-1 (IL-1) are pro-inflammatory cytokines that inhibit IL-6 and IL-10.,12705056,Cytokines and anti-cytokine biologicals in autoimmunity: present and future.,16488405,Downloaded from,0.0,0.0,0.0,True
scifact,1150,Tetraspanin-3 is a causative factor in the development of acute myelogenous leukemia,11369420,Tetraspanin 3 Is Required for the Development and Propagation of Acute Myelogenous Leukemia.,11369420,Tetraspanin 3 Is Required for the Development and Propagation of Acute Myelogenous Leukemia.,1.0,1.0,0.0,False
scifact,115,Anthrax spores can be disposed of easily after they are dispersed.,33872649,Secondary aerosolization of viable Bacillus anthracis spores in a contaminated US Senate Office.,33872649,Secondary aerosolization of viable Bacillus anthracis spores in a contaminated US Senate Office.,1.0,1.0,0.0,False
scifact,1146,Teaching hospitals do not provide better care than non-teaching hospitals.,13906581,Patient Outcomes with Teaching Versus Nonteaching Healthcare: A Systematic Review,13906581,Patient Outcomes with Teaching Versus Nonteaching Healthcare: A Systematic Review,1.0,1.0,0.0,False
scifact,1144,Taxation of sugar-sweetened beverages had no effect on the incidence rate of type II diabetes in India.,10071552,Averting Obesity and Type 2 Diabetes in India through Sugar-Sweetened Beverage Taxation: An Economic-Epidemiologic Modeling Study,10071552,Averting Obesity and Type 2 Diabetes in India through Sugar-Sweetened Beverage Taxation: An Economic-Epidemiologic Modeling Study,1.0,1.0,0.0,False
scifact,1290,There is an inverse relationship between hip fractures and statin use.,4687948,HMG-CoA reductase inhibitors and the risk of hip fractures in elderly patients.,4687948,HMG-CoA reductase inhibitors and the risk of hip fractures in elderly patients.,1.0,1.0,0.0,False
scifact,1298,Thigh-length graduated compression stockings (GCS) did not reduce deep vein thrombosis in patients admitted to hospital who are immobile because of acute stroke.,11718220,"Effectiveness of thigh-length graduated compression stockings to reduce the risk of deep vein thrombosis after stroke (CLOTS trial 1): a multicentre, randomised controlled trial",11718220,"Effectiveness of thigh-length graduated compression stockings to reduce the risk of deep vein thrombosis after stroke (CLOTS trial 1): a multicentre, randomised controlled trial",1.0,1.0,0.0,False
scifact,1200,The binding orientation of the ML-SA1 activator at hTRPML2 is different from the binding orientation of the ML-SA1 activator at hTRPML1.,12956194,The Extracellular Surface of the GLP-1 Receptor Is a Molecular Trigger for Biased Agonism,21114100,A small molecule restores function to TRPML1 mutant isoforms responsible for mucolipidosis type IV.,0.0,0.0,0.0,True
scifact,1202,The center of the granuloma in an immune cell induces a pro-inflammatory immune response.,34615397,Human tuberculous granulomas induce peripheral lymphoid follicle-like structures to orchestrate local host defence in the lung.,34615397,Human tuberculous granulomas induce peripheral lymphoid follicle-like structures to orchestrate local host defence in the lung.,0.6309297535714575,0.6309297535714575,0.0,False
scifact,1207,The composition of myosin-II isoform switches from the polarizable B isoform to the more homogenous A isoform during hematopoietic differentiation.,18909530,Contractile forces sustain and polarize hematopoiesis from stem and progenitor cells.,18909530,Contractile forces sustain and polarize hematopoiesis from stem and progenitor cells.,1.0,1.0,0.0,False
scifact,1213,The deregulated and prolonged activation of monocytes has deleterious effects in inflammatory diseases.,14492339,Blood monocytes consist of two principal subsets with distinct migratory properties,21498497,TLR activation triggers the rapid differentiation of monocytes into macrophages and dendritic cells,0.0,0.0,0.0,True
scifact,1216,The extracellular domain of TMEM27 is cleaved in human beta cells.,24142891,Tmem27: a cleaved and shed plasma membrane protein that stimulates pancreatic beta cell proliferation.,24142891,Tmem27: a cleaved and shed plasma membrane protein that stimulates pancreatic beta cell proliferation.,1.0,1.0,0.0,False
scifact,1225,The locus rs647161 is associated with colorectal carcinoma.,9650982,Genome-wide association analyses in East Asians identify new susceptibility loci for colorectal cancer,9650982,Genome-wide association analyses in East Asians identify new susceptibility loci for colorectal cancer,1.0,1.0,0.0,False
scifact,1262,The repair of Cas9-induced double strand breaks in human DNA is error-prone.,44172171,Kinetics and Fidelity of the Repair of Cas9-Induced Double-Strand DNA Breaks,44172171,Kinetics and Fidelity of the Repair of Cas9-Induced Double-Strand DNA Breaks,1.0,1.0,0.0,False
scifact,1226,"The loss of the TET protein functions may have dire biological consequences, such as myeloid cancers.",11951999,The Ten-Eleven Translocation-2 (TET2) gene in hematopoiesis and hematopoietic diseases,11951999,The Ten-Eleven Translocation-2 (TET2) gene in hematopoiesis and hematopoietic diseases,0.0,0.0,0.0,False
scifact,1232,The minor G allele of FOXO3 is related to more severe symptoms of Crohn's Disease.,13905670,Human SNP Links Differential Outcomes in Inflammatory and Infectious Disease to a FOXO3-Regulated Pathway,13905670,Human SNP Links Differential Outcomes in Inflammatory and Infectious Disease to a FOXO3-Regulated Pathway,1.0,1.0,0.0,False
scifact,124,Antiretroviral therapy reduces rates of tuberculosis across a broad range of CD4 strata.,4883040,Antiretroviral Therapy for Prevention of Tuberculosis in Adults with HIV: A Systematic Review and Meta-Analysis,4883040,Antiretroviral Therapy for Prevention of Tuberculosis in Adults with HIV: A Systematic Review and Meta-Analysis,1.0,1.0,0.0,False
scifact,1194,The arm density of TatAd complexes is due to structural rearrangements within Class1 TatAd complexes such as the 'charge zipper mechanism'.,11419230,Folding and Self-Assembly of the TatA Translocation Pore Based on a Charge Zipper Mechanism,11419230,Folding and Self-Assembly of the TatA Translocation Pore Based on a Charge Zipper Mechanism,1.0,1.0,0.0,False
scifact,1197,The availability of safe places to study is not effective at decreasing homelessness.,31019903,Homelessness and health.,154243324,From youth to adult homelessness,0.38685280723454163,0.38685280723454163,0.0,True
scifact,1175,The PPR MDA5 has two N-terminal CARD domains.,20725212,Chaperoning 5S RNA assembly.,22191759,"Purification and structural characterization of bovine cathelicidins, precursors of antimicrobial peptides.",0.0,0.0,0.0,True
scifact,1163,The DdrB protein from Deinococcus radiodurans is an alternative SSB.,15305881,The structure of DdrB from Deinococcus: a new fold for single-stranded DNA binding proteins,15305881,The structure of DdrB from Deinococcus: a new fold for single-stranded DNA binding proteins,1.0,1.0,0.0,False
scifact,834,NOX2-independent pathways can generate peroxynitrite by reacting with nitrogen intermediates.,23100962,Nitric oxide synthase generates superoxide and nitric oxide in arginine-depleted cells leading to peroxynitrite-mediated cellular injury.,23100962,Nitric oxide synthase generates superoxide and nitric oxide in arginine-depleted cells leading to peroxynitrite-mediated cellular injury.,0.0,0.0,0.0,False
scifact,837,NR5A2 is important in development of endometrial tissues.,16346504,LncRNA-GAS5 induces PTEN expression through inhibiting miR-103 in endometrial cancer cells,1780819,Role of DNA Methylation and Epigenetic Silencing of HAND2 in Endometrial Cancer Development,0.6309297535714575,0.6309297535714575,0.0,True
scifact,852,Non-invasive ventilation use should be decreased if there is inadequate response to conventional treatment.,474325,Non-invasive ventilation in chronic obstructive pulmonary disease patients: helmet versus facial mask,474325,Non-invasive ventilation in chronic obstructive pulmonary disease patients: helmet versus facial mask,0.6309297535714575,0.6309297535714575,0.0,False
scifact,847,New drugs for tuberculosis often do not penetrate the necrotic portion of a tuberculosis lesion in high concentrations.,16787954,The association between sterilizing activity and drug distribution into tuberculosis lesions,16787954,The association between sterilizing activity and drug distribution into tuberculosis lesions,1.0,1.0,0.0,False
scifact,870,Obesity decreases life quality.,4345757,Obesity as a medical problem.,4345757,Obesity as a medical problem.,0.0,0.0,0.0,False
scifact,903,PD-1 triggering on monocytes reduces IL-10 production by monocytes.,10648422,Programmed death-1–induced interleukin-10 production by monocytes impairs CD4+ T cell activation during HIV infection,10648422,Programmed death-1–induced interleukin-10 production by monocytes impairs CD4+ T cell activation during HIV infection,1.0,1.0,0.0,False
scifact,882,Omnivores produce less trimethylamine N-oxide from dietary I-carnitine than vegetarians.,14803797,"Intestinal microbiota metabolism of L-carnitine, a nutrient in red meat, promotes atherosclerosis",14803797,"Intestinal microbiota metabolism of L-carnitine, a nutrient in red meat, promotes atherosclerosis",1.0,1.0,0.0,False
scifact,879,Occupancy of ribosomes by IncRNAs do not make functional peptides.,8426046,Ribosome Profiling Provides Evidence that Large Noncoding RNAs Do Not Encode Proteins,8426046,Ribosome Profiling Provides Evidence that Large Noncoding RNAs Do Not Encode Proteins,1.0,1.0,0.0,False
scifact,904,PDPN promotes efficient motility along stromal surfaces by activating the C-type lectin receptor to rearrange the actin cytoskeleton in dendritic cells.,7370282,Podoplanin-Rich Stromal Networks Induce Dendritic Cell Motility via Activation of the C-type Lectin Receptor CLEC-2,7370282,Podoplanin-Rich Stromal Networks Induce Dendritic Cell Motility via Activation of the C-type Lectin Receptor CLEC-2,1.0,1.0,0.0,False
scifact,1179,The PRR MDA5 has a central DExD/H RNA helices domain.,20725212,Chaperoning 5S RNA assembly.,10627801,Loss of DExD/H box RNA helicase LGP2 manifests disparate antiviral responses.,0.0,0.0,0.0,True
scifact,1012,Radioiodine treatment of non-toxic multinodular goitre reduces thyroid volume.,9745001,Radioiodine treatment of multinodular non-toxic goitre.,9745001,Radioiodine treatment of multinodular non-toxic goitre.,1.0,1.0,0.0,False
scifact,1020,Rapid up-regulation and higher basal expression of interferon-induced genes increase survival of granule cell neurons that are infected by West Nile virus.,10559501,Beta interferon controls West Nile virus infection and pathogenesis in mice.,10559501,Beta interferon controls West Nile virus infection and pathogenesis in mice.,0.6309297535714575,0.6309297535714575,0.0,False
scifact,1021,Rapid up-regulation and higher basal expression of interferon-induced genes reduce survival of granule cell neurons that are infected by West Nile virus.,10559501,Beta interferon controls West Nile virus infection and pathogenesis in mice.,10559501,Beta interferon controls West Nile virus infection and pathogenesis in mice.,0.6309297535714575,0.6309297535714575,0.0,False
scifact,887,Only a minority of cells survive development after differentiation into stress-resistant spores.,2140513,Pleiotropy as a mechanism to stabilize cooperation,16728949,Cell Stem Cell Review FoxO Transcription Factors and Stem Cell Homeostasis: Insights from the Hematopoietic System,0.0,0.0,0.0,True
scifact,985,Pseudogene PTENP1 regulates the expression of PTEN by functioning as an miRNA decoy.,6828370,A coding-independent function of gene and pseudogene mRNAs regulates tumour biology,6828370,A coding-independent function of gene and pseudogene mRNAs regulates tumour biology,1.0,1.0,0.0,False
scifact,1014,Rapamycin decreases the concentration of triacylglycerols in fruit flies.,6277638,Mechanisms of Life Span Extension by Rapamycin in the Fruit Fly Drosophila melanogaster,6277638,Mechanisms of Life Span Extension by Rapamycin in the Fruit Fly Drosophila melanogaster,1.0,1.0,0.0,False
scifact,298,Cytochrome c is released from the mitochondrial intermembrane space to cytosol during apoptosis.,39381118,At the gates of death.,39381118,At the gates of death.,1.0,1.0,0.0,False
scifact,800,Modifying the epigenome in the brain affects the normal human aging process by affecting certain genes related to neurogenesis.,6040392,The role of epigenetics in aging and age-related diseases,4679264,DNA Methylation in the Human Cerebral Cortex Is Dynamically Regulated throughout the Life Span and Involves Differentiated Neurons,0.6309297535714575,0.6309297535714575,0.0,True
scifact,793,Mitochondria are uninvolved in apoptosis.,8551160,"Mitochondria: Dynamic Organelles in Disease, Aging, and Development",8551160,"Mitochondria: Dynamic Organelles in Disease, Aging, and Development",1.0,1.0,0.0,False
scifact,785,Microarray results from culture-amplified mixtures of serotypes correlate poorly with microarray results from uncultured mixtures.,54440,Empirical Bayesian models for analysing molecular serotyping microarrays,54440,Empirical Bayesian models for analysing molecular serotyping microarrays,0.0,0.0,0.0,False
scifact,805,Monoclonal antibody targeting of N-cadherin inhibits metastasis.,22180793,"Monoclonal antibody targeting of N-cadherin inhibits prostate cancer growth, metastasis and castration resistance",22180793,"Monoclonal antibody targeting of N-cadherin inhibits prostate cancer growth, metastasis and castration resistance",1.0,1.0,0.0,False
scifact,814,"Mutations in G-Beta protein GNB2 are present in many cancers, resulting in loss of interaction with G-alpha subunits and concomitant activation of AKT pathway.",33387953,Mutations in G protein beta subunits promote transformation and kinase inhibitor resistance,33387953,Mutations in G protein beta subunits promote transformation and kinase inhibitor resistance,1.0,1.0,0.0,False
scifact,811,Mutant mice lacking SVCT2 have greatly increased ascorbic acid levels in both brain and adrenals.,19799455,Ascorbic-acid transporter Slc23a1 is essential for vitamin C transport into the brain and for perinatal survival,19799455,Ascorbic-acid transporter Slc23a1 is essential for vitamin C transport into the brain and for perinatal survival,1.0,1.0,0.0,False
scifact,808,Most termination events in Okazaki fragments are sequence specific.,36606083,"Quantitative, genome-wide analysis of eukaryotic replication initiation and termination.",36606083,"Quantitative, genome-wide analysis of eukaryotic replication initiation and termination.",1.0,1.0,0.0,False
scifact,821,N-terminal cleavage reduces success identifying transcription start sites.,18111172,The fidelity of the ligation step determines how ends are resolved during Nonhomologous end joining,2817000,Histone Variant H2A.Z Marks the 5′ Ends of Both Active and Inactive Genes in Euchromatin,0.0,0.0,0.0,True
scifact,823,N348I mutations cause resistance to zidovudine (AZT).,15319019,N348I in the Connection Domain of HIV-1 Reverse Transcriptase Confers Zidovudine and Nevirapine Resistance,15319019,N348I in the Connection Domain of HIV-1 Reverse Transcriptase Confers Zidovudine and Nevirapine Resistance,1.0,1.0,0.0,False
scifact,830,NF2 (Merlin) causes phosphorylation and subsequent cytoplasmic sequestration of YAP in Drosophila by activating LATS1/2 kinases.,11535539,Mechanosignaling through YAP and TAZ drives fibroblast activation and fibrosis.,52873726,Regulation of Hippo pathway transcription factor TEAD by p38 MAPK-induced cytoplasmic translocation,0.0,0.0,0.0,True
scifact,820,N-terminal cleavage increases success identifying transcription start sites.,21853444,"Computational analysis of 3'-ends of ESTs shows four classes of alternative polyadenylation in human, mouse, and rat.",5116145,A library of yeast transcription factor motifs reveals a widespread function for Rsc3 in targeting nucleosome exclusion at promoters.,0.0,0.0,0.0,True
scifact,831,NF2 (Merlin) prevents phosphorylation and subsequent cytoplasmic sequestration of YAP in Drosophila.,11535539,Mechanosignaling through YAP and TAZ drives fibroblast activation and fibrosis.,52873726,Regulation of Hippo pathway transcription factor TEAD by p38 MAPK-induced cytoplasmic translocation,0.0,0.0,0.0,True
scifact,198,CCL19 is absent within dLNs.,29347970,CCR6 regulates the migration of inflammatory and regulatory T cells.,13778710,Chemokine-like receptor 1 (CMKLR1) and chemokine (C-C motif) receptor-like 2 (CCRL2); two multifunctional receptors with unusual properties.,0.0,0.0,0.0,True
scifact,180,Blocking the interaction between TDP-43 and respiratory complex I proteins ND3 and ND6 leads to increased TDP-43-induced neuronal loss.,16966326,The Inhibition of TDP-43 Mitochondrial Localization Blocks Its Neuronal Toxicity,16966326,The Inhibition of TDP-43 Mitochondrial Localization Blocks Its Neuronal Toxicity,1.0,1.0,0.0,False
scifact,171,Basophils counteract disease development in patients with systemic lupus erythematosus (SLE).,12670680,BASOPHILS AND THE T HELPER 2 ENVIRONMENT CAN PROMOTE THE DEVELOPMENT OF LUPUS NEPHRITIS,12670680,BASOPHILS AND THE T HELPER 2 ENVIRONMENT CAN PROMOTE THE DEVELOPMENT OF LUPUS NEPHRITIS,1.0,1.0,0.0,False
scifact,137,Asymptomatic visual impairment screening in elderly populations does not lead to improved vision.,26016929,Effectiveness of screening older people for impaired vision in community setting: systematic review of evidence from randomised controlled trials.,26016929,Effectiveness of screening older people for impaired vision in community setting: systematic review of evidence from randomised controlled trials.,1.0,1.0,0.0,False
scifact,233,Cell autonomous sex determination in somatic cells does not occur in Galliformes.,4388470,Somatic sex identity is cell-autonomous in the chicken,4388470,Somatic sex identity is cell-autonomous in the chicken,1.0,1.0,0.0,False
scifact,219,CX3CR1 on the Th2 cells suppresses airway inflammation.,21366394,CX3CR1 is required for airway inflammation by promoting T helper cell survival and maintenance in inflamed lung,21366394,CX3CR1 is required for airway inflammation by promoting T helper cell survival and maintenance in inflamed lung,1.0,1.0,0.0,False
scifact,217,CX3CR1 on the Th2 cells promotes T cell survival,21366394,CX3CR1 is required for airway inflammation by promoting T helper cell survival and maintenance in inflamed lung,21366394,CX3CR1 is required for airway inflammation by promoting T helper cell survival and maintenance in inflamed lung,1.0,1.0,0.0,False
scifact,216,CX3CR1 on the Th2 cells impairs T cell survival,21366394,CX3CR1 is required for airway inflammation by promoting T helper cell survival and maintenance in inflamed lung,21366394,CX3CR1 is required for airway inflammation by promoting T helper cell survival and maintenance in inflamed lung,1.0,1.0,0.0,False
scifact,230,Carriers of the alcohol aldehyde dehydrogenase deficiency mutation drink less that non-carries.,3067015,Alcohol Intake and Blood Pressure: A Systematic Review Implementing a Mendelian Randomization Approach,3067015,Alcohol Intake and Blood Pressure: A Systematic Review Implementing a Mendelian Randomization Approach,1.0,1.0,0.0,False
scifact,218,CX3CR1 on the Th2 cells promotes airway inflammation.,21366394,CX3CR1 is required for airway inflammation by promoting T helper cell survival and maintenance in inflamed lung,21366394,CX3CR1 is required for airway inflammation by promoting T helper cell survival and maintenance in inflamed lung,1.0,1.0,0.0,False
scifact,1319,Transplanted human glial cells can differentiate within the host animal.,16284655,Forebrain engraftment by human glial progenitor cells enhances synaptic plasticity and learning in adult mice.,16284655,Forebrain engraftment by human glial progenitor cells enhances synaptic plasticity and learning in adult mice.,1.0,1.0,0.0,False
scifact,146,Autologous transplantation of mesenchymal stem cells has lower rates of rejection than induction therapy with anti-interleukin-2 receptor antibodies.,10582939,Induction therapy with autologous mesenchymal stem cells in living-related kidney transplants: a randomized controlled trial.,10582939,Induction therapy with autologous mesenchymal stem cells in living-related kidney transplants: a randomized controlled trial.,1.0,1.0,0.0,False
scifact,13,5% of perinatal mortality is due to low birth weight.,7662395,Perinatal mortality in rural China: retrospective cohort study.,1263446,Determinants of neonatal mortality in Indonesia,0.0,0.0,0.0,True
scifact,130,Articles published in open access format are more likely to be cited than traditional journals.,27768226,Open Access Increases Citation Rate,27768226,Open Access Increases Citation Rate,1.0,1.0,0.0,False
scifact,1303,Tirasemtiv has no effect on fast-twitch muscle.,12631697,Activation of fast skeletal muscle troponin as a potential therapeutic approach for treating neuromuscular diseases,12631697,Activation of fast skeletal muscle troponin as a potential therapeutic approach for treating neuromuscular diseases,1.0,1.0,0.0,False
scifact,143,Autologous transplantation of mesenchymal stem cells causes fewer opportunistic infections than induction therapy with anti-interleukin-2 receptor antibodies.,10582939,Induction therapy with autologous mesenchymal stem cells in living-related kidney transplants: a randomized controlled trial.,10582939,Induction therapy with autologous mesenchymal stem cells in living-related kidney transplants: a randomized controlled trial.,1.0,1.0,0.0,False
scifact,142,Autologous transplantation of mesenchymal stem cells causes a higher rate of opportunistic infections than induction therapy with anti-interleukin-2 receptor antibodies.,10582939,Induction therapy with autologous mesenchymal stem cells in living-related kidney transplants: a randomized controlled trial.,10582939,Induction therapy with autologous mesenchymal stem cells in living-related kidney transplants: a randomized controlled trial.,1.0,1.0,0.0,False
scifact,1389,mTORC2 regulates intracellular cysteine levels through xCT inhibition.,23895668,mTORC2 Regulates Amino Acid Metabolism in Cancer by Phosphorylation of the Cystine-Glutamate Antiporter xCT.,23895668,mTORC2 Regulates Amino Acid Metabolism in Cancer by Phosphorylation of the Cystine-Glutamate Antiporter xCT.,1.0,1.0,0.0,False
scifact,1382,aPKCz causes tumour enhancement by affecting glutamine metabolism.,17755060,Control of Nutrient Stress-Induced Metabolic Reprogramming by PKCζ in Tumorigenesis,17755060,Control of Nutrient Stress-Induced Metabolic Reprogramming by PKCζ in Tumorigenesis,1.0,1.0,0.0,False
scifact,1282,Therapeutic use of the drug Dapsone to treat pyoderma gangrenous is based on anecdotal evidence.,23649163,Clinical features and treatment of peristomal pyoderma gangrenosum.,23649163,Clinical features and treatment of peristomal pyoderma gangrenosum.,1.0,1.0,0.0,False
scifact,1271,The severity of cardiac involvement in amyloidosis can be described by the degree of transmurality of late gadolinium enhancement in MRI.,13768432,Prognostic Value of Late Gadolinium Enhancement Cardiovascular Magnetic Resonance in Cardiac Amyloidosis,13768432,Prognostic Value of Late Gadolinium Enhancement Cardiovascular Magnetic Resonance in Cardiac Amyloidosis,1.0,1.0,0.0,False
scifact,1273,The sliding activity of kinesin-8 protein Kip3 promotes bipolar spindle assembly.,11041152,Microtubule sliding activity of a kinesin-8 promotes spindle assembly and spindle length control,11041152,Microtubule sliding activity of a kinesin-8 promotes spindle assembly and spindle length control,1.0,1.0,0.0,False
scifact,129,Articles published in open access format are less likely to be cited than traditional journals.,27768226,Open Access Increases Citation Rate,27768226,Open Access Increases Citation Rate,1.0,1.0,0.0,False
scifact,1359,Varenicline monotherapy is more effective after 12 weeks of treatment compared to combination nicotine replacement therapies with varenicline or bupropion.,11614737,Combination varenicline and bupropion SR for tobacco-dependence treatment in cigarette smokers: a randomized trial.,11614737,Combination varenicline and bupropion SR for tobacco-dependence treatment in cigarette smokers: a randomized trial.,1.0,1.0,0.0,False
scifact,1352,Upregulation of mosGCTL-1 is induced upon infection with West Nile virus.,12885341,A C-Type Lectin Collaborates with a CD45 Phosphatase Homolog to Facilitate West Nile Virus Infection of Mosquitoes,12885341,A C-Type Lectin Collaborates with a CD45 Phosphatase Homolog to Facilitate West Nile Virus Infection of Mosquitoes,1.0,1.0,0.0,False
scifact,1270,The risk of male prisoners harming themselves is ten times that of female prisoners.,13900610,"Self-harm in prisons in England and Wales: an epidemiological study of prevalence, risk factors, clustering, and subsequent suicide",13900610,"Self-harm in prisons in England and Wales: an epidemiological study of prevalence, risk factors, clustering, and subsequent suicide",1.0,1.0,0.0,False
scifact,1320,Transplanted human glial progenitor cells are incapable of forming a neural network with host animals' neurons.,16284655,Forebrain engraftment by human glial progenitor cells enhances synaptic plasticity and learning in adult mice.,16284655,Forebrain engraftment by human glial progenitor cells enhances synaptic plasticity and learning in adult mice.,1.0,1.0,0.0,False
scifact,1336,UCB T cells reduce TCR diversity after transplantation.,27910499,Quantitative assessment of T-cell repertoire recovery after hematopoietic stem cell transplantation,27910499,Quantitative assessment of T-cell repertoire recovery after hematopoietic stem cell transplantation,1.0,1.0,0.0,False
scifact,1316,Transferred UCB T cells acquire a memory-like phenotype in recipients.,37311371,"Central memory and effector memory T cell subsets: function, generation, and maintenance.",24879055,Distinct memory CD4+ T cells with commitment to T follicular helper- and T helper 1-cell lineages are generated after acute viral infection.,0.0,0.0,0.0,True
scifact,521,High-sensitivity cardiac troponin T (HSCT-T) dosage may not be diagnostic if the onset of symptoms occurs less than 3 hours before acute myocardial injury (AMI).,34873974,Diagnostic accuracy of single baseline measurement of Elecsys Troponin T high-sensitive assay for diagnosis of acute myocardial infarction in emergency department: systematic review and meta-analysis,34873974,Diagnostic accuracy of single baseline measurement of Elecsys Troponin T high-sensitive assay for diagnosis of acute myocardial infarction in emergency department: systematic review and meta-analysis,1.0,1.0,0.0,False
scifact,437,Functional consequences of genomic alterations due to Myelodysplastic syndrome (MDS) are poorly understood due to the lack of an animal model.,2359152,Landscape of genetic lesions in 944 patients with myelodysplastic syndromes,5765455,"Reactive oxygen species, DNA damage, and error-prone repair: a model for genomic instability with progression in myeloid leukemia?",0.0,0.0,0.0,True
scifact,440,Fz/PCP-dependent Pk localizes to the anterior membrane of notochord cells during zebrafish neuralation.,4423559,Planar cell polarity signalling couples cell division and morphogenesis during neurulation,4423559,Planar cell polarity signalling couples cell division and morphogenesis during neurulation,1.0,1.0,0.0,False
scifact,443,GATA-3 is important for hematopoietic stem cell (HSC) function.,10165258,GATA-3 regulates hematopoietic stem cell maintenance and cell-cycle entry.,10165258,GATA-3 regulates hematopoietic stem cell maintenance and cell-cycle entry.,1.0,1.0,0.0,False
scifact,303,DMRT1 is a sex-determining gene that is epigenetically regulated by the MHM region.,5278233,A maternally methylated CpG island in KvLQT1 is associated with an antisense paternal transcript and loss of imprinting in Beckwith-Wiedemann syndrome.,4085204,Transcripts of the MHM region on the chicken Z chromosome accumulate as non-coding RNA in the nucleus of female cells adjacent to the DMRT1 locus,0.0,0.0,0.0,True
scifact,478,Golli-deficient T-cells prefer to differentiate into an anergic phenotype in the adaptive immune response when there are increased levels of Ca2+ in the cytosol.,14767844,Golli protein negatively regulates store depletion-induced calcium influx in T cells.,14767844,Golli protein negatively regulates store depletion-induced calcium influx in T cells.,1.0,1.0,0.0,False
scifact,421,Flexible molecules experience greater steric hindrance in the tumor microenviroment than rigid molecules.,1065627,Microenvironment rigidity modulates responses to the HER2 receptor tyrosine kinase inhibitor lapatinib via YAP and TAZ transcription factors.,1065627,Microenvironment rigidity modulates responses to the HER2 receptor tyrosine kinase inhibitor lapatinib via YAP and TAZ transcription factors.,0.0,0.0,0.0,False
scifact,431,FoxO3a activation in neuronal death is mediated by reactive oxygen species (ROS).,14496749,A Conserved MST-FOXO Signaling Pathway Mediates Oxidative-Stress Responses and Extends Life Span,4399311,A role for mitochondria in NLRP3 inflammasome activation,0.0,0.0,0.0,True
scifact,436,Free histones are degraded by a Rad53-dependent mechanism once DNA has been replicated.,14637235,Histone levels are regulated by phosphorylation and ubiquitylation dependent proteolysis,14637235,Histone levels are regulated by phosphorylation and ubiquitylation dependent proteolysis,1.0,1.0,0.0,False
scifact,385,Epigenetic modulating agents (EMAs) modulate antitumor immune response in a cancer model system.,1032372,Augmenting Antitumor Immune Responses with Epigenetic Modifying Agents,1032372,Augmenting Antitumor Immune Responses with Epigenetic Modifying Agents,0.6934264036172708,0.6934264036172708,0.0,False
scifact,314,Deamination of cytidine to uridine on the minus strand of viral DNA results in catastrophic G-to-A mutations in the viral genome.,2638387,The cytidine deaminase CEM15 induces hypermutation in newly synthesized HIV-1 DNA,544971,DNA Deamination Mediates Innate Immunity to Retroviral Infection,0.0,0.0,0.0,True
scifact,312,De novo assembly of sequence data has more specific contigs than unassembled sequence data.,14464451,Effects of GC Bias in Next-Generation-Sequencing Data on De Novo Genome Assembly,32770503,Full-length transcriptome assembly from RNA-Seq data without a reference genome.,0.0,0.0,0.0,True
scifact,327,Deletion of αvβ8 does not result in a spontaneous inflammatory phenotype.,17997584,Integrin αvβ8-Mediated TGF-β Activation by Effector Regulatory T Cells Is Essential for Suppression of T-Cell-Mediated Inflammation,17997584,Integrin αvβ8-Mediated TGF-β Activation by Effector Regulatory T Cells Is Essential for Suppression of T-Cell-Mediated Inflammation,1.0,1.0,0.0,False
scifact,350,Discrimination between the initiator and elongation tRNAs depends on the translation initiation factor IF3.,16927286,Large-Scale Movements of IF3 and tRNA during Bacterial Translation Initiation,16927286,Large-Scale Movements of IF3 and tRNA during Bacterial Translation Initiation,1.0,1.0,0.0,False
scifact,354,Downregulation and mislocalization of Scribble prevents cell transformation and mammary tumorigenesis.,8774475,Deregulation of Scribble Promotes Mammary Tumorigenesis and Reveals a Role for Cell Polarity in Carcinoma,8774475,Deregulation of Scribble Promotes Mammary Tumorigenesis and Reveals a Role for Cell Polarity in Carcinoma,1.0,1.0,0.0,False
scifact,362,During the primary early antibody response activated B cells migrate toward the inner-and outer paracortical areas where oxysterol accumulation is generated by stromal cells.,38587347,Finding the right niche: B-cell migration in the early phases of T-dependent antibody responses.,38587347,Finding the right niche: B-cell migration in the early phases of T-dependent antibody responses.,1.0,1.0,0.0,False
scifact,380,Enhanced early production of inflammatory chemokines improves viral control in the lung.,19005293,Memory CD4+ T cells induce innate responses independently of pathogen,19005293,Memory CD4+ T cells induce innate responses independently of pathogen,1.0,1.0,0.0,False
scifact,236,Cell autonomous sex determination in somatic cells occurs in Passeriformes.,4388470,Somatic sex identity is cell-autonomous in the chicken,4388470,Somatic sex identity is cell-autonomous in the chicken,1.0,1.0,0.0,False
scifact,274,Combination nicotine replacement therapies with varenicline or bupropion lead to significantly higher long-term abstinence rates at 52 weeks than varenicline monotherapy.,11614737,Combination varenicline and bupropion SR for tobacco-dependence treatment in cigarette smokers: a randomized trial.,11614737,Combination varenicline and bupropion SR for tobacco-dependence treatment in cigarette smokers: a randomized trial.,1.0,1.0,0.0,False
scifact,239,Cellular aging closely links to an older appearance.,16693950,Replicative aging in yeast: the means to the end.,615047,Fission yeast and other yeasts as emergent models to unravel cellular aging in eukaryotes.,0.0,0.0,0.0,True
scifact,386,Errors in peripheral IV drug administration are most common during bolus administration and multiple-step medicine preparations.,16495649,Ethnographic study of incidence and severity of intravenous drug errors.,16495649,Ethnographic study of incidence and severity of intravenous drug errors.,1.0,1.0,0.0,False
scifact,279,Commelina yellow mottle virus' (ComYMV) genome consists of 7489 baise pairs.,14376683,"Properties of Commelina yellow mottle virus's complete DNA sequence, genomic discontinuities and transcript suggest that it is a pararetrovirus.",14376683,"Properties of Commelina yellow mottle virus's complete DNA sequence, genomic discontinuities and transcript suggest that it is a pararetrovirus.",1.0,1.0,0.0,False
scifact,770,Metastatic colorectal cancer treated with a single agent fluoropyrimidines resulted in reduced efficacy and lower quality of life when compared with oxaliplatin-based chemotherapy in elderly patients.,15476777,"Chemotherapy options in elderly and frail patients with metastatic colorectal cancer (MRC FOCUS2): an open-label, randomised factorial trial",15476777,"Chemotherapy options in elderly and frail patients with metastatic colorectal cancer (MRC FOCUS2): an open-label, randomised factorial trial",1.0,1.0,0.0,False
scifact,53,ALDH1 expression is associated with poorer prognosis in breast cancer.,45638119,ALDH1 is a marker of normal and malignant human mammary stem cells and a predictor of poor clinical outcome.,45638119,ALDH1 is a marker of normal and malignant human mammary stem cells and a predictor of poor clinical outcome.,1.0,1.0,0.0,False
scifact,532,Hyperfibrinogenemia decreases rates of femoropopliteal bypass thrombosis.,12991445,Influence of smoking and plasma factors on patency of femoropopliteal vein grafts.,12991445,Influence of smoking and plasma factors on patency of femoropopliteal vein grafts.,1.0,1.0,0.0,False
scifact,533,Hyperfibrinogenemia increases rates of femoropopliteal bypass thrombosis.,12991445,Influence of smoking and plasma factors on patency of femoropopliteal vein grafts.,12991445,Influence of smoking and plasma factors on patency of femoropopliteal vein grafts.,1.0,1.0,0.0,False
scifact,539,Hypoglycemia increases the risk of dementia.,13282296,Hypoglycemic episodes and risk of dementia in older patients with type 2 diabetes mellitus.,13282296,Hypoglycemic episodes and risk of dementia in older patients with type 2 diabetes mellitus.,1.0,1.0,0.0,False
scifact,536,Hypocretin neurones induce panicprone state in rats.,16056514,A KEY ROLE FOR OREXIN IN PANIC ANXIETY,16056514,A KEY ROLE FOR OREXIN IN PANIC ANXIETY,1.0,1.0,0.0,False
scifact,552,IgA plasma cells that are specific for transglutaminase 2 accumulate in the duodenal mucosa on commencement of a gluten-free diet.,1471041,High abundance of plasma cells secreting transglutaminase 2–specific IgA autoantibodies with limited somatic hypermutation in celiac disease intestinal lesions,1471041,High abundance of plasma cells secreting transglutaminase 2–specific IgA autoantibodies with limited somatic hypermutation in celiac disease intestinal lesions,1.0,1.0,0.0,False
scifact,549,IRG1 has antiviral effects against neurotropic viruses.,9433958,Differential innate immune response programs in neuronal subtypes determine susceptibility to infection in the brain by positive stranded RNA viruses,9433958,Differential innate immune response programs in neuronal subtypes determine susceptibility to infection in the brain by positive stranded RNA viruses,1.0,1.0,0.0,False
scifact,49,ADAR1 binds to Dicer to cleave pre-miRNA.,5953485,ADAR1 Forms a Complex with Dicer to Promote MicroRNA Processing and RNA-Induced Gene Silencing,5953485,ADAR1 Forms a Complex with Dicer to Promote MicroRNA Processing and RNA-Induced Gene Silencing,1.0,1.0,0.0,False
scifact,491,HNF4A mutations can cause diabetes in mutant carriers by the age of 14 years,56893404,Macrosomia and Hyperinsulinaemic Hypoglycaemia in Patients with Heterozygous Mutations in the HNF4A Gene,56893404,Macrosomia and Hyperinsulinaemic Hypoglycaemia in Patients with Heterozygous Mutations in the HNF4A Gene,1.0,1.0,0.0,False
scifact,48,"A total of 1,000 people in the UK are asymptomatic carriers of vCJD infection.",18617259,Research Letters,18617259,Research Letters,0.0,0.0,0.0,False
scifact,56,APOE4 expression in iPSC-derived neurons increases AlphaBeta production and tau phosphorylation causing GABA neuron degeneration.,4709641,Gain of toxic Apolipoprotein E4 effects in Human iPSC-Derived Neurons Is Ameliorated by a Small-Molecule Structure Corrector,4709641,Gain of toxic Apolipoprotein E4 effects in Human iPSC-Derived Neurons Is Ameliorated by a Small-Molecule Structure Corrector,1.0,1.0,0.0,False
scifact,507,Helminths interfere with immune system control of macrophages activated by IL-4 favor Mycobacterium tuberculosis replication.,7433668,Preexisting helminth infection induces inhibition of innate pulmonary anti-tuberculosis defense by engaging the IL-4 receptor pathway,7433668,Preexisting helminth infection induces inhibition of innate pulmonary anti-tuberculosis defense by engaging the IL-4 receptor pathway,0.6309297535714575,0.6309297535714575,0.0,False
scifact,502,"Healthcare delivery efficiency in crowded delivery centers is impaired by improving structural, logistical, and interpersonal elements.",38180456,Short-term medical service trips: a systematic review of the evidence.,70516463,To err is human. Building a safer health system,0.0,0.0,0.0,True
scifact,501,Headaches are not correlated with cognitive impairment.,17930286,"Headache, migraine, and structural brain lesions and function: population based Epidemiology of Vascular Ageing-MRI study",17930286,"Headache, migraine, and structural brain lesions and function: population based Epidemiology of Vascular Ageing-MRI study",1.0,1.0,0.0,False
scifact,50,AIRE is expressed in some skin tumors.,12580014,Keratin-dependent regulation of Aire and gene expression in skin tumor keratinocytes,12580014,Keratin-dependent regulation of Aire and gene expression in skin tumor keratinocytes,1.0,1.0,0.0,False
scifact,411,Febrile seizures reduce the threshold for development of epilepsy.,14924526,Febrile seizures in the developing brain result in persistent modification of neuronal excitability in limbic circuits,14924526,Febrile seizures in the developing brain result in persistent modification of neuronal excitability in limbic circuits,1.0,1.0,0.0,False
scifact,525,Histone demethylase recruitment and a transient decrease in histone methylation is necessary for ligand-dependent induction of transcription by nuclear receptors.,13639330,Histone Methylation-Dependent Mechanisms Impose Ligand Dependency for Gene Activation by Nuclear Receptors,13639330,Histone Methylation-Dependent Mechanisms Impose Ligand Dependency for Gene Activation by Nuclear Receptors,1.0,1.0,0.0,False
scifact,399,Exposure to fine particulate air pollution is relate to anxiety prevalence.,791050,The relation between past exposure to fine particulate air pollution and prevalent anxiety: observational cohort study,791050,The relation between past exposure to fine particulate air pollution and prevalent anxiety: observational cohort study,1.0,1.0,0.0,False
scifact,410,Febrile seizures increase the threshold for development of epilepsy.,14924526,Febrile seizures in the developing brain result in persistent modification of neuronal excitability in limbic circuits,14924526,Febrile seizures in the developing brain result in persistent modification of neuronal excitability in limbic circuits,1.0,1.0,0.0,False
scifact,513,High cardiopulmonary fitness causes increased mortality rate.,12770738,Cardiorespiratory fitness and body mass index as predictors of cardiovascular disease mortality among men with diabetes.,12770738,Cardiorespiratory fitness and body mass index as predictors of cardiovascular disease mortality among men with diabetes.,0.6309297535714575,0.6309297535714575,0.0,False
scifact,508,Hematopoietic Stem Cell purification reaches purity rate of up to 50%.,25516011,Purification and characterization of mouse hematopoietic stem cells.,25516011,Purification and characterization of mouse hematopoietic stem cells.,0.0,0.0,0.0,False
scifact,516,High levels of CRP reduces the risk of exacerbations in chronic obstructive pulmonary disease (COPD).,29564505,Inflammatory biomarkers and exacerbations in chronic obstructive pulmonary disease.,29564505,Inflammatory biomarkers and exacerbations in chronic obstructive pulmonary disease.,1.0,1.0,0.0,False
scifact,721,Lupus-prone mice infected with curliproducing bacteria have higher autoantibody titers compared to controls.,1834762,Amyloid-DNA Composites of Bacterial Biofilms Stimulate Autoimmunity.,1834762,Amyloid-DNA Composites of Bacterial Biofilms Stimulate Autoimmunity.,1.0,1.0,0.0,False
scifact,623,Individuals with low serum vitamin D concentrations have increased risk of multiple sclerosis.,22843838,[Vitamin D and latitude as environmental factors in multiple sclerosis].,25599283,Low serum vitamin D is associated with high risk of diabetes in Korean adults.,0.0,0.0,0.0,True
scifact,636,"Inositol lipid 3-phosphatase PTEN converts Ptdlns(3,4)P 2 into phosphatidylinositol 4-phosphate.",24294572,"PTEN Regulates PI(3,4)P2 Signaling Downstream of Class I PI3K",24294572,"PTEN Regulates PI(3,4)P2 Signaling Downstream of Class I PI3K",1.0,1.0,0.0,False
scifact,72,Activator-inhibitor pairs are provided dorsally by Admpchordin.,6076903,Regulation of ADMP and BMP2/4/7 at Opposite Embryonic Poles Generates a Self-Regulating Morphogenetic Field,6076903,Regulation of ADMP and BMP2/4/7 at Opposite Embryonic Poles Generates a Self-Regulating Morphogenetic Field,1.0,1.0,0.0,False
scifact,716,Low expression of miR7a exerts a biological function in testis.,13290521,MicroRNA-7: A miRNA with expanding roles in development and disease.,10024681,Epigenetic-induced repression of microRNA-205 is associated with MED1 activation and a poorer prognosis in localized prostate cancer,0.0,0.0,0.0,True
scifact,729,Lymphadenopathy is observed in knockin mouse lacking the SHP-2 MAPK pathway.,26851674,Dissection of signaling cascades through gp130 in vivo: reciprocal roles for STAT3- and SHP2-mediated signals in immune responses.,26851674,Dissection of signaling cascades through gp130 in vivo: reciprocal roles for STAT3- and SHP2-mediated signals in immune responses.,1.0,1.0,0.0,False
scifact,768,Mercaptopurine is anabolized into the inactive methylmercaptopurine by thiopurine methyltrasnferase (TPMT).,19497526,A common missense variant in NUDT15 confers susceptibility to thiopurine-induced leukopenia,1373287,Prognostic importance of 6-mercaptopurine dose intensity in acute lymphoblastic leukemia.,0.0,0.0,0.0,True
scifact,723,Ly49Q directs the organization of neutrophil migration to inflammation sites by regulating membrane raft functions.,5531479,The Ly49Q receptor plays a crucial role in neutrophil polarization and migration by regulating raft trafficking.,5531479,The Ly49Q receptor plays a crucial role in neutrophil polarization and migration by regulating raft trafficking.,1.0,1.0,0.0,False
scifact,759,Mathematical models predict that using Artemisinin-based combination therapy over nongametocytocidal drugs have a dramatic impact in reducing malaria transmission.,1805641,Modelling the Impact of Artemisinin Combination Therapy and Long-Acting Treatments on Malaria Transmission Intensity,1805641,Modelling the Impact of Artemisinin Combination Therapy and Long-Acting Treatments on Malaria Transmission Intensity,1.0,1.0,0.0,False
scifact,692,Leuko-increased blood increases infectious complications in red blood cell transfusion.,24088502,Clinical outcomes following institution of the Canadian universal leukoreduction program for red blood cell transfusions.,24088502,Clinical outcomes following institution of the Canadian universal leukoreduction program for red blood cell transfusions.,1.0,1.0,0.0,False
scifact,693,Leuko-reduced blood reduces infectious complications in red blood cell transfusion.,24088502,Clinical outcomes following institution of the Canadian universal leukoreduction program for red blood cell transfusions.,24088502,Clinical outcomes following institution of the Canadian universal leukoreduction program for red blood cell transfusions.,1.0,1.0,0.0,False
scifact,70,Activation of PPM1D suppresses p53 function.,9483851,Unravelling mechanisms of p53-mediated tumour suppression,21307488,HER-2/neu induces p53 ubiquitination via Akt-mediated MDM2 phosphorylation,0.0,0.0,0.0,True
scifact,715,Low expression of miR7a does represses target genes and exerts a biological function in ovaries.,13290521,MicroRNA-7: A miRNA with expanding roles in development and disease.,2000038,MicroRNAs can generate thresholds in target gene expression,0.0,0.0,0.0,True
scifact,57,"APOE4 expression in iPSC-derived neurons increases AlphaBeta production and tau phosphorylation, delaying GABA neuron degeneration.",4709641,Gain of toxic Apolipoprotein E4 effects in Human iPSC-Derived Neurons Is Ameliorated by a Small-Molecule Structure Corrector,4709641,Gain of toxic Apolipoprotein E4 effects in Human iPSC-Derived Neurons Is Ameliorated by a Small-Molecule Structure Corrector,1.0,1.0,0.0,False
scifact,560,Immune responses result in the development of inflammatory Th17 cells and anti-inflammatory iTregs.,11233339,"Pivotal Roles of T-Helper 17-Related Cytokines, IL-17, IL-22, and IL-23, in Inflammatory Diseases",2844490,Proinflammatory cytokines underlying the inflammation of Crohn's disease.,0.0,0.0,0.0,True
scifact,589,"In young and middle-aged adults, current or remote uses of ADHD medications do not increase the risk of serious cardiovascular events.",10984005,ADHD medications and risk of serious cardiovascular events in young and middle-aged adults.,10984005,ADHD medications and risk of serious cardiovascular events in young and middle-aged adults.,1.0,1.0,0.0,False
scifact,578,"In mouse models, the loss of CSF1R facilitates MOZ-TIF2-induced leuekmogenesis.",8764879,PU.1-mediated upregulation of CSF1R is crucial for leukemia stem cell potential induced by MOZ-TIF2,8764879,PU.1-mediated upregulation of CSF1R is crucial for leukemia stem cell potential induced by MOZ-TIF2,1.0,1.0,0.0,False
scifact,613,Increased microtubule acetylation repairs LRRK2 Roc-COR domain mutation induced locomotor deficits.,9638032,Increasing microtubule acetylation rescues axonal transport and locomotor deficits caused by LRRK2 Roc-COR domain mutations,9638032,Increasing microtubule acetylation rescues axonal transport and locomotor deficits caused by LRRK2 Roc-COR domain mutations,1.0,1.0,0.0,False
scifact,593,Incidence of heart failure decreased by 10% in women since 1979.,19675911,Trends in heart failure incidence and survival in a community-based population.,19675911,Trends in heart failure incidence and survival in a community-based population.,1.0,1.0,0.0,False
scifact,598,Incidence rates of cervical cancer have increased due to nationwide screening programs based primarily on cytology to detect uterine cervical cancer.,6561200,Efficacy of HPV DNA testing with cytology triage and/or repeat HPV DNA testing in primary cervical cancer screening.,46695481,Human papillomavirus and Papanicolaou tests to screen for cervical cancer.,0.3333333333333333,0.3333333333333333,0.0,True
scifact,975,Primary pro-inflammatory cytokines induce secondary pro- and anti-inflammatory mediators.,2844490,Proinflammatory cytokines underlying the inflammation of Crohn's disease.,9956893,The Role of PPARγ in Advanced Glycation End Products-Induced Inflammatory Response in Human Chondrocytes,0.0,0.0,0.0,True
scifact,982,Proteins synthesized at the growth cone are ubiquitinated at a higher rate than proteins from the cell body.,2988714,Coupled local translation and degradation regulate growth cone collapse,2988714,Coupled local translation and degradation regulate growth cone collapse,1.0,1.0,0.0,False
scifact,690,Less than 10% of the gabonese children with Schimmelpenning-Feuerstein-Mims syndrome (SFM) had a plasma lactate of more than 5mmol/L.,15692098,Hutchinson-Gilford progeria syndrome: review of the phenotype,25938221,The spectrum of retinopathy in adults with Plasmodium falciparum malaria,0.0,0.0,0.0,True
scifact,649,Integrating classroom-based collaborative learning with Web-based collaborative learning leads to subpar class performance,12789595,Computer assisted learning in undergraduate medical education.,12789595,Computer assisted learning in undergraduate medical education.,1.0,1.0,0.0,False
scifact,660,Ivermectin is used to treat onchocerciasis.,3308636,Interferons: Success in anti-viral immunotherapy.,5402581,Risk of death with atypical antipsychotic drug treatment for dementia: meta-analysis of randomized placebo-controlled trials.,0.0,0.0,0.0,True
scifact,921,Participating in six months of physical activity improves cognitive functioning.,1642727,Effect of physical activity on cognitive function in older adults at risk for Alzheimer disease: a randomized trial.,1642727,Effect of physical activity on cognitive function in older adults at risk for Alzheimer disease: a randomized trial.,1.0,1.0,0.0,False
scifact,922,Patients in stable partnerships have a faster progression from HIV to AIDS.,17077004,Stable partnership and progression to AIDS or death in HIV infected patients receiving highly active antiretroviral therapy: Swiss HIV cohort study.,17077004,Stable partnership and progression to AIDS or death in HIV infected patients receiving highly active antiretroviral therapy: Swiss HIV cohort study.,1.0,1.0,0.0,False
scifact,936,Peroxynitrite is required for nitration of TCR/CD8.,5483793,Altered recognition of antigen is a mechanism of CD8+ T cell tolerance in cancer,5483793,Altered recognition of antigen is a mechanism of CD8+ T cell tolerance in cancer,1.0,1.0,0.0,False
scifact,956,Pleiotropic coupling of GLP-1R to intracellular effectors promotes distinct profiles of cellular signaling.,12956194,The Extracellular Surface of the GLP-1 Receptor Is a Molecular Trigger for Biased Agonism,12956194,The Extracellular Surface of the GLP-1 Receptor Is a Molecular Trigger for Biased Agonism,1.0,1.0,0.0,False
scifact,960,Polymeal nutrition reduces cardiovascular mortality.,8780599,"The Polymeal: a more natural, safer, and probably tastier (than the Polypill) strategy to reduce cardiovascular disease by more than 75%.",8780599,"The Polymeal: a more natural, safer, and probably tastier (than the Polypill) strategy to reduce cardiovascular disease by more than 75%.",1.0,1.0,0.0,False
scifact,911,PKG-la plays an essential role in expression of pain hypersensitivity in PGK-la knockout mice.,11254556,Presynaptically Localized Cyclic GMP-Dependent Protein Kinase 1 Is a Key Determinant of Spinal Synaptic Potentiation and Pain Hypersensitivity,11254556,Presynaptically Localized Cyclic GMP-Dependent Protein Kinase 1 Is a Key Determinant of Spinal Synaptic Potentiation and Pain Hypersensitivity,1.0,1.0,0.0,False
scifact,907,PGE 2 promotes intestinal tumor growth by altering the expression of tumor suppressing and DNA repair genes.,6923961,Prostaglandin E2 promotes intestinal tumor growth via DNA methylation,6923961,Prostaglandin E2 promotes intestinal tumor growth via DNA methylation,1.0,1.0,0.0,False
scifact,1137,TNFAIP3 is a tumor suppressor in glioblastoma.,33370,Targeting A20 Decreases Glioma Stem Cell Survival and Tumor Growth,33370,Targeting A20 Decreases Glioma Stem Cell Survival and Tumor Growth,1.0,1.0,0.0,False
scifact,1110,Suboptimal nutrition is not predictive of chronic disease,20288322,"Lipid homeostasis, lipotoxicity and the metabolic syndrome.",9244474,Dietary factors in chronic inflammation: food tolerances and intolerances of a New Zealand Caucasian Crohn's disease population.,0.0,0.0,0.0,True
scifact,1121,Synaptic activity enhances local release of brain derived neurotrophic factor from postsynaptic dendrites.,4456756,Autocrine BDNF–TrkB signalling within a single dendritic spine,4456756,Autocrine BDNF–TrkB signalling within a single dendritic spine,1.0,1.0,0.0,False
scifact,113,Angiotensin converting enzyme inhibitors are associated with increased risk for functional renal insufficiency.,6157837,Renal considerations in angiotensin converting enzyme inhibitor therapy: a statement for healthcare professionals from the Council on the Kidney in Cardiovascular Disease and the Council for High Blood Pressure Research of the American Heart Association.,6157837,Renal considerations in angiotensin converting enzyme inhibitor therapy: a statement for healthcare professionals from the Council on the Kidney in Cardiovascular Disease and the Council for High Blood Pressure Research of the American Heart Association.,1.0,1.0,0.0,False
scifact,1130,T regulatory cells (tTregs) lacking αvβ8 are more adept at suppressing pathogenic T-cell responses during active inflammation.,17997584,Integrin αvβ8-Mediated TGF-β Activation by Effector Regulatory T Cells Is Essential for Suppression of T-Cell-Mediated Inflammation,17997584,Integrin αvβ8-Mediated TGF-β Activation by Effector Regulatory T Cells Is Essential for Suppression of T-Cell-Mediated Inflammation,1.0,1.0,0.0,False
scifact,1089,Smc5/6 engagment drives the activation of SUMO E3 ligase Mms21 by ATP-dependent remolding.,17628888,ATPase-Dependent Control of the Mms21 SUMO Ligase during DNA Repair,17628888,ATPase-Dependent Control of the Mms21 SUMO Ligase during DNA Repair,1.0,1.0,0.0,False
scifact,1104,Stroke patients with prior use of direct oral anticoagulants have a lower risk of in-hospital mortality than stroke patients with prior use of warfarin.,3898784,Association of Intracerebral Hemorrhage Among Patients Taking Non–Vitamin K Antagonist vs Vitamin K Antagonist Oral Anticoagulants With In-Hospital Mortality,3898784,Association of Intracerebral Hemorrhage Among Patients Taking Non–Vitamin K Antagonist vs Vitamin K Antagonist Oral Anticoagulants With In-Hospital Mortality,1.0,1.0,0.0,False
scifact,1086,Sildenafil improves erectile function in men who experience sexual dysfunction as a result of the use of SSRI antidepressants.,39281140,Treatment of antidepressant-associated sexual dysfunction with sildenafil: a randomized controlled trial.,39281140,Treatment of antidepressant-associated sexual dysfunction with sildenafil: a randomized controlled trial.,1.0,1.0,0.0,False
scifact,1088,Silencing of Bcl2 is important for the maintenance and progression of tumors.,37549932,Antiapoptotic BCL-2 is required for maintenance of a model leukemia.,37549932,Antiapoptotic BCL-2 is required for maintenance of a model leukemia.,1.0,1.0,0.0,False
scifact,1274,The tip of the inner tube of the toxic type VI secretion system (T6SS) antibacterial effector in Escherichia coli (E. coli) carries toxic effector proteins.,27731651,A view to a kill: the bacterial type VI secretion system.,4406819,PAAR-repeat proteins sharpen and diversify the Type VI secretion system spike,0.9469024295259745,0.9217868789962071,-0.025115550529767328,True
scifact,1099,Statins decrease blood cholesterol.,21557614,Pleiotropic effects of statins.,21557614,Pleiotropic effects of statins.,0.43067655807339306,0.38685280723454163,-0.04382375083885143,False
scifact,36,A deficiency of vitamin B12 increases blood levels of homocysteine.,33409100,Effect of homocysteine lowering on mortality and vascular disease in advanced chronic kidney disease and end-stage renal disease: a randomized controlled trial.,33409100,Effect of homocysteine lowering on mortality and vascular disease in advanced chronic kidney disease and end-stage renal disease: a randomized controlled trial.,0.448643819352159,0.3889580943680543,-0.05968572498410474,False
scifact,179,Birth-weight is positively associated with breast cancer.,27123743,Role of birthweight in the etiology of breast cancer.,16322674,Birth Size and Breast Cancer Risk: Re-analysis of Individual Participant Data from 32 Studies,0.9558295932317544,0.8932547230000344,-0.06257487023172004,True
scifact,967,Pretreatment with the Arp2/3 inhibitor CK-666 affects lamelliopodia formation.,2119889,Characterization of two classes of small molecule inhibitors of Arp2/3 complex,8997410,"Arp2/3 complex inhibition radically alters lamellipodial actin architecture, suspended cell shape, and the cell spreading process",1.0,0.9197207891481876,-0.08027921085181244,True
scifact,783,Mice without IFN-γ or its receptor are resistant to EAM induced with α-MyHC/CFA.,24338780,Lethal autoimmune myocarditis in interferon-gamma receptor-deficient mice: enhanced disease severity by impaired inducible nitric oxide synthase induction.,8246922,the Development of Autoimmune Myocarditis in Mice by an,0.38685280723454163,0.3010299956639812,-0.08582281157056043,True
scifact,1379,Women with a higher birth weight are more likely to develop breast cancer later in life.,27123743,Role of birthweight in the etiology of breast cancer.,27123743,Role of birthweight in the etiology of breast cancer.,0.9558295932317544,0.8326783988613894,-0.12315119437036504,False
scifact,133,"Assembly of invadopodia is triggered by focal generation of phosphatidylinositol-3,4-biphosphate and the activation of the nonreceptor tyrosine kinase Src.",12640810,Cortactin regulates cofilin and N-WASp activities to control the stages of invadopodium assembly and maturation,35660758,D3 phosphoinositides and outside-in integrin signaling by glycoprotein IIb-IIIa mediate platelet actin assembly and filopodial extension induced by phorbol 12-myristate 13-acetate.,0.639945385422766,0.5147714448836774,-0.1251739405390886,True
scifact,727,Ly6C hi monocytes have a lower inflammatory capacity compared to their Ly6C lo counterparts.,22406695,Origin and functions of tissue macrophages.,36444198,Subpopulations of mouse blood monocytes differ in maturation stage and inflammatory response.,0.43067655807339306,0.3010299956639812,-0.12964656240941186,True
scifact,551,ITAM phosphorylation prevents the transfer of the T cell receptor (TCR) signal from the echo-domain to the cytoplasmic tail of the T cell receptor (TCR).,8903143,Basic residues in the T-cell receptor ζ cytoplasmic domain mediate membrane association and modulate signaling.,8903143,Basic residues in the T-cell receptor ζ cytoplasmic domain mediate membrane association and modulate signaling.,0.6309297535714575,0.5,-0.13092975357145753,False
scifact,1029,Reduced responsiveness to interleukin-2 in regulatory T cells is associated with greater resistance to autoimmune diseases such as Type 1 Diabetes.,11899391,Type 1 diabetes-associated IL2RA variation lowers IL-2 signaling and contributes to diminished CD4+CD25+ regulatory T cell function.,11899391,Type 1 diabetes-associated IL2RA variation lowers IL-2 signaling and contributes to diminished CD4+CD25+ regulatory T cell function.,0.9060254355346823,0.7653606369886217,-0.14066479854606062,False
scifact,1344,Up-regulation of the p53 pathway and related molecular events casues cancer resistance and results in a significantly shortened lifespan marked by senescent cells and accelerated organismal aging.,6896063,Senescence and aging: the critical roles of p53,6896063,Senescence and aging: the critical roles of p53,0.6309297535714575,0.43067655807339306,-0.20025319549806447,False
scifact,756,Many proteins in human cells can be post-translationally modified at lysine residues via acetylation.,27134527,The growing landscape of lysine acetylation links metabolism and cell signalling,27134527,The growing landscape of lysine acetylation links metabolism and cell signalling,0.6309297535714575,0.43067655807339306,-0.20025319549806447,False
scifact,641,Insomnia can be effectively treated with cognitive behavioral therapy.,5912283,Cognitive behavioral therapy vs zopiclone for treatment of chronic primary insomnia in older adults: a randomized controlled trial.,5912283,Cognitive behavioral therapy vs zopiclone for treatment of chronic primary insomnia in older adults: a randomized controlled trial.,0.8315546295836225,0.6131471927654584,-0.2184074368181641,False
scifact,343,Diabetic patients with acute coronary syndrome experience increased short-term and long-term risk for bleeding events.,5884524,Impact of diabetes on long-term prognosis in patients with unstable angina and non-Q-wave myocardial infarction: results of the OASIS (Organization to Assess Strategies for Ischemic Syndromes) Registry.,23783727,Ticagrelor vs. clopidogrel in patients with acute coronary syndromes and diabetes: a substudy from the PLATelet inhibition and patient Outcomes (PLATO) trial,0.8315546295836225,0.5706417189553201,-0.26091291062830235,True
scifact,700,Localization of PIN1 in the Arabidopsis embryo does not require VPS9a,16557565,"Local, Efflux-Dependent Auxin Gradients as a Common Module for Plant Organ Formation",16557565,"Local, Efflux-Dependent Auxin Gradients as a Common Module for Plant Organ Formation",0.6309297535714575,0.3562071871080222,-0.27472256646343535,False
scifact,1281,The ureABIEFGH gene cluster is induced by nickel (II) ion.,36233757,Purification and activation properties of UreD-UreF-urease apoprotein complexes.,29214508,"Klebsiella aerogenes urease gene cluster: sequence of ureD and demonstration that four accessory genes (ureD, ureE, ureF, and ureG) are involved in nickel metallocenter biosynthesis.",0.3010299956639812,0.0,-0.3010299956639812,True
scifact,1245,The one-child policy has been successful in lowering population growth.,11748341,Evidence-based interventions for improvement of maternal and child nutrition: what can be done and at what cost?,49429882,Strategies for optimizing maternal nutrition to promote infant development,0.3010299956639812,0.0,-0.3010299956639812,True
scifact,702,Localization of PIN1 in the roots of Arabidopsis does not require VPS9a,16557565,"Local, Efflux-Dependent Auxin Gradients as a Common Module for Plant Organ Formation",16557565,"Local, Efflux-Dependent Auxin Gradients as a Common Module for Plant Organ Formation",0.6309297535714575,0.3010299956639812,-0.32989975790747633,False
scifact,324,Deleting Raptor reduces G-CSF levels.,22174015,PI3K-Akt-mTORC1-S6K1/2 axis controls Th17 differentiation by regulating Gfi1 expression and nuclear translocation of RORγ.,22174015,PI3K-Akt-mTORC1-S6K1/2 axis controls Th17 differentiation by regulating Gfi1 expression and nuclear translocation of RORγ.,0.6309297535714575,0.3010299956639812,-0.32989975790747633,False
scifact,577,"In mice, P. chabaudi parasites are able to proliferate faster early in infection when inoculated at lower numbers than when inoculated at high numbers.",21392703,Competition and the evolution of reproductive restraint in malaria parasites.,7386360,Schistosoma mansoni worms induce anergy of T cells via selective up-regulation of programmed death ligand 1 on macrophages.,0.3333333333333333,0.0,-0.3333333333333333,True
scifact,232,Cataract and trachoma are the primary cause of blindness in Southern Sudan.,10536636,Prevalence and Causes of Blindness and Low Vision in Southern Sudan ,7655029,The Burden of Trachoma in Ayod County of Southern Sudan,1.0,0.6309297535714575,-0.36907024642854247,True
scifact,127,Arginine 90 in p150n is important for interaction with EB1.,21598000,Structural basis for the activation of microtubule assembly by the EB1 and p150Glued complex.,35231675,CLIP-170 interacts with dynactin complex and the APC-binding protein EB1 by different mechanisms.,1.0,0.6309297535714575,-0.36907024642854247,True
scifact,269,Cold exposure reduces BAT recruitment.,970012,Cold Exposure Promotes Atherosclerotic Plaque Growth and Instability via UCP1-Dependent Lipolysis,36838958,Sestrin2 inhibits uncoupling protein 1 expression through suppressing reactive oxygen species.,1.0,0.6309297535714575,-0.36907024642854247,True
scifact,268,Cold exposure increases BAT recruitment.,970012,Cold Exposure Promotes Atherosclerotic Plaque Growth and Instability via UCP1-Dependent Lipolysis,36838958,Sestrin2 inhibits uncoupling protein 1 expression through suppressing reactive oxygen species.,1.0,0.6309297535714575,-0.36907024642854247,True
scifact,439,Fz/PCP-dependent Pk localizes to the anterior membrane of neuroectoderm cells during zebrafish neuralation,4423559,Planar cell polarity signalling couples cell division and morphogenesis during neurulation,5395426,Excitotoxic brain injury in adult zebrafish stimulates neurogenesis and long-distance neuronal integration.,1.0,0.6309297535714575,-0.36907024642854247,True
scifact,51,ALDH1 expression is associated with better breast cancer outcomes.,45638119,ALDH1 is a marker of normal and malignant human mammary stem cells and a predictor of poor clinical outcome.,8963413,PD-L1 expression in human cancers and its association with clinical outcomes,1.0,0.6309297535714575,-0.36907024642854247,True
scifact,1140,Taking 400mg of α-tocopheryl acetate helps to prevent prostate cancer.,12009265,Vitamins E and C in the prevention of prostate and total cancer in men: the Physicians' Health Study II randomized controlled trial.,4500832,"gamma-tocopherol, the major form of vitamin E in the US diet, deserves more attention.",1.0,0.6309297535714575,-0.36907024642854247,True
scifact,718,Low nucleosome occupancy correlates with low methylation levels across species.,17587795,Dnmt1-Independent CG Methylation Contributes to Nucleosome Positioning in Diverse Eukaryotes,22038539,Caloric restriction delays age-related methylation drift,1.0,0.6309297535714575,-0.36907024642854247,True
scifact,1292,There is no association between HNF4A mutations and diabetes risks.,56893404,Macrosomia and Hyperinsulinaemic Hypoglycaemia in Patients with Heterozygous Mutations in the HNF4A Gene,4886637,"Diabetes, metabolic syndrome, and breast cancer: a review of the current evidence.",1.0,0.6309297535714575,-0.36907024642854247,True
scifact,163,Bariatric surgery has a positive impact on mental health.,18872233,Mental Health Conditions Among Patients Seeking and Undergoing Bariatric Surgery: A Meta-analysis.,43220289,Psychological Outcome 4 Years after Restrictive Bariatric Surgery,1.0,0.6309297535714575,-0.36907024642854247,True
scifact,781,Mice that lack Interferon-γ or its receptor exhibit high resistance to experimental autoimmune myocarditis.,24338780,Lethal autoimmune myocarditis in interferon-gamma receptor-deficient mice: enhanced disease severity by impaired inducible nitric oxide synthase induction.,8246922,the Development of Autoimmune Myocarditis in Mice by an,1.0,0.6309297535714575,-0.36907024642854247,True
scifact,213,CRP is not predictive of postoperative mortality following Coronary Artery Bypass Graft (CABG) surgery.,27054878,"Preoperative C-reactive protein predicts long-term mortality and hospital length of stay after primary, nonemergent coronary artery bypass grafting.",27054878,"Preoperative C-reactive protein predicts long-term mortality and hospital length of stay after primary, nonemergent coronary artery bypass grafting.",0.38685280723454163,0.0,-0.38685280723454163,False
scifact,1,0-dimensional biomaterials show inductive properties.,29638116,Complex Tissue and Disease Modeling using hiPSCs.,43385013,Epithelial and mesenchymal subpopulations within normal basal breast cell lines exhibit distinct stem cell/progenitor properties.,0.38685280723454163,0.0,-0.38685280723454163,True
scifact,913,PPAR-RXRs are inhibited by PPAR ligands.,9956893,The Role of PPARγ in Advanced Glycation End Products-Induced Inflammatory Response in Human Chondrocytes,25328476,Peroxisome proliferator-activated receptor alpha activation decreases metastatic potential of melanoma cells in vitro via down-regulation of Akt.,0.38685280723454163,0.0,-0.38685280723454163,True
scifact,535,Hypertension is frequently observed in type 1 diabetes patients.,5567005,Etiology of type 1 diabetes.,11953232,Impaired Awareness of Hypoglycemia in a Population-Based Sample of Children and Adolescents With Type 1 Diabetes,0.43067655807339306,0.0,-0.43067655807339306,True
scifact,914,PPAR-RXRs can be activated by PPAR ligands.,9956893,The Role of PPARγ in Advanced Glycation End Products-Induced Inflammatory Response in Human Chondrocytes,25328476,Peroxisome proliferator-activated receptor alpha activation decreases metastatic potential of melanoma cells in vitro via down-regulation of Akt.,0.43067655807339306,0.0,-0.43067655807339306,True
scifact,237,Cells lacking clpC have a defect in sporulation efficiency in Bacillus subtilis.,4942718,High-Throughput Genetic Screens Identify a Large and Diverse Collection of New Sporulation Genes in Bacillus subtilis,12881593,Fine-tuning in regulation of Clp protein content in Bacillus subtilis.,1.0,0.5,-0.5,True
scifact,514,High dietary calcium intakes are unnecessary for prevention of secondary hyperparathyroidism in subjects with 25(OH)D levels above 75 nmol/liter.,16256507,"Relationship between serum parathyroid hormone levels, vitamin D sufficiency, and calcium intake.",9555784,Vitamin d deficiency in postmenopausal women - biological correlates.,1.0,0.5,-0.5,True
scifact,528,Human T-lymphotropic virus type-I-associated myelopathy / tropical spastic paraparesis (HAM/TSP) patients produce Immunoglobulin G (IgG) antibodies which cross-react with an immunodominant epitope in Tax.,5476778,Autoimmunity due to molecular mimicry as a cause of neurological disease,23326722,Clinical and laboratory features of adult T-cell leukaemia lymphoma in Barbados.,1.0,0.5,-0.5,True
scifact,1204,The combination of H3K4me3 and H3K79me2 is found in quiescent hair follicle stem cells.,31141365,Genome-wide maps of histone modifications unwind in vivo chromatin states of the hair follicle lineage.,4547102,H3K9 demethylase KDM4E is an epigenetic regulator for bovine embryonic development and a defective factor for nuclear reprogramming.,1.0,0.43067655807339306,-0.5693234419266069,True
scifact,388,Ethanol stress decreases the expression of IBP in bacteria.,1148122,Regulatory and metabolic rewiring during laboratory evolution of ethanol tolerance in E. coli,21602220,Complex physiology and compound stress responses during fermentation of alkali-pretreated corn stover hydrolysate by an Escherichia coli ethanologen.,1.0,0.43067655807339306,-0.5693234419266069,True
scifact,684,Lack of clpC does not affect sporulation efficiency in Bacillus subtilis cells.,4942718,High-Throughput Genetic Screens Identify a Large and Diverse Collection of New Sporulation Genes in Bacillus subtilis,12881593,Fine-tuning in regulation of Clp protein content in Bacillus subtilis.,1.0,0.43067655807339306,-0.5693234419266069,True
scifact,185,Breast cancer development is determined exclusively by genetic factors.,18340282,Gene–environment interactions in 7610 women with breast cancer: prospective evidence from the Million Women Study,21874312,Risk for breast cancer development determined by mammographic parenchymal pattern.,1.0,0.43067655807339306,-0.5693234419266069,True
scifact,54,AMP-activated protein kinase (AMPK) activation increases inflammation-related fibrosis in the lungs.,49556906,Metformin reverses established lung fibrosis in a bleomycin model,3973445,Phosphorylation of Janus kinase 1 (JAK1) by AMP-activated protein kinase (AMPK) links energy sensing to anti-inflammatory signaling,1.0,0.38685280723454163,-0.6131471927654584,True
scifact,238,Cells undergoing methionine restriction may activate miRNAs.,2619579,"The widespread regulation of microRNA biogenesis, function and decay",21601459,Epigenetic regulation of NANOG by miR-302 cluster-MBD2 completes induced pluripotent stem cell reprogramming.,0.6309297535714575,0.0,-0.6309297535714575,True
scifact,94,Albendazole is used to treat lymphatic filariasis.,18321590,Resazurin microtiter assay plate: simple and inexpensive method for detection of drug resistance in Mycobacterium tuberculosis.,20610557,Alkylating agent melphalan augments the efficacy of adoptive immunotherapy using tumor-specific CD4+ T cells.,0.6309297535714575,0.0,-0.6309297535714575,True
scifact,1191,The amount of publicly available DNA data doubles every 10 years.,4283694,Instability and decay of the primary structure of DNA,27768226,Open Access Increases Citation Rate,0.6309297535714575,0.0,-0.6309297535714575,True
scifact,659,Ivermectin is used to treat lymphatic filariasis.,1215116,“Rapid-Impact Interventions”: How a Policy of Integrated Control for Africa's Neglected Tropical Diseases Could Benefit the Poor,39424916,Wedelolactone exhibits anti-fibrotic effects on human hepatic stellate cell line LX-2.,1.0,0.0,-1.0,True
scifact,1278,The treatment of cancer patients with co-IR blockade does not cause any adverse autoimmune events.,11335781,Is autoimmunity the Achilles' heel of cancer immunotherapy?,1454773,"In vitro characterization of the anti-PD-1 antibody nivolumab, BMS-936558, and in vivo toxicology in non-human primates.",1.0,0.0,-1.0,True
scifact,1279,The treatment of cancer patients with co-IR blockade precipitates adverse autoimmune events.,11335781,Is autoimmunity the Achilles' heel of cancer immunotherapy?,1454773,"In vitro characterization of the anti-PD-1 antibody nivolumab, BMS-936558, and in vivo toxicology in non-human primates.",1.0,0.0,-1.0,True
nfcorpus,PLAIN-1473,kohlrabi,MED-4660,Variability of iodine content in common commercially available edible seaweeds.,MED-4455,"Glucoraphanin and 4-hydroxyglucobrassicin contents in seeds of 59 cultivars of broccoli, raab, kohlrabi, radish, cauliflower, brussels sprouts, kal...",0.0,1.0,1.0,True
nfcorpus,PLAIN-2081,shelf life,MED-1378,Longevity and diet. Myth or pragmatism?,MED-4303,Oxidative stability and shelf-life evaluation of selected culinary oils.,0.3010299956639812,1.0,0.6989700043360187,True
nfcorpus,PLAIN-1320,Harvard Physicians’ Study II,MED-2112,How evidence-based medicine biases physicians against nutrition.,MED-2760,Multivitamins in the Prevention of Cancer in Men: The Physicians’ Health Study II Randomized Controlled Trial,0.0,0.5709662133861838,0.5709662133861838,True
nfcorpus,PLAIN-3452,Bowel Movement Frequency,MED-1048,"Defecation frequency and timing, and stool form in the general population: a prospective study.",MED-5175,Nutrition and lifestyle in relation to bowel movement frequency: a cross-sectional study of 20630 men and women in EPIC-Oxford.,0.1212484107672695,0.5844153148080933,0.4631669040408238,True
nfcorpus,PLAIN-3201,Acne & Cancer Connection,MED-2117,Diet in acne: further evidence for the role of nutrient signalling in acne pathogenesis.,MED-4752,"Acne, dairy and cancer",0.0,0.4584660801557625,0.4584660801557625,True
nfcorpus,PLAIN-902,chlorophyll,MED-1160,Effectiveness of dishwashing liquids in removing chlorothalonil and chlorpyrifos residues from cherry tomatoes.,MED-4195,Effects of chlorophyll and chlorophyllin on low-dose aflatoxin B(1) pharmacokinetics in human volunteers.,0.13905617951077562,0.5855700749881525,0.44651389547737685,True
nfcorpus,PLAIN-1409,industrial toxins,MED-4602,Manufactured uncertainty: protecting public health in the age of contested science and product defense.,MED-1958,Congener-specific levels of dioxins and dibenzofurans in U.S. food and estimated daily dioxin toxic equivalent intake.,0.0,0.42838543210841196,0.42838543210841196,True
nfcorpus,PLAIN-892,chickpeas,MED-2009,Nutritional quality and health benefits of chickpea (Cicer arietinum L.): a review.,MED-2009,Nutritional quality and health benefits of chickpea (Cicer arietinum L.): a review.,0.424926013816671,0.7967610662472991,0.37183505243062814,False
nfcorpus,PLAIN-3026,Vitamin C-Enriched Bacon,MED-3157,Effect of vitamin C supplements on physical performance.,MED-4470,"Effects of vitamins C and E on N-nitroso compound formation, carcinogenesis, and cancer.",0.6309297535714574,1.0,0.3690702464285426,True
nfcorpus,PLAIN-681,betel nuts,MED-2383,The role of nuts in the optimal diet: time for a critical appraisal?,MED-5017,Association between betel-nut chewing and chronic kidney disease in men.,0.6309297535714575,1.0,0.36907024642854247,True
nfcorpus,PLAIN-2197,sweeteners,MED-5054,The potential toxicity of artificial sweeteners.,MED-5054,The potential toxicity of artificial sweeteners.,0.5541432109622958,0.9216017310213246,0.3674585200590288,False
nfcorpus,PLAIN-1867,pineapples,MED-3499,Carrageenans and their use in meat products.,MED-3744,Antioxidant and antiproliferative activities of common fruits.,0.0,0.36650177721905447,0.36650177721905447,True
nfcorpus,PLAIN-771,bronchiolitis obliterans,MED-3386,Bronchiolitis obliterans organizing pneumonia (BOOP) after thoracic radiotherapy for breast carcinoma,MED-3386,Bronchiolitis obliterans organizing pneumonia (BOOP) after thoracic radiotherapy for breast carcinoma,0.6364391809889587,1.0,0.3635608190110413,False
nfcorpus,PLAIN-792,cadaverine,MED-729,Transfer of spinal cord material to subsequent bovine carcasses at splitting.,MED-4546,"Acute and subacute toxicity of tyramine, spermidine, spermine, putrescine and cadaverine in rats.",0.13032376591037065,0.4935232796777482,0.3631995137673775,True
nfcorpus,PLAIN-741,BPH,MED-4236,Benign prostatic hyperplasia in primary care: what you need to know.,MED-4237,Epidemiological survey of benign prostatic hyperplasia and prostatic cancer in China.,0.4440973278132557,0.8006937664098819,0.35659643859662615,True
nfcorpus,PLAIN-2960,Pharmacists Versus Health Food Store Employees: Who Gives Better Advice?,MED-4371,Emerging issues associated with HIV patients seeking advice from health food stores.,MED-4372,Health information provided by retail health food outlets.,0.0,0.35583989829307827,0.35583989829307827,True
nfcorpus,PLAIN-2680,Counteracting the Effects of Dioxins Through Diet,MED-1961,Reducing exposure to dioxins and related compounds through foods in the next generation.,MED-3100,Flavones and flavonols at dietary levels inhibit a transformation of aryl hydrocarbon receptor induced by dioxin.,0.1523866027309533,0.5075417611009457,0.35515515836999245,True
nfcorpus,PLAIN-1018,DHA,MED-4322,DHEA therapy in postmenopausal women: the need to move forward beyond the lack of evidence.,MED-838,Docosahexaenoic acid from a cultured microalga inhibits cell growth and induces apoptosis by upregulating Bax/Bcl-2 ratio in human breast carcinoma...,0.16421958630632802,0.5111707781750244,0.3469511918686964,True
nfcorpus,PLAIN-2261,trans fats,MED-3599,Updated estimate of trans fat intake by the US population.,MED-3599,Updated estimate of trans fat intake by the US population.,0.37185395737611554,0.7183627972686238,0.3465088398925083,False
nfcorpus,PLAIN-2660,How Long to Detox From Fish Before Pregnancy?,MED-4739,Nowhere to hide: Chemical toxicants and the unborn child.,MED-2905,"Associations of maternal long chain polyunsaturated fatty acids, methyl mercury, and infant development in the Seychelles Child Development Nutrition Study",0.085143117641621,0.4035015715464803,0.3183584539048593,True
nfcorpus,PLAIN-701,black raspberries,MED-3720,Inhibition of the growth of premalignant and malignant human oral cell lines by extracts and components of black raspberries.,MED-3720,Inhibition of the growth of premalignant and malignant human oral cell lines by extracts and components of black raspberries.,0.33273724133010535,0.647939623894138,0.3152023825640326,False
nfcorpus,PLAIN-3342,Is Coconut Milk Good For You?,MED-4000,Coconut oil predicts a beneficial lipid profile in pre-menopausal women in the Philippines,MED-5014,"Dietary intake and the risk of coronary heart disease among the coconut-consuming Minangkabau in West Sumatra, Indonesia.",0.4981892574664129,0.8072467605676947,0.3090575031012818,True
nfcorpus,PLAIN-541,American Dental Association,MED-4019,One-to-one dietary interventions undertaken in a dental setting to change dietary behaviour.,MED-3621,Dental X-rays and Risk of Meningioma,0.09546043308946735,0.4034698846650846,0.30800945157561727,True
nfcorpus,PLAIN-2030,Rutin,MED-2208,"Therapeutic efficacy of once-daily oral administration of a Kunitz-type protease inhibitor, bikunin, in a mouse model and in human cancer.",MED-4051,The protective effect of the flavonoids on food-mutagen-induced DNA damage in peripheral blood lymphocytes from colon cancer patients.,0.0,0.3026024134988135,0.3026024134988135,True
nfcorpus,PLAIN-3053,Dragon's Blood,MED-4525,Studies on the antidiarrhoeal effect of dragon's blood from Croton urucurana.,MED-4525,Studies on the antidiarrhoeal effect of dragon's blood from Croton urucurana.,0.4692787260227565,0.7653606369886218,0.2960819109658653,False
nfcorpus,PLAIN-3362,Kuna Indian Secret,MED-5042,"Flavanols, the Kuna, Cocoa Consumption, and Nitric Oxide",MED-5042,"Flavanols, the Kuna, Cocoa Consumption, and Nitric Oxide",0.38434836867631483,0.6573548268593186,0.27300645818300373,False
nfcorpus,PLAIN-499,African-American,MED-1747,Is there a legacy of the U.S. Public Health Syphilis Study at Tuskegee in HIV/AIDS-related beliefs among heterosexual African-Americans and Latinos?,MED-4095,Mortality from Western cancers rose dramatically among African-Americans during the 20th century: are dietary animal products to blame?,0.17630010660342912,0.4412851793128928,0.2649850727094637,True
nfcorpus,PLAIN-78,What Do Meat Purge and Cola Have in Common?,MED-3494,Reducing the fat content in ground beef without sacrificing quality: a review.,MED-4318,Low-pH cola beverages do not affect women's iron absorption from a vegetarian meal.,0.0,0.2593757093377011,0.2593757093377011,True
nfcorpus,PLAIN-33,What’s Driving America’s Obesity Problem?,MED-5006,Will all Americans become overweight or obese? estimating the progression and cost of the US obesity epidemic.,MED-2721,Increased food energy supply is more than sufficient to explain the US epidemic of obesity.,0.2579721894654876,0.5170635082772421,0.2590913188117545,True
nfcorpus,PLAIN-2354,walnut oil,MED-4302,Cardiovascular effects of consumption of black versus English walnuts.,MED-2152,Mechanistic examination of walnuts in prevention of breast cancer.,0.30078518014914984,0.5531464700081437,0.2523612898589938,True
nfcorpus,PLAIN-3191,Is Distilled Fish Oil Toxin-Free?,MED-4943,Persistent organic pollutants in fish oil supplements on the Canadian market: polychlorinated biphenyls and organochlorine insecticides.,MED-4730,Simultaneous quantitation of multiple classes of organohalogen compounds in fish oils with direct sample introduction comprehensive two-dimensional...,0.2358224728023831,0.4853900383764656,0.2495675655740825,True
nfcorpus,PLAIN-196,Should We Avoid Titanium Dioxide?,MED-3969,Titanium Dioxide Nanoparticles in Food and Personal Care Products,MED-3969,Titanium Dioxide Nanoparticles in Food and Personal Care Products,0.22009176629808017,0.4690000933206748,0.24890832702259466,False
nfcorpus,PLAIN-806,caloric restriction,MED-2519,Caloric restriction in humans: potential pitfalls and health concerns.,MED-2138,Caloric restriction and incidence of breast cancer.,0.7702043899253146,1.0,0.2297956100746854,True
nfcorpus,PLAIN-102,Stopping Heart Disease in Childhood,MED-2590,Reversing heart disease in the new millennium--the Fleming unified theory.,MED-3253,Pathobiological determinants of atherosclerosis in youth risk scores are associated with early and advanced atherosclerosis.,0.21274430682450143,0.424764505598738,0.21202019877423658,True
nfcorpus,PLAIN-2220,tempeh,MED-4816,Thermal stability of hepatitis E virus.,MED-4976,"Airborne mutagens produced by frying beef, pork and a soy-based food.",0.18827853542832335,0.3833427799846345,0.19506424455631116,True
nfcorpus,PLAIN-3432,Healthy Chocolate Milkshakes,MED-5283,Chocolate/cocoa and human health: a review.,MED-2227,Chocolate--guilty pleasure or healthy supplement?,0.13568544539116628,0.33013764944712026,0.19445220405595398,True
nfcorpus,PLAIN-1794,Panama,MED-5041,"Does Flavanol Intake Influence Mortality from Nitric Oxide-Dependent Processes? Ischemic Heart Disease, Stroke, Diabetes Mellitus, and Cancer in Panama",MED-5042,"Flavanols, the Kuna, Cocoa Consumption, and Nitric Oxide",0.8065735963827293,1.0,0.1934264036172707,True
nfcorpus,PLAIN-383,What do you think of Dr. Jenkins' take on paleolithic diets?,MED-1479,BEYOND THE PALEOLITHIC PRESCRIPTION: INCORPORATING DIVERSITY AND FLEXIBILITY IN THE STUDY OF HUMAN DIET EVOLUTION,MED-4299,Evolution of the human diet: linking our ancestral diet to modern functional foods as a means of chronic disease prevention.,0.14606834984270645,0.3391602052736161,0.19309185543090968,True
nfcorpus,PLAIN-1909,pork,MED-4818,Pork intake and human papillomavirus-related disease.,MED-4818,Pork intake and human papillomavirus-related disease.,0.6621137423456801,0.8482378089219645,0.18612406657628444,False
nfcorpus,PLAIN-307,Vitamin D: Shedding some light on the new recommendations,MED-714,Towards prevention of vitamin D deficiency and beyond: knowledge gaps and research needs in vitamin D nutrition and public health.,MED-714,Towards prevention of vitamin D deficiency and beyond: knowledge gaps and research needs in vitamin D nutrition and public health.,0.8194270280062367,1.0,0.18057297199376332,False
nfcorpus,PLAIN-2240,titanium dioxide,MED-3969,Titanium Dioxide Nanoparticles in Food and Personal Care Products,MED-3969,Titanium Dioxide Nanoparticles in Food and Personal Care Products,0.2984900352767555,0.4690000933206748,0.17051005804391933,False
nfcorpus,PLAIN-3063,Better Than Goji Berries,MED-4712,"Goji (Lycium barbarum and L. chinense): Phytochemistry, pharmacology and safety in the perspective of traditional uses and recent popularity.",MED-2886,Goji berry effects on macular characteristics and plasma antioxidant levels.,0.0,0.16812753627111746,0.16812753627111746,True
nfcorpus,PLAIN-2510,Coffee and Artery Function,MED-878,Acute effects of coffee on endothelial function in healthy subjects.,MED-1648,Coffee and endothelial function: a battle between caffeine and antioxidants?,0.5784936628411081,0.7453597752277842,0.16686611238667604,True
nfcorpus,PLAIN-371,Any update on the scary in vitro avocado data?,MED-913,A literature review on the safety assessment of genetically modified plants.,MED-4618,In vitro evaluation of genotoxicity of avocado (Persea americana) fruit and leaf extracts in human peripheral lymphocytes.,0.11861329943102608,0.27541155237618664,0.15679825294516056,True
nfcorpus,PLAIN-827,carcinogens,MED-2087,Diethylstilboestrol--a long-term legacy.,MED-2106,Bile acids as carcinogens in human gastrointestinal cancers.,0.6371523797895855,0.7877736340270853,0.15062125423749984,True
nfcorpus,PLAIN-850,cauliflower,MED-2064,Anti-proliferative activity and chemoprotective effects towards DNA oxidative damage of fresh and cooked Brassicaceae.,MED-4455,"Glucoraphanin and 4-hydroxyglucobrassicin contents in seeds of 59 cultivars of broccoli, raab, kohlrabi, radish, cauliflower, brussels sprouts, kal...",0.4985723557253838,0.6489315753318465,0.15035921960646276,True
nfcorpus,PLAIN-2187,suppositories,MED-1248,Patients' attitudes to rectal drug administration.,MED-1244,Examination of the effectiveness of peppermint aromatherapy on nausea in women post C-section.,0.2350455494144854,0.3833427799846345,0.1482972305701491,True
nfcorpus,PLAIN-2630,Alkylphenol Endocrine Disruptors and Allergies,MED-2658,Alkylphenols--potential modulators of the allergic response.,MED-2658,Alkylphenols--potential modulators of the allergic response.,0.5606114592078374,0.7082234372527498,0.14761197804491244,False
nfcorpus,PLAIN-238,How Chemically Contaminated Are We?,MED-999,Polybrominated diphenyl ethers in food and human dietary exposure: a review of the recent scientific literature.,MED-2391,"Perfluorinated Compounds, Polychlorinated Biphenyls, and Organochlorine Pesticide Contamination in Composite Food Samples from Dallas, Texas, USA",0.0,0.13886244387355454,0.13886244387355454,True
nfcorpus,PLAIN-731,bone fractures,MED-1338,Milk intake and risk of mortality and fractures in women and men: cohort studies,MED-2987,Protective effect of myo-inositol hexaphosphate (phytate) on bone mass loss in postmenopausal women.,0.7183627972686238,0.8572048559638626,0.1388420586952388,True
nfcorpus,PLAIN-1288,grapes,MED-3200,Prospective study of grapefruit intake and risk of breast cancer in postmenopausal women: the Multiethnic Cohort Study,MED-398,The grapefruit: an old wine in a new glass? Metabolic and cardiovascular perspectives,0.12987501165334076,0.2685529228900211,0.13867791123668033,True
nfcorpus,PLAIN-613,ascorbic acid,MED-909,A study on degradation kinetics of ascorbic acid in amla (Phyllanthus emblica L.) during cooking.,MED-1198,High-dose ascorbic acid increases intercourse frequency and improves mood: a randomized controlled clinical trial.,0.08514311764162098,0.22009176629808017,0.13494864865645917,True
nfcorpus,PLAIN-2450,Are Organic Foods Safer?,MED-1179,Organic foods: health and environmental advantages and disadvantages.,MED-1140,Organic food: buying more safety or just peace of mind? A critical review of the literature.,0.1736666713479918,0.3070147303424654,0.1333480589944736,True
nfcorpus,PLAIN-2124,spearmint,MED-1525,Effect of spearmint (Mentha spicata Labiatae) teas on androgen levels in women with hirsutism.,MED-1525,Effect of spearmint (Mentha spicata Labiatae) teas on androgen levels in women with hirsutism.,0.5541432109622958,0.6683063269107928,0.11416311594849704,False
nfcorpus,PLAIN-634,avocados,MED-4620,Chemopreventive characteristics of avocado fruit.,MED-4620,Chemopreventive characteristics of avocado fruit.,0.22009176629808017,0.33013764944712026,0.1100458831490401,False
nfcorpus,PLAIN-186,Best Treatment for Constipation,MED-949,"Efficacy of an herbal dietary supplement (Smooth Move) in the management of constipation in nursing home residents: A randomized, double-blind, pla...",MED-3904,Randomised clinical trial: dried plums (prunes) vs. psyllium for constipation.,0.11004588314904008,0.22009176629808017,0.11004588314904008,True
nfcorpus,PLAIN-946,coma,MED-926,Severe metabolic alkalosis in the emergency department.,MED-926,Severe metabolic alkalosis in the emergency department.,0.0,0.11004588314904008,0.11004588314904008,False
nfcorpus,PLAIN-2870,Filled Full of Lead,MED-2253,Effects of meals and meal times on uptake of lead from the gastrointestinal tract in humans.,MED-2253,Effects of meals and meal times on uptake of lead from the gastrointestinal tract in humans.,0.0,0.10104155414609708,0.10104155414609708,False
nfcorpus,PLAIN-1183,Finland,MED-5331,Influencing public nutrition for non-communicable disease prevention: from community intervention to national programme--experiences from Finland.,MED-4727,Dietary intake of organotin compounds in Finland: a market-basket study.,0.13886244387355454,0.23365080824310533,0.09478836436955079,True
nfcorpus,PLAIN-1151,factory farming practices,MED-3306,"Farming, growing up on a farm, and haematological cancer mortality.",MED-1144,"Perceived risks of conventional and organic produce: pesticides, pathogens, and natural toxins.",0.25880978898961277,0.3510684246681534,0.09225863567854065,True
nfcorpus,PLAIN-2620,Phytates for the Treatment of Cancer,MED-2435,Chemoprevention of breast cancer by dietary compounds.,MED-2435,Chemoprevention of breast cancer by dietary compounds.,0.052835679913660345,0.14465249243306438,0.09181681251940405,False
nfcorpus,PLAIN-2550,Barriers to Heart Disease Prevention,MED-1194,Can noncommunicable diseases be prevented? Lessons from studies of populations and individuals.,MED-1679,Healthy lifestyle factors in the primary prevention of coronary heart disease among men: benefits among users and nonusers of lipid-lowering and an...,0.0,0.08966284300766812,0.08966284300766812,True
nfcorpus,PLAIN-2386,worms,MED-2346,Anisakis simplex: from Obscure Infectious Worm to Inducer of Immune Hypersensitivity,MED-2346,Anisakis simplex: from Obscure Infectious Worm to Inducer of Immune Hypersensitivity,0.17993148201117176,0.2687374555268953,0.08880597351572356,False
nfcorpus,PLAIN-175,Diet and Cellulite,MED-3818,Adiponectin expression in subcutaneous adipose tissue is reduced in women with cellulite.,MED-3822,Cellulite: nature and aetiopathogenesis.,0.23927298482056517,0.3249649487838764,0.08569196396331122,True
nfcorpus,PLAIN-1193,flax oil,MED-1493,Flaxseed - a miraculous defense against some critical maladies.,MED-4443,"Flaxseed: a potential source of food, feed and fiber.",0.0,0.08514311764162098,0.08514311764162098,True
nfcorpus,PLAIN-2480,Preventing Ulcerative Colitis with Diet,MED-1187,Influence of dietary factors on the clinical course of ulcerative colitis: a prospective cohort study,MED-3964,Diet and risk of inflammatory bowel disease.,0.26616622553397074,0.3508133043203531,0.08464707878638239,True
nfcorpus,PLAIN-280,Mercury Testing Recommended Before Pregnancy,MED-3023,Relationship between the prenatal exposure to low-level of mercury and the size of a newborn's cerebellum.,MED-4376,"Hair mercury levels of women of reproductive age in Ontario, Canada: implications to fetal safety and fish consumption.",0.31204907722178066,0.3963918729015093,0.08434279567972863,True
nfcorpus,PLAIN-838,carrageenan,MED-3502,Review of harmful gastrointestinal effects of carrageenan in animal experiments.,MED-3499,Carrageenans and their use in meat products.,0.6930221935231563,0.7767471075223498,0.08372491399919346,True
nfcorpus,PLAIN-2071,serotonin,MED-4306,Brain serotonin content: physiological regulation by plasma neutral amino acids.,MED-3532,Application of LC and LC-MS to the analysis of melatonin and serotonin in edible plants.,0.4351098955930419,0.5173633627401372,0.08225346714709525,True
nfcorpus,PLAIN-1568,maple syrup,MED-4150,Pseudo-maple syrup urine disease due to maternal prenatal ingestion of fenugreek.,MED-4150,Pseudo-maple syrup urine disease due to maternal prenatal ingestion of fenugreek.,0.9197207891481876,1.0,0.08027921085181244,False
nfcorpus,PLAIN-1772,organotins,MED-4727,Dietary intake of organotin compounds in Finland: a market-basket study.,MED-4727,Dietary intake of organotin compounds in Finland: a market-basket study.,0.9197207891481876,1.0,0.08027921085181244,False
nfcorpus,PLAIN-3001,EPIC Findings on Lymphoma,MED-3314,Occupation and risk of lymphoma: a multicentre prospective cohort study (EPIC).,MED-3314,Occupation and risk of lymphoma: a multicentre prospective cohort study (EPIC).,0.3065735963827292,0.3868528072345416,0.08027921085181239,False
nfcorpus,PLAIN-3251,EPIC Study,MED-4247,Can lifestyle changes reverse coronary heart disease? The Lifestyle Heart Trial.,MED-5236,Association between dietary meat consumption and incident type 2 diabetes: the EPIC-InterAct study.,0.0,0.07641101335929376,0.07641101335929376,True
nfcorpus,PLAIN-561,aneurysm,MED-3180,Aneurysm and Neurocysticercosis: Casual or Causal Relationship? Case Report and Review of the Literature,MED-3180,Aneurysm and Neurocysticercosis: Casual or Causal Relationship? Case Report and Review of the Literature,0.3589542101716347,0.43231813227099475,0.07336392209936005,False
nfcorpus,PLAIN-2800,Prolonged Liver Function Enhancement From Broccoli,MED-2229,Broccoli sprouts reduce oxidative stress in type 2 diabetes: a randomized double-blind clinical trial.,MED-4456,"Safety, tolerance, and metabolism of broccoli sprout glucosinolates and isothiocyanates: a clinical phase I study.",0.03785547731370623,0.10747866137789958,0.06962318406419335,True
nfcorpus,PLAIN-123,How Citrus Might Help Keep Your Hands Warm,MED-3483,Neuroprotective effects of citrus flavonoids.,MED-2707,Ambient odor of orange in a dental office reduces anxiety and improves mood in female patients.,0.11794832072934029,0.18625881011219486,0.06831048938285457,True
nfcorpus,PLAIN-1950,prunes,MED-912,Report: prunes and liver function: a clinical trial.,MED-912,Report: prunes and liver function: a clinical trial.,0.2489083270225946,0.31516255047698366,0.06625422345438906,False
nfcorpus,PLAIN-1817,peanut butter,MED-4284,Effects of peanut processing on body weight and fasting plasma lipids.,MED-4284,Effects of peanut processing on body weight and fasting plasma lipids.,0.3589542101716347,0.42520843362602373,0.06625422345438903,False
nfcorpus,PLAIN-3131,Are Avocados Good for You?,MED-5010,Chemopreventive characteristics of avocado fruit.,MED-5010,Chemopreventive characteristics of avocado fruit.,0.250153017046447,0.31623354228992673,0.06608052524347974,False
nfcorpus,PLAIN-2145,St. John's wort,MED-743,"Herbal medicines, other than St. John's Wort, in the treatment of depression: a systematic review.",MED-743,"Herbal medicines, other than St. John's Wort, in the treatment of depression: a systematic review.",0.08372491399919348,0.14829723057014912,0.06457231657095565,False
nfcorpus,PLAIN-2156,stevia,MED-4868,Stevia (Stevia rebaudiana) a bio-sweetener: a review.,MED-4868,Stevia (Stevia rebaudiana) a bio-sweetener: a review.,0.5809949937791564,0.644824486427155,0.06382949264799853,False
nfcorpus,PLAIN-3462,Olive Oil and Artery Function,MED-1373,The role of virgin olive oil components in the modulation of endothelial function.,MED-5274,Olive oil polyphenols decrease blood pressure and improve endothelial function in young women with mild hypertension.,0.6311443278613471,0.6929852696575347,0.0618409417961876,True
nfcorpus,PLAIN-12,Exploiting Autophagy to Live Longer,MED-2501,Amino acid sensing and regulation of mTORC1.,MED-4114,"Upregulation of lymphocyte apoptosis as a strategy for preventing and treating autoimmune disorders: a role for whole-food vegan diets, fish oil an...",0.11567221106027477,0.17459606366134556,0.05892385260107079,True
nfcorpus,PLAIN-761,breast pain,MED-3800,Mastalgia.,MED-666,Is there a role for surgery in the treatment of mastalgia?,0.24738635904833423,0.3026024134988135,0.05521605445047928,True
nfcorpus,PLAIN-1275,goji berries,MED-4712,"Goji (Lycium barbarum and L. chinense): Phytochemistry, pharmacology and safety in the perspective of traditional uses and recent popularity.",MED-2886,Goji berry effects on macular characteristics and plasma antioxidant levels.,0.5541432109622958,0.6059848036189865,0.05184159265669075,True
nfcorpus,PLAIN-2040,salmon,MED-4961,Haff disease after eating salmon.,MED-4961,Haff disease after eating salmon.,0.49828993591603105,0.5473983622993501,0.04910842638331908,False
nfcorpus,PLAIN-2720,Keeping Your Hands Warm With Citrus,MED-2707,Ambient odor of orange in a dental office reduces anxiety and improves mood in female patients.,MED-2707,Ambient odor of orange in a dental office reduces anxiety and improves mood in female patients.,0.18299346255252696,0.2295005952099824,0.04650713265745543,False
nfcorpus,PLAIN-2850,More Antibiotics In White Meat or Dark Meat?,MED-4803,Isolation and Characterization of Methicillin-Resistant Staphylococcus aureus Strains from Louisiana Retail Meats,MED-3891,"Comparison of the Prevalences and Antimicrobial Resistances of Escherichia coli Isolates from Different Retail Meats in the United States, 2002 to 2008",0.0,0.04621713645665386,0.04621713645665386,True
nfcorpus,PLAIN-2640,Chicken Salmonella Thanks to Meat Industry Lawsuit,MED-2743,"Outbreak of Salmonella Heidelberg infections linked to a single poultry producer -- 13 states, 2012-2013.",MED-4429,Cross-contamination versus undercooking of poultry meat or eggs - which risks need to be managed first?,0.46672985159605024,0.5107640114919197,0.04403415989586951,True
nfcorpus,PLAIN-1453,junk food,MED-1208,Death row nutrition. Curious conclusions of last meals.,MED-2221,The Perils of Ignoring History: Big Tobacco Played Dirty and Millions Died. How Similar Is Big Food?,0.4346298575932762,0.47842151728792726,0.04379165969465104,True
nfcorpus,PLAIN-165,Breast Cancer & Alcohol: How Much is Safe?,MED-3696,Alcohol consumption and breast cancer risk in the Women's Health Study.,MED-3696,Alcohol consumption and breast cancer risk in the Women's Health Study.,0.41721315214954685,0.4585286696559032,0.04131551750635637,False
nfcorpus,PLAIN-3442,The Healthiest Vegetables,MED-2201,New metrics of affordable nutrition: which vegetables provide most nutrients for least cost?,MED-2201,New metrics of affordable nutrition: which vegetables provide most nutrients for least cost?,0.0,0.040018820013562606,0.040018820013562606,False
nfcorpus,PLAIN-207,Avoiding Cooked Meat Carcinogens,MED-4057,Well-done meat intake and the risk of breast cancer.,MED-4068,"The cooked meat-derived mammary carcinogen 2-amino-1-methyl-6-phenylimidazo[4,5-b]pyridine promotes invasive behaviour of breast cancer cells.",0.6754160255557637,0.7151857987862356,0.03976977323047182,True
nfcorpus,PLAIN-571,anisakis,MED-2345,"Anisakiasis, an underestimated infection: effect on intestinal permeability of Anisakis simplex-sensitized patients.",MED-2346,Anisakis simplex: from Obscure Infectious Worm to Inducer of Immune Hypersensitivity,0.20509662144948265,0.2437748474873753,0.03867822603789264,True
nfcorpus,PLAIN-1225,fructose,MED-1674,Fructose: It’s “Alcohol Without the Buzz”,MED-1672,"Sugar, Uric Acid, and the Etiology of Diabetes and Obesity",0.6461194268314836,0.6816808362189437,0.03556140938746011,True
nfcorpus,PLAIN-2880,The Answer to the Pritikin Puzzle,MED-4792,Evaluation of the Possible Transmission of BSE and Scrapie to Gilthead Sea Bream (Sparus aurata),MED-4890,Effect of diet and exercise intervention on the growth of prostate epithelial cells.,0.0,0.03418690251480878,0.03418690251480878,True
nfcorpus,PLAIN-1721,NIH-AARP study,MED-4983,Meat intake and mortality: a prospective study of over half a million people,MED-4787,Intensity and timing of physical activity in relation to postmenopausal breast cancer risk: the prospective NIH-AARP Diet and Health Study,0.5067837010870873,0.539987338899539,0.033203637812451725,True
nfcorpus,PLAIN-1601,memory,MED-4860,Blueberry Supplementation Improves Memory in Older Adults,MED-3537,Short or Long Sleep Duration Is Associated with Memory Impairment in Older Chinese: the Guangzhou Biobank Cohort Study,0.6758704024811182,0.7058075148678525,0.029937112386734355,True
nfcorpus,PLAIN-1590,medical ethics,MED-748,Medical practice and social authority.,MED-748,Medical practice and social authority.,0.11004588314904008,0.13886244387355454,0.028816560724514453,False
nfcorpus,PLAIN-2650,Turmeric Curcumin and Osteoarthritis,MED-2800,Curcumin: a new paradigm and therapeutic opportunity for the treatment of osteoarthritis: curcumin for osteoarthritis management,MED-2800,Curcumin: a new paradigm and therapeutic opportunity for the treatment of osteoarthritis: curcumin for osteoarthritis management,0.37148910739409025,0.3963918729015093,0.024902765507419045,False
nfcorpus,PLAIN-430,Are krill oil supplements better than fish oil capsules?,MED-928,Incorporation of EPA and DHA into plasma phospholipids in response to different omega-3 fatty acid formulations - a comparative bioavailability study of fish oil vs. krill oil,MED-928,Incorporation of EPA and DHA into plasma phospholipids in response to different omega-3 fatty acid formulations - a comparative bioavailability study of fish oil vs. krill oil,0.6051958559375978,0.6278760013165627,0.0226801453789649,False
nfcorpus,PLAIN-2790,Titanium Dioxide & Inflammatory Bowel Disease,MED-3970,Immune potentiation of ultrafine dietary particles in normal subjects and patients with inflammatory bowel disease.,MED-3970,Immune potentiation of ultrafine dietary particles in normal subjects and patients with inflammatory bowel disease.,0.5321408435198608,0.5541432109622958,0.022002367442435,False
nfcorpus,PLAIN-2520,Caloric Restriction vs. Plant-Based Diets,MED-1991,Plant foods and plant-based diets: protective against childhood obesity?,MED-3273,The low-methionine content of vegan diets may make methionine restriction feasible as a life extension strategy.,0.03668196104968003,0.0578888904493306,0.02120692939965057,True
nfcorpus,PLAIN-531,alternative medicine,MED-2322,From exotic spice to modern drug?,MED-1017,Complementary and alternative medicines in irritable bowel syndrome: An integrative view,0.4977962688668735,0.5181001594748443,0.02030389060797083,True
nfcorpus,PLAIN-3312,Sexually Transmitted Fish Toxin,MED-4360,Can ciguatera be a sexually transmitted disease?,MED-4360,Can ciguatera be a sexually transmitted disease?,0.3338274192548752,0.3536234424168534,0.019796023161978205,False
nfcorpus,PLAIN-1857,phytic acid,MED-2988,The role of phytic acid in legumes: antinutrient or beneficial function?,MED-2988,The role of phytic acid in legumes: antinutrient or beneficial function?,0.5473983622993501,0.5637884576902256,0.016390095390875437,False
nfcorpus,PLAIN-913,cinnamon,MED-4415,Cinnamon and health.,MED-4415,Cinnamon and health.,0.7849818707050382,0.8006937664098819,0.01571189570484366,False
nfcorpus,PLAIN-2580,Academy of Nutrition and Dietetics Conflicts of Interest,MED-2220,Position of the academy of nutrition and dietetics: total diet approach to healthy eating.,MED-2220,Position of the academy of nutrition and dietetics: total diet approach to healthy eating.,0.39748251179391547,0.41235173674195585,0.014869224948040383,False
nfcorpus,PLAIN-934,coffee,MED-5249,Coffee and its consumption: benefits and risks.,MED-5249,Coffee and its consumption: benefits and risks.,0.5056427642465516,0.5184650094568696,0.01282224521031794,False
nfcorpus,PLAIN-1667,muscle health,MED-4405,Creatine: are the benefits worth the risk?,MED-3462,Muscle soreness and delayed-onset muscle soreness.,0.7353797772725617,0.7479350596733328,0.012555282400771195,True
nfcorpus,PLAIN-711,blood clots,MED-1027,"Varicose Veins, Deep Vein Thrombosis, and Haemorrhoids: Epidemiology and Suggested Aetiology",MED-2077,Platelet dysfunction in vascular pathologies and how can it be treated.,0.3479118113640809,0.3589542101716347,0.01104239880755381,True
nfcorpus,PLAIN-3161,Is Milk and Mucus a Myth?,MED-4677,Does milk increase mucus production?,MED-4677,Does milk increase mucus production?,0.5486455668071758,0.5589063984617948,0.010260831654618996,False
nfcorpus,PLAIN-270,Is Caffeinated Tea Really Dehydrating?,MED-4331,Black tea is not significantly different from water in the maintenance of normal hydration in human subjects: results from a randomised controlled ...,MED-4331,Black tea is not significantly different from water in the maintenance of normal hydration in human subjects: results from a randomised controlled ...,0.28952298823485745,0.2984900352767555,0.008967047041898046,False
nfcorpus,PLAIN-1919,poultry workers,MED-3321,Occupational exposure assessment using antibody levels: exposure to avian leukosis/sarcoma viruses in the poultry industry.,MED-3321,Occupational exposure assessment using antibody levels: exposure to avian leukosis/sarcoma viruses in the poultry industry.,0.7183627972686238,0.7273298443105218,0.00896704704189799,False
nfcorpus,PLAIN-3422,Vitamin Supplements Worth Taking,MED-4872,Safety considerations and potential interactions of vitamins: should vitamins be considered drugs?,MED-2762,Vitamin and mineral supplements in the primary prevention of cardiovascular disease and cancer: An updated systematic evidence review for the U.S. ...,0.031071295818188044,0.034591137734059085,0.0035198419158710414,True
nfcorpus,PLAIN-1387,hyperactivity,MED-5062,"Food additives and hyperactive behaviour in 3-year-old and 8/9-year-old children in the community: a randomised, double-blinded, placebo-controlled...",MED-3380,Artificial food dyes and attention deficit hyperactivity disorder.,0.7125523635307982,0.7155506487682609,0.0029982852374627056,True
nfcorpus,PLAIN-91,Chronic Headaches and Pork Parasites,MED-3288,Outbreak of progressive inflammatory neuropathy following exposure to aerosolized porcine neural tissue.,MED-3175,Neurocysticercosis in pregnancy: not just another headache.,0.3225570411079015,0.3227008002665818,0.0001437591586803122,True
nfcorpus,PLAIN-2092,sirtuins,MED-1437,"At the crossroad of lifespan, calorie restriction, chromatin and disease: meeting on sirtuins.",MED-1432,Do Sirtuins Promote Mammalian Longevity?: A Critical Review on Its Relevance to the Longevity Effect Induced by Calorie Restriction,0.6489315753318465,0.6489315753318465,0.0,True
nfcorpus,PLAIN-2019,rickets,MED-4654,Sexual selection and genital anatomy of male primates.,MED-2991,"The autopsy of chicken nuggets reads ""chicken little"".",0.0,0.0,0.0,True
nfcorpus,PLAIN-2167,subsidies,MED-2488,Food prices and blood cholesterol.,MED-2488,Food prices and blood cholesterol.,0.0,0.0,0.0,False
nfcorpus,PLAIN-2134,Splenda,MED-3486,United States pharmacopeia safety evaluation of spirulina.,MED-5172,The effects of spirulina on allergic rhinitis.,0.0,0.0,0.0,True
nfcorpus,PLAIN-1837,pesticides,MED-4179,Pesticides in rain in four agricultural watersheds in the United States.,MED-1726,Major Pesticides Are More Toxic to Human Cells Than Their Declared Active Principles,1.0,1.0,0.0,True
nfcorpus,PLAIN-966,cortisol,MED-2324,The role of hormesis in life extension by dietary restriction.,MED-4323,Dehydroepiandrosterone and ageing.,0.0,0.0,0.0,True
nfcorpus,PLAIN-1983,rapamycin,MED-2134,mTOR and cancer therapy.,MED-2521,"Rapamycin (AY-22,989), a new antifungal antibiotic. I. Taxonomy of the producing streptomycete and isolation of the active principle.",1.0,1.0,0.0,True
nfcorpus,PLAIN-1995,red tea,MED-4331,Black tea is not significantly different from water in the maintenance of normal hydration in human subjects: results from a randomised controlled ...,MED-4777,Green tea: nature's defense against malignancies.,0.0,0.0,0.0,True
nfcorpus,PLAIN-1972,quinine,MED-1568,TRP channel blamed for burning cold after a tropical fish meal,MED-1442,Genetic Analysis of Chemosensory Traits in Human Twins,0.0,0.0,0.0,True
nfcorpus,PLAIN-1962,pumpkin,MED-2206,Consumer acceptance of vegetarian sweet potato products intended for space missions.,MED-2438,"The association between dietary lignans, phytoestrogen-rich foods, and fiber intake and postmenopausal breast cancer risk: a German case-control st...",0.0,0.0,0.0,True
nfcorpus,PLAIN-2113,soil health,MED-1182,Fruit and Soil Quality of Organic and Conventional Strawberry Agroecosystems,MED-1182,Fruit and Soil Quality of Organic and Conventional Strawberry Agroecosystems,0.0,0.0,0.0,False
nfcorpus,PLAIN-1877,plant-based diet,MED-1991,Plant foods and plant-based diets: protective against childhood obesity?,MED-1991,Plant foods and plant-based diets: protective against childhood obesity?,0.0,0.0,0.0,False
nfcorpus,PLAIN-872,chanterelle mushrooms,MED-3989,Vitamin D and sterol composition of 10 types of mushrooms from retail suppliers in the United States.,MED-3989,Vitamin D and sterol composition of 10 types of mushrooms from retail suppliers in the United States.,0.0,0.0,0.0,False
nfcorpus,PLAIN-1066,Dr. Walter Willett,MED-1097,Moses Maimonides: medieval physician and scholar.,MED-1655,An archaeologic dig: a rice-fruit diet reverses ECG changes in hypertension.,0.0,0.0,0.0,True
nfcorpus,PLAIN-2670,Is Caramel Color Carcinogenic?,MED-2994,Carcinogenicity and regulation of caramel colorings.,MED-2994,Carcinogenicity and regulation of caramel colorings.,0.3406992958233561,0.3406992958233561,0.0,False
nfcorpus,PLAIN-2810,Apple Juice May Be Worse Than Sugar Water,MED-1792,Intake of whole apples or clear apple juice has contrasting effects on plasma lipids in healthy volunteers.,MED-1792,Intake of whole apples or clear apple juice has contrasting effects on plasma lipids in healthy volunteers.,0.0,0.0,0.0,False
nfcorpus,PLAIN-2440,More Than an Apple a Day: Combating Common Diseases,MED-5082,Anti-cancer properties of phenolics from apple waste on colon carcinogenesis in vitro.,MED-1792,Intake of whole apples or clear apple juice has contrasting effects on plasma lipids in healthy volunteers.,0.0,0.0,0.0,True
nfcorpus,PLAIN-2291,ultra-processed foods,MED-5063,Food additives and hyperactivity,MED-4493,Processed meat and colorectal cancer: a review of epidemiologic and experimental evidence,0.0,0.0,0.0,True
nfcorpus,PLAIN-2311,veal,MED-4544,"Amla (Emblica officinalis Gaertn), a wonder berry in the treatment and prevention of cancer.",MED-3552,Purple rice (Oryza sativa L.) extract and its constituents inhibit VEGF-induced angiogenesis.,0.0,0.0,0.0,True
nfcorpus,PLAIN-2364,weight gain,MED-2721,Increased food energy supply is more than sufficient to explain the US epidemic of obesity.,MED-5004,"Weight gain over 5 years in 21,966 meat-eating, fish-eating, vegetarian, and vegan men and women in EPIC-Oxford.",0.0,0.0,0.0,True
nfcorpus,PLAIN-2343,vitamin K,MED-5216,"Prevalence of Vitamin A Deficiency in South Asia: Causes, Outcomes, and Possible Remedies",MED-4724,[Consequences of exclusive breast-feeding in vegan mother newborn--case report].,0.0,0.0,0.0,True
nfcorpus,PLAIN-2321,veggie chicken,MED-2991,"The autopsy of chicken nuggets reads ""chicken little"".",MED-2991,"The autopsy of chicken nuggets reads ""chicken little"".",0.0,0.0,0.0,False
nfcorpus,PLAIN-259,Optimal Phytosterol Dose and Source,MED-4295,Phytosterol composition of nuts and seeds commonly consumed in the United States.,MED-4296,The Effects of Phytosterols Present in Natural Food Matrices on Cholesterol Metabolism and LDL-Cholesterol: A Controlled Feeding Trial,0.3589542101716347,0.3589542101716347,0.0,True
nfcorpus,PLAIN-1710,neurocysticercosis,MED-3178,"Clinical manifestations, diagnosis, and treatment of neurocysticercosis.",MED-3178,"Clinical manifestations, diagnosis, and treatment of neurocysticercosis.",1.0,1.0,0.0,False
nfcorpus,PLAIN-1731,norovirus,MED-2749,"Epidemiology of Foodborne Norovirus Outbreaks, United States, 2001–2008",MED-2749,"Epidemiology of Foodborne Norovirus Outbreaks, United States, 2001–2008",0.7653606369886217,0.7653606369886217,0.0,False
nfcorpus,PLAIN-1741,nuts,MED-2597,Should we go nuts about nuts?,MED-4286,Nuts and healthy body weight maintenance mechanisms.,1.0,1.0,0.0,True
nfcorpus,PLAIN-1752,okra,MED-3953,An evidence-based systematic review of acai (Euterpe oleracea) by the Natural Standard Research Collaboration.,MED-4544,"Amla (Emblica officinalis Gaertn), a wonder berry in the treatment and prevention of cancer.",0.0,0.0,0.0,True
nfcorpus,PLAIN-2281,turnips,MED-2274,Cherry Consumption and the Risk of Recurrent Gout Attacks,MED-2200,Diet and gallbladder cancer: a case-control study.,0.0,0.0,0.0,True
nfcorpus,PLAIN-2271,Tufts,MED-2360,"STARI, or Masters disease: Lone Star tick-vectored Lyme-like illness.",MED-3313,Occupational toxicology of asbestos-related malignancies.,0.0,0.0,0.0,True
nfcorpus,PLAIN-227,Increasing Muscle Strength with Fenugreek,MED-4830,Statin therapy induces ultrastructural damage in skeletal muscle in patients without myalgia.,MED-4829,"Statin therapy, muscle function and falls risk in community-dwelling older adults.",0.0,0.0,0.0,True
nfcorpus,PLAIN-2375,whiting,MED-2572,Traditional non-Western diets.,MED-3639,Differences in microbiological composition of saliva and dental plaque in subjects with different drinking habits.,0.0,0.0,0.0,True
nfcorpus,PLAIN-2396,Yale,MED-1544,Selection of levels of prevention.,MED-1986,Long-term morbidity and mortality of overweight adolescents. A follow-up of the Harvard Growth Study of 1922 to 1935.,0.0,0.0,0.0,True
nfcorpus,PLAIN-593,apnea,MED-4402,Relation of beta-casomorphin to apnea in sudden infant death syndrome.,MED-4402,Relation of beta-casomorphin to apnea in sudden infant death syndrome.,0.46927872602275644,0.46927872602275644,0.0,False
nfcorpus,PLAIN-1249,genetic manipulation,MED-1744,Property rights and genetic engineering: developing nations at risk.,MED-2674,p53: guardian of the genome and policeman of the oncogenes.,0.0,0.0,0.0,True
nfcorpus,PLAIN-645,bagels,MED-724,"Flatulence--causes, relation to diet and remedies.",MED-5017,Association between betel-nut chewing and chronic kidney disease in men.,0.0,0.0,0.0,True
nfcorpus,PLAIN-1172,fenugreek,MED-4150,Pseudo-maple syrup urine disease due to maternal prenatal ingestion of fenugreek.,MED-4150,Pseudo-maple syrup urine disease due to maternal prenatal ingestion of fenugreek.,0.22009176629808017,0.22009176629808017,0.0,False
nfcorpus,PLAIN-1214,Fosamax,MED-5318,"Brown adipose tissue, whole-body energy expenditure, and thermogenesis in healthy adult men.",MED-850,"Folate intake, MTHFR polymorphisms, and risk of esophageal, gastric, and pancreatic cancer: a meta-analysis.",0.0,0.0,0.0,True
nfcorpus,PLAIN-320,Breast Cancer and Diet,MED-2437,Diet and breast cancer: understanding risks and benefits.,MED-2437,Diet and breast cancer: understanding risks and benefits.,0.0,0.0,0.0,False
nfcorpus,PLAIN-3037,Out of the Lab Onto the Track,MED-5307,Anatomical Locations of Human Brown Adipose Tissue,MED-4134,Prevalence of Pathogenic Yersinia enterocolitica Strains in Pigs in the United States,0.0,0.0,0.0,True
nfcorpus,PLAIN-3241,Apthous Ulcer Mystery Solved,MED-4841,Humoral immunity to cow's milk proteins and gliadin within the etiology of recurrent aphthous ulcers?,MED-4841,Humoral immunity to cow's milk proteins and gliadin within the etiology of recurrent aphthous ulcers?,0.4584660801557625,0.4584660801557625,0.0,False
nfcorpus,PLAIN-3281,Aluminum in Vaccines vs. Food,MED-4909,"Aluminum bioavailability from basic sodium aluminum phosphate, an approved food additive emulsifying agent, incorporated in cheese",MED-4909,"Aluminum bioavailability from basic sodium aluminum phosphate, an approved food additive emulsifying agent, incorporated in cheese",0.38434836867631483,0.38434836867631483,0.0,False
nfcorpus,PLAIN-3261,Update on Herbalife®,MED-4251,Nutraceutical supplements for weight loss: a systematic review.,MED-5158,Association between consumption of Herbalife nutritional supplements and acute hepatotoxicity.,0.0,0.0,0.0,True
nfcorpus,PLAIN-332,Can antioxidant-rich spices counteract the effects of a high-fat meal?,MED-760,"A High Antioxidant Spice Blend Attenuates Postprandial Insulin and Triglyceride Responses and Increases Some Plasma Measures of Antioxidant Activity in Healthy, Overweight Men",MED-760,"A High Antioxidant Spice Blend Attenuates Postprandial Insulin and Triglyceride Responses and Increases Some Plasma Measures of Antioxidant Activity in Healthy, Overweight Men",0.6131471927654584,0.6131471927654584,0.0,False
nfcorpus,PLAIN-3302,Fish Fog,MED-4811,Fish-induced keriorrhea.,MED-3783,Fish odour syndrome,0.0,0.0,0.0,True
nfcorpus,PLAIN-3352,Boosting Heart Nerve Control,MED-3460,Massage therapy attenuates inflammatory signaling after exercise-induced muscle damage.,MED-4243,Intensive lifestyle changes for reversal of coronary heart disease.,0.0,0.0,0.0,True
nfcorpus,PLAIN-3392,Healthiest Airplane Beverage,MED-1646,A new proposed guidance system for beverage consumption in the United States.,MED-3533,Effects of a Tart Cherry Juice Beverage on the Sleep of Older Adults with Insomnia: A Pilot Study,0.0,0.0,0.0,True
nfcorpus,PLAIN-2820,Preventing Strokes with Diet,MED-1677,Primary prevention of stroke by healthy lifestyle,MED-1677,Primary prevention of stroke by healthy lifestyle,0.0,0.0,0.0,False
nfcorpus,PLAIN-2830,Neurobiology of Artificial Sweeteners,MED-5054,The potential toxicity of artificial sweeteners.,MED-1623,"Possible neurologic effects of aspartame, a widely used food additive.",0.3127697035039474,0.3127697035039474,0.0,True
nfcorpus,PLAIN-2860,BPA Plastic and Male Sexual Dysfunction,MED-4185,Relationship between urine bisphenol-A level and declining male sexual function.,MED-4186,Bisphenol A (BPA) in U.S. food.,1.0,1.0,0.0,True
nfcorpus,PLAIN-1496,leeks,MED-4714,"Vegetables, but not pickled vegetables, are negatively associated with the risk of breast cancer.",MED-1278,Does α-Amino-β-methylaminopropionic Acid (BMAA) Play a Role in Neurodegeneration?,0.0,0.0,0.0,True
nfcorpus,PLAIN-153,How Should I Take Probiotics?,MED-3679,The impact of meals on a probiotic during transit through a model of the human upper gastrointestinal tract.,MED-3679,The impact of meals on a probiotic during transit through a model of the human upper gastrointestinal tract.,0.9558245273890438,0.9558245273890438,0.0,False
nfcorpus,PLAIN-2940,Dietary Treatment of Crohn's Disease,MED-1578,Dietary clues to the pathogenesis of Crohn's disease.,MED-1578,Dietary clues to the pathogenesis of Crohn's disease.,0.0,0.0,0.0,False
nfcorpus,PLAIN-2981,Cheese Mites and Maggots,MED-4403,Identification of cheese mite species inoculated on Mimolette and Milbenkase cheese through cryogenic scanning electron microscopy.,MED-4403,Identification of cheese mite species inoculated on Mimolette and Milbenkase cheese through cryogenic scanning electron microscopy.,0.5321036168710065,0.5321036168710065,0.0,False
nfcorpus,PLAIN-2950,Unsafe at Any Feed,MED-2738,"Trends in U.S. consumers' safe handling and consumption of food and their risk perceptions, 1988 through 2010.",MED-2742,Consumer knowledge of foodborne microbial hazards and food-handling practices.,0.0,0.0,0.0,True
nfcorpus,PLAIN-2840,Benefits of Fenugreek Seeds,MED-2335,Xenohormesis: health benefits from an eon of plant stress response evolution,MED-2010,"Nutritional quality of legumes, and their role in cardiometabolic risk prevention: a review.",0.0,0.0,0.0,True
nfcorpus,PLAIN-2991,Cholesterol and Lower Back Pain,MED-1663,MR aortography and serum cholesterol levels in patients with long-term nonspecific lower back pain.,MED-1663,MR aortography and serum cholesterol levels in patients with long-term nonspecific lower back pain.,0.3868528072345416,0.3868528072345416,0.0,False
nfcorpus,PLAIN-1621,Mevacor,MED-2177,Chronic Parkinsonism in humans due to a product of meperidine-analog synthesis.,MED-2517,mTOR is a key modulator of ageing and age-related disease,0.0,0.0,0.0,True
nfcorpus,PLAIN-1635,milk,MED-1223,"Cow milk consumption, insulin-like growth factor-I, and human biology: a life history approach.",MED-1229,Milk is not just food but most likely a genetic transfection system activating mTORC1 signaling for postnatal growth,1.0,1.0,0.0,True
nfcorpus,PLAIN-1887,poisonous plants,MED-4535,Detection of toxic heavy metals and pesticide residue in herbal plants which are commonly used in the herbal formulations.,MED-4535,Detection of toxic heavy metals and pesticide residue in herbal plants which are commonly used in the herbal formulations.,0.0,0.0,0.0,False
nfcorpus,PLAIN-1827,Peoria,MED-2004,Creating public awareness: state 2025 diabetes forecasts.,MED-2444,Side-effect profile of cyclosporin A in patients treated for psoriasis.,0.0,0.0,0.0,True
nfcorpus,PLAIN-1940,prolactin,MED-3792,Serum prolactin and oestradiol levels in women with cyclical mastalgia.,MED-3797,A double blind trial of the prolactin inhibitor bromocriptine in painful benign breast disease.,0.3589542101716347,0.3589542101716347,0.0,True
nfcorpus,PLAIN-2408,Zoloft,MED-3540,Monoaminergic neurotransmission: the history of the discovery of antidepressants from 1950s until today.,MED-3609,"Protective effect of zingerone, a dietary compound against radiation induced genetic damage and apoptosis in human lymphocytes.",0.0,0.0,0.0,True
nfcorpus,PLAIN-2209,taro,MED-4236,Benign prostatic hyperplasia in primary care: what you need to know.,MED-3807,"Artemisia dracunculus L. (tarragon): a critical review of its traditional use, chemical composition, pharmacology, and safety.",0.0,0.0,0.0,True
nfcorpus,PLAIN-1690,National Academy of Sciences,MED-3001,Towards a new system of health: the challenge of Western disease.,MED-4674,Nutrition Education in U.S. Medical Schools: Latest Update of a National Survey,0.0,0.0,0.0,True
nfcorpus,PLAIN-1656,mouth cancer,MED-3764,Salivary acetaldehyde increase due to alcohol-containing mouthwash use: a risk factor for oral cancer.,MED-4030,Diet and prevention of oral cancer: strategies for clinical practice.,0.0,0.0,0.0,True
nfcorpus,PLAIN-1645,molasses,MED-4403,Identification of cheese mite species inoculated on Mimolette and Milbenkase cheese through cryogenic scanning electron microscopy.,MED-4716,The fruit of the date palm: its possible use as the best food for the future?,0.0,0.0,0.0,True
nfcorpus,PLAIN-2230,thiamine,MED-4872,Safety considerations and potential interactions of vitamins: should vitamins be considered drugs?,MED-4165,Dietary sources and antioxidant effects of ergothioneine.,0.0,0.0,0.0,True
nfcorpus,PLAIN-1784,oxen meat,MED-2700,The effect of blood removal on oxidation and shelf life of broiler breast meat.,MED-2704,Oxidative processes in meat and meat products: Quality implications.,0.0,0.0,0.0,True
nfcorpus,PLAIN-1119,energy drinks,MED-4438,Caffeine-Not just a stimulant.,MED-877,Detrimental effects of energy drink consumption on platelet and endothelial function.,0.0,0.0,0.0,True
nfcorpus,PLAIN-1130,ergothioneine,MED-4165,Dietary sources and antioxidant effects of ergothioneine.,MED-4165,Dietary sources and antioxidant effects of ergothioneine.,1.0,1.0,0.0,False
nfcorpus,PLAIN-1141,Evidence-based medicine,MED-2112,How evidence-based medicine biases physicians against nutrition.,MED-2112,How evidence-based medicine biases physicians against nutrition.,0.22009176629808017,0.22009176629808017,0.0,False
nfcorpus,PLAIN-817,canker sores,MED-3462,Muscle soreness and delayed-onset muscle soreness.,MED-3462,Muscle soreness and delayed-onset muscle soreness.,0.0,0.0,0.0,False
nfcorpus,PLAIN-1039,domoic acid,MED-4380,Domoic acid and human exposure risks: a review.,MED-4380,Domoic acid and human exposure risks: a review.,1.0,1.0,0.0,False
nfcorpus,PLAIN-1088,ECMO,MED-2109,Extracorporeal membrane oxygenation and conventional medical therapy in neonates with persistent pulmonary hypertension of the newborn: a prospecti...,MED-2109,Extracorporeal membrane oxygenation and conventional medical therapy in neonates with persistent pulmonary hypertension of the newborn: a prospecti...,0.5531464700081437,0.5531464700081437,0.0,False
nfcorpus,PLAIN-1161,fava beans,MED-3136,Influence of frequent and long-term bean consumption on colonic function and fermentation.,MED-2570,In vitro investigations of the potential health benefits of Australian-grown faba beans (Vicia faba L.): chemopreventative capacity and inhibitory ...,0.0,0.0,0.0,True
nfcorpus,PLAIN-1098,eggnog,MED-5124,Egg Consumption and Cardiovascular Disease and Mortality The Physicians' Health Study,MED-2884,A 12-wk egg intervention increases serum zeaxanthin and macular pigment optical density in women.,0.0,0.0,0.0,True
nfcorpus,PLAIN-1028,dietary scoring,MED-3654,Nutrient profiling of foods: creating a nutrient-rich food index.,MED-1377,"Higher Diet Quality Is Associated with Decreased Risk of All-Cause, Cardiovascular Disease, and Cancer Mortality among Older Adults",0.0,0.0,0.0,True
nfcorpus,PLAIN-1008,deafness,MED-901,Cow's milk allergy is associated with recurrent otitis media during childhood.,MED-4668,Cretinism revisited.,0.0,0.0,0.0,True
nfcorpus,PLAIN-782,Bush administration,MED-1058,Political context of the World Health Organization: sugar industry threatens to scupper the WHO.,MED-1055,"Why the Bush administration and the global sugar industry are determined to demolish the 2004 WHO global strategy on diet, physical activity and he...",0.0,0.0,0.0,True
nfcorpus,PLAIN-987,cumin,MED-4954,Semen quality of fertile US males in relation to their mothers' beef consumption during pregnancy.,MED-3591,Perinatal Exposure to Low Doses of Dioxin Can Permanently Impair Human Semen Quality,0.0,0.0,0.0,True
nfcorpus,PLAIN-721,BMAA,MED-4876,Cyanobacterial neurotoxin BMAA in ALS and Alzheimer's disease.,MED-1287,Cyanobacterial Blooms and the Occurrence of the neurotoxin beta-N-methylamino-L-alanine (BMAA) in South Florida Aquatic Food Webs,1.0,1.0,0.0,True
nfcorpus,PLAIN-1299,growth promoters,MED-4747,Hormonal growth promoting agents in food producing animals.,MED-4747,Hormonal growth promoting agents in food producing animals.,0.22009176629808017,0.22009176629808017,0.0,False
nfcorpus,PLAIN-691,bioavailability,MED-3449,Antigenotoxic activity of watercress extract in an in vitro mammalian system using comet assay.,MED-4909,"Aluminum bioavailability from basic sodium aluminum phosphate, an approved food additive emulsifying agent, incorporated in cheese",0.0,0.0,0.0,True
nfcorpus,PLAIN-671,benzene,MED-4857,Benzene in infant carrot juice: further insight into formation mechanism and risk assessment including consumption data from the DONALD study.,MED-4857,Benzene in infant carrot juice: further insight into formation mechanism and risk assessment including consumption data from the DONALD study.,1.0,1.0,0.0,False
nfcorpus,PLAIN-1309,halibut,MED-4660,Variability of iodine content in common commercially available edible seaweeds.,MED-1864,Hibiscus sabdariffa L. in the treatment of hypertension and hyperlipidemia: a comprehensive review of animal and human studies,0.0,0.0,0.0,True
nfcorpus,PLAIN-660,beans,MED-4991,"Bean consumption is associated with greater nutrient intake, reduced systolic blood pressure, lower body weight, and a smaller waist circumference ...",MED-2147,Phaseolus beans: impact on glycaemic response and chronic disease risk in human subjects.,1.0,1.0,0.0,True
nfcorpus,PLAIN-997,Czechoslovakia,MED-5331,Influencing public nutrition for non-communicable disease prevention: from community intervention to national programme--experiences from Finland.,MED-4913,Probabilistic modelling of exposure doses and implications for health risk characterization: glycoalkaloids from potatoes.,0.0,0.0,0.0,True
nfcorpus,PLAIN-751,BRCA genes,MED-3129,BRCA1-methylated sporadic breast cancers are BRCA-like in showing a basal phenotype and absence of ER expression.,MED-3130,Can soy phytoestrogens decrease DNA methylation in BRCA1 and BRCA2 oncosuppressor genes in breast cancer?,0.0,0.0,0.0,True
nfcorpus,PLAIN-551,amnesia,MED-4860,Blueberry Supplementation Improves Memory in Older Adults,MED-3179,Cognitive impairment and dementia in neurocysticercosis: a cross-sectional controlled study.,0.0,0.0,0.0,True
nfcorpus,PLAIN-583,antinutrients,MED-3452,Fostering antioxidant defences: up-regulation of antioxidant genes or antioxidant supplementation?,MED-2966,Plasma antioxidant capacity changes following a meal as a measure of the ability of a food to alter in vivo antioxidant status.,0.0,0.0,0.0,True
nfcorpus,PLAIN-1331,hearing,MED-3626,Justification of diagnostic medical exposures: some practical issues. Report of an International Atomic Energy Agency Consultation,MED-4563,Nasal saline irrigations for the symptoms of chronic rhinosinusitis.,0.0,0.0,0.0,True
nfcorpus,PLAIN-1374,hormonal dysfunction,MED-4322,DHEA therapy in postmenopausal women: the need to move forward beyond the lack of evidence.,MED-3919,The influence of Aspalathus linearis (Rooibos) and dihydrochalcones on adrenal steroidogenesis: quantification of steroid intermediates and end pro...,0.0,0.0,0.0,True
nfcorpus,PLAIN-418,Fresh fruit versus frozen--which is better?,MED-917,"Effect of freezing and storage on the phenolics, ellagitannins, flavonoids, and antioxidant capacity of red raspberries.",MED-3714,"Differences in antioxidant levels of fresh, frozen and freeze-dried strawberries and strawberry jam.",0.9072836011519267,0.9072836011519267,0.0,True
nfcorpus,PLAIN-358,Didn't another study show carnitine was good for the heart?,MED-2753,Secondary prevention of CHD in UK men: the Diet and Reinfarction Trial and its sequel.,MED-2762,Vitamin and mineral supplements in the primary prevention of cardiovascular disease and cancer: An updated systematic evidence review for the U.S. ...,0.0,0.0,0.0,True
nfcorpus,PLAIN-603,Arkansas,MED-3379,The urban rise and fall of air lead (Pb) and the latent surge and retreat of societal violence.,MED-3769,"Energy density, nutrient adequacy, and cost per serving can provide insight into food choices in the lower Mississippi Delta.",0.0,0.0,0.0,True
nfcorpus,PLAIN-457,How can you believe in any scientific study?,MED-1754,Recursive Fury: Conspiracist Ideation in the Blogosphere in Response to Research on Conspiracist Ideation,MED-4629,Vegetarian diet for patients with rheumatoid arthritis: can the clinical effects be explained by the psychological characteristics of the patients?,0.0,0.0,0.0,True
nfcorpus,PLAIN-520,Alli,MED-1953,Antimicrobial properties of Allium sativum (garlic).,MED-1953,Antimicrobial properties of Allium sativum (garlic).,0.0,0.0,0.0,False
nfcorpus,PLAIN-1398,IGF-1,MED-1722,Insulin-like growth factor-1 and childhood cancer risk,MED-1722,Insulin-like growth factor-1 and childhood cancer risk,1.0,1.0,0.0,False
nfcorpus,PLAIN-1236,galactosemia,MED-1341,Skeletal health in adult patients with classic galactosemia.,MED-1341,Skeletal health in adult patients with classic galactosemia.,0.3391602052736161,0.3391602052736161,0.0,False
nfcorpus,PLAIN-1557,magnesium,MED-1406,Dietary magnesium intake is inversely associated with mortality in adults at high cardiovascular disease risk.,MED-1406,Dietary magnesium intake is inversely associated with mortality in adults at high cardiovascular disease risk.,0.2489083270225946,0.2489083270225946,0.0,False
nfcorpus,PLAIN-1516,Lindane,MED-5086,"A prospective study of dietary acrylamide intake and the risk of endometrial, ovarian, and breast cancer.",MED-930,Organochlorine pesticide air-water exchange and bioconcentration in krill in the Ross Sea.,0.0,0.0,0.0,True
nfcorpus,PLAIN-3211,Overdosing on Greens,MED-4365,Adverse effects of concentrated green tea extracts.,MED-4329,Protective effects of green tea extracts (polyphenon E and EGCG) on human cervical lesions.,0.0,0.0,0.0,True
nfcorpus,PLAIN-3014,Sometimes the Enzyme Myth Is True,MED-5199,Amount and fate of egg protein escaping assimilation in the small intestine of humans.,MED-3450,"Exercise-induced oxidative stress:myths, realities and physiological relevance.",0.0,0.0,0.0,True
nfcorpus,PLAIN-3181,Is Dragon Fruit Good For You?,MED-3942,Effects of Açai (Euterpe oleracea Mart.) berry preparation on metabolic parameters in a healthy overweight population: A pilot study,MED-1695,Effects of kiwi fruit consumption on platelet aggregation and plasma lipids in healthy human volunteers.,0.0,0.0,0.0,True
nfcorpus,PLAIN-3097,Amyloid and Apple Juice,MED-4590,Apple juice prevents oxidative stress induced by amyloid-beta in culture.,MED-4590,Apple juice prevents oxidative stress induced by amyloid-beta in culture.,0.515157140670655,0.515157140670655,0.0,False
nfcorpus,PLAIN-3116,Dietary Guidelines: From Dairies to Berries,MED-2924,Recent trends and advances in berry health benefits research.,MED-2924,Recent trends and advances in berry health benefits research.,0.0,0.0,0.0,False
nfcorpus,PLAIN-3074,How to Help Prevent Abdominal Aortic Aneurysms,MED-4555,Analysis of risk factors for abdominal aortic aneurysm in a cohort of more than 3 million individuals.,MED-4555,Analysis of risk factors for abdominal aortic aneurysm in a cohort of more than 3 million individuals.,1.0,1.0,0.0,False
nfcorpus,PLAIN-1485,lard,MED-5256,"No Association of Coffee Consumption with Gastric Ulcer, Duodenal Ulcer, Reflux Esophagitis, and Non-Erosive Reflux Disease: A Cross-Sectional Study of 8,013 Healthy Subjects in Japan",MED-2099,"In vitro binding capacities of three dietary fibers and their mixture for four toxic elements, cholesterol, and bile acid.",0.0,0.0,0.0,True
nfcorpus,PLAIN-2900,Boosting Good Bacteria in the Colon Without Probiotics,MED-3692,Human gut microbiota and its relationship to health and disease.,MED-3679,The impact of meals on a probiotic during transit through a model of the human upper gastrointestinal tract.,0.0,0.0,0.0,True
nfcorpus,PLAIN-2920,Human Neurotransmitters in Plants,MED-2333,Shared signals and the potential for phylogenetic espionage between plants and animals.,MED-3532,Application of LC and LC-MS to the analysis of melatonin and serotonin in edible plants.,0.0,0.0,0.0,True
nfcorpus,PLAIN-395,What about pepper plus turmeric in V8 juice?,MED-2783,"Multitargeting by turmeric, the golden spice: From kitchen to clinic.",MED-2783,"Multitargeting by turmeric, the golden spice: From kitchen to clinic.",0.0,0.0,0.0,False
nfcorpus,PLAIN-407,Is annatto food coloring safe?,MED-906,Anaphylaxis to annatto dye: a case report.,MED-906,Anaphylaxis to annatto dye: a case report.,0.7262287617954056,0.7262287617954056,0.0,False
nfcorpus,PLAIN-478,accidents,MED-3567,"Nonfatal bathroom injuries among persons aged ≥15 years--United States, 2008.",MED-3622,Dietary and clastogenic factors in children who immigrated to Israel from regions contaminated by the Chernobyl accident.,0.0,0.0,0.0,True
nfcorpus,PLAIN-1611,mesquite,MED-1026,Pressure changes in varicose veins.,MED-3019,Evidence on the Human Health Effects of Low-Level Methylmercury Exposure,0.0,0.0,0.0,True
nfcorpus,PLAIN-1506,leucine,MED-2126,Excessive Leucine-mTORC1-Signalling of Cow Milk-Based Infant Formula: The Missing Link to Understand Early Childhood Obesity,MED-2126,Excessive Leucine-mTORC1-Signalling of Cow Milk-Based Infant Formula: The Missing Link to Understand Early Childhood Obesity,0.13886244387355454,0.13886244387355454,0.0,False
nfcorpus,PLAIN-1429,Iowa Women’s Health Study,MED-5125,"Whole-grain consumption is associated with a reduced risk of noncardiovascular, noncancer death attributed to inflammatory diseases in the Iowa Wom...",MED-1559,Adherence to the WCRF/AICR guidelines for cancer prevention is associated with lower mortality among older female cancer survivors,0.0,0.0,0.0,True
nfcorpus,PLAIN-1353,hernia,MED-976,"Prevalence of diverticular disease, hiatus hernia, and pelvic phleboliths in black and white Americans.",MED-976,"Prevalence of diverticular disease, hiatus hernia, and pelvic phleboliths in black and white Americans.",0.0,0.0,0.0,False
nfcorpus,PLAIN-1363,Hiroshima,MED-3632,An unexpected mortality increase in the United States follows arrival of the radioactive plume from Fukushima: is there a correlation?,MED-3620,Dietary factors and cancer mortality among atomic-bomb survivors.,0.22212782793993274,0.22009176629808017,-0.0020360616418525768,True
nfcorpus,PLAIN-3402,Antioxidant Content of 300 Foods,MED-4413,Development and validation of an algorithm to establish a total antioxidant capacity database of the US diet.,MED-2951,"The total antioxidant content of more than 3100 foods, beverages, spices, herbs and supplements used worldwide",0.07336392209936005,0.06625422345438903,-0.007109698644971019,True
nfcorpus,PLAIN-2051,saturated fat,MED-1556,Meta-analysis of prospective cohort studies evaluating the association of saturated fat with cardiovascular disease,MED-1556,Meta-analysis of prospective cohort studies evaluating the association of saturated fat with cardiovascular disease,0.6987957033953601,0.6906478832608418,-0.008147820134518313,False
nfcorpus,PLAIN-2710,Artificial Food Colors and ADHD,MED-3380,Artificial food dyes and attention deficit hyperactivity disorder.,MED-3382,Dietary sensitivities and ADHD symptoms: thirty-five years of research.,0.6906119546391793,0.6812457182571506,-0.009366236382028714,True
nfcorpus,PLAIN-2740,Cancer Risk From CT Scan Radiation,MED-3627,Projected cancer risks from computed tomographic scans performed in the United States in 2007.,MED-3627,Projected cancer risks from computed tomographic scans performed in the United States in 2007.,0.6793807676282124,0.6697545620598498,-0.009626205568362578,False
nfcorpus,PLAIN-2780,Do Fruit & Nut Bars Cause Weight Gain?,MED-3896,"The effect of the addition of daily fruit and nut bars to diet on weight, and cardiac risk profile, in overweight adults.",MED-3896,"The effect of the addition of daily fruit and nut bars to diet on weight, and cardiac risk profile, in overweight adults.",0.45371609234551535,0.4423923606997228,-0.011323731645792534,False
nfcorpus,PLAIN-956,cooking methods,MED-2182,"Food, cooking skills, and health: a literature review.",MED-5076,Effects of different cooking methods on nutritional and physicochemical characteristics of selected vegetables.,0.680450372435079,0.6659485553357843,-0.014501817099294656,True
nfcorpus,PLAIN-2061,seafood,MED-4944,Studies of fish consumption as source of methylmercury should consider fish-meal-fed farmed fish and other animal foods.,MED-4960,A fishy cause of sudden near fatal hypotension.,0.905211635630449,0.8899541168509599,-0.01525751877948911,True
nfcorpus,PLAIN-2700,Heart Disease Starts in Childhood,MED-3253,Pathobiological determinants of atherosclerosis in youth risk scores are associated with early and advanced atherosclerosis.,MED-3253,Pathobiological determinants of atherosclerosis in youth risk scores are associated with early and advanced atherosclerosis.,0.4620588336382777,0.4432600033677825,-0.018798830270495226,False
nfcorpus,PLAIN-2102,smoking,MED-1598,Cigarette Smoke Toxins Deposited on Surfaces: Implications for Human Health,MED-3046,Changes in brain activation associated with reward processing in smokers and nonsmokers. A positron emission tomography study.,0.8611375561264454,0.8357804136936718,-0.02535714243277354,True
nfcorpus,PLAIN-2770,Flaxseeds & Breast Cancer Survival: Clinical Evidence,MED-1825,Flax and Breast Cancer: A Systematic Review.,MED-3836,Dietary flaxseed alters tumor biological markers in postmenopausal breast cancer.,0.3573040587054042,0.33062240086939304,-0.026681657836011174,True
nfcorpus,PLAIN-2,Do Cholesterol Statin Drugs Cause Breast Cancer?,MED-2440,Total Cholesterol and Cancer Risk in a Large Prospective Study in Korea,MED-14,Statin use after diagnosis of breast cancer and survival: a population-based cohort study.,0.788291715094211,0.7603854800194173,-0.027906235074793728,True
nfcorpus,PLAIN-1262,Global Burden of Disease Study,MED-5293,"A comparative risk assessment of burden of disease and injury attributable to 67 risk factors and risk factor clusters in 21 regions, 1990–2010: a systematic analysis for the Global Burden of Disease Study 2010",MED-5293,"A comparative risk assessment of burden of disease and injury attributable to 67 risk factors and risk factor clusters in 21 regions, 1990–2010: a systematic analysis for the Global Burden of Disease Study 2010",0.43735247915031,0.40853591842579556,-0.02881656072451444,False
nfcorpus,PLAIN-23,How to Reduce Exposure to Alkylphenols Through Your Diet,MED-2658,Alkylphenols--potential modulators of the allergic response.,MED-1164,Organophosphorus pesticide exposure of urban and suburban preschool children with organic and conventional diets.,0.34347917852160526,0.31443200585999853,-0.029047172661606724,True
nfcorpus,PLAIN-3151,Too Much Iodine Can Be as Bad as Too Little,MED-4665,Some subgroups of reproductive age women in the United States may be at risk for iodine deficiency.,MED-4665,Some subgroups of reproductive age women in the United States may be at risk for iodine deficiency.,0.5532650562761356,0.5232609350450043,-0.030004121231131387,False
nfcorpus,PLAIN-1463,kidney beans,MED-4991,"Bean consumption is associated with greater nutrient intake, reduced systolic blood pressure, lower body weight, and a smaller waist circumference ...",MED-2147,Phaseolus beans: impact on glycaemic response and chronic disease risk in human subjects.,0.28323251649726616,0.2489083270225946,-0.03432418947467156,True
nfcorpus,PLAIN-2490,The Actual Benefit of Diet vs. Drugs,MED-2112,How evidence-based medicine biases physicians against nutrition.,MED-1349,Antidepressants and the Placebo Effect,0.09578105912639356,0.06043112003142869,-0.03534993909496487,True
nfcorpus,PLAIN-1579,mastitis,MED-666,Is there a role for surgery in the treatment of mastalgia?,MED-3795,Mastalgia: a review of management.,0.16958010263680806,0.13120507751234178,-0.03837502512446628,True
nfcorpus,PLAIN-248,Treating an Enlarged Prostate With Diet,MED-3877,"Pilot study to explore effects of low-fat, flaxseed-supplemented diet on proliferation of benign prostatic epithelium and prostate-specific antigen.",MED-3243,A dietary intervention for recurrent prostate cancer after definitive primary treatment: results of a randomized pilot trial.,0.31833954895937183,0.2758471541718663,-0.04249239478750555,True
nfcorpus,PLAIN-2530,Infectobesity: Adenovirus 36 and Childhood Obesity,MED-1804,Human adenovirus-36 and childhood obesity.,MED-1804,Human adenovirus-36 and childhood obesity.,0.9510907186004267,0.9069212362975007,-0.044169482302926055,False
nfcorpus,PLAIN-1441,Japan,MED-1332,Incidence of Type 2 Diabetes in Japan: A Systematic Review and Meta-Analysis,MED-2770,The experience of Japan as a clue to the etiology of breast and ovarian cancers: relationship between death from both malignancies and dietary prac...,0.6122496142821665,0.568003577662161,-0.04424603662000548,True
nfcorpus,PLAIN-1342,heme iron,MED-4317,Intestinal iron absorption: regulation by dietary & systemic factors.,MED-1403,Heme iron intake and risk of new-onset diabetes in a Mediterranean population at high risk of cardiovascular disease: an observational cohort analysis,0.530263109944618,0.48471198902551854,-0.045551120919099464,True
nfcorpus,PLAIN-68,What is Actually in Chicken Nuggets?,MED-2991,"The autopsy of chicken nuggets reads ""chicken little"".",MED-2991,"The autopsy of chicken nuggets reads ""chicken little"".",0.5044700941962198,0.4584660801557625,-0.046004014040457286,False
nfcorpus,PLAIN-3322,Veggies vs. Cancer,MED-4861,Fruit and vegetable intake and overall cancer risk in the European Prospective Investigation into Cancer and Nutrition (EPIC).,MED-4861,Fruit and vegetable intake and overall cancer risk in the European Prospective Investigation into Cancer and Nutrition (EPIC).,0.11004588314904008,0.06362078819895171,-0.04642509495008837,False
nfcorpus,PLAIN-2690,Chronic Headaches and Pork Tapeworms,MED-3175,Neurocysticercosis in pregnancy: not just another headache.,MED-3175,Neurocysticercosis in pregnancy: not just another headache.,0.4085072976846915,0.36116761195881586,-0.04733968572587566,False
nfcorpus,PLAIN-1762,oral intraepithelial neoplasia,MED-3715,Is oral sex really a dangerous carcinogen? Let's take a closer look.,MED-3716,Effects of a Topically Applied Bioadhesive Berry Gel on Loss of Heterozygosity Indices in Premalignant Oral Lesions,0.612119969720292,0.5617919590538469,-0.0503280106664451,True
nfcorpus,PLAIN-3171,Convergence of Evidence,MED-2112,How evidence-based medicine biases physicians against nutrition.,MED-4551,Maternal meat and fat consumption during pregnancy and suspected atopic eczema in Japanese infants aged 3-4 months: the Osaka Maternal and Child He...,0.0509406755728625,0.0,-0.0509406755728625,True
nfcorpus,PLAIN-1203,folic acid,MED-4771,From the Cover: The extremely slow and variable activity of dihydrofolate reductase in human liver and its implications for high folic acid intake,MED-4771,From the Cover: The extremely slow and variable activity of dihydrofolate reductase in human liver and its implications for high folic acid intake,0.5541432109622958,0.4920062203073637,-0.06213699065493211,False
nfcorpus,PLAIN-2177,sulfur,MED-1185,Sulfite sensitivity: significance in human health.,MED-3282,Generation of gaseous sulfur-containing compounds in tumour tissue and suppression of gas diffusion as an antitumour treatment.,0.5637884576902256,0.4982710309705437,-0.06551742671968186,True
nfcorpus,PLAIN-3221,Dietary Theory of Alzheimer's,MED-2212,Dietary links to Alzheimer's disease: 1999 update.,MED-2212,Dietary links to Alzheimer's disease: 1999 update.,0.06581686446496138,0.0,-0.06581686446496138,False
nfcorpus,PLAIN-2430,Preventing Brain Loss with B Vitamins?,MED-994,Preventing Alzheimer’s disease-related gray matter atrophy by B-vitamin treatment,MED-994,Preventing Alzheimer’s disease-related gray matter atrophy by B-vitamin treatment,0.5858731988416886,0.5199967979955745,-0.06587640084611412,False
nfcorpus,PLAIN-2560,Childhood Constipation and Cow’s Milk,MED-2055,Intolerance of cow's milk and chronic constipation in children.,MED-2053,Cow's-milk-free diet as a therapeutic option in childhood chronic constipation.,0.9363792118010482,0.8701249883466592,-0.06625422345438903,True
nfcorpus,PLAIN-977,crib death,MED-2603,FADD: a regulator of life and death.,MED-2598,Apoptosis induced by death receptors.,0.20210734650054757,0.13565197343244778,-0.06645537306809979,True
nfcorpus,PLAIN-488,adenovirus 36,MED-1798,Adenovirus 36 infection and obesity.,MED-1808,Human adenovirus-36 antibody status is associated with obesity in children.,1.0,0.9305687780632227,-0.06943122193677731,True
nfcorpus,PLAIN-3271,Saturated Fat & Cancer Progression,MED-4823,Dietary Fatty Acids and Pancreatic Cancer in the NIH-AARP Diet and Health Study,MED-1455,Lipotoxicity: Effects of Dietary Saturated and Transfatty Acids,0.07336392209936005,0.0,-0.07336392209936005,True
nfcorpus,PLAIN-2570,Diabetics Should Take Their Pulses,MED-2148,Regular consumption of pulses for 8 weeks reduces metabolic syndrome risk factors in overweight and obese adults.,MED-2148,Regular consumption of pulses for 8 weeks reduces metabolic syndrome risk factors in overweight and obese adults.,0.23654684056889613,0.1601404351965604,-0.07640640537233573,False
nfcorpus,PLAIN-2930,Kiwifruit for Irritable Bowel Syndrome,MED-4325,Kiwifruit improves bowel function in patients with irritable bowel syndrome with constipation.,MED-4325,Kiwifruit improves bowel function in patients with irritable bowel syndrome with constipation.,0.5348770935150563,0.4584660801557625,-0.07641101335929379,False
nfcorpus,PLAIN-1805,Parkinson's disease,MED-3926,Protein redistribution diet and antiparkinsonian response to levodopa.,MED-3935,Meeting Report: Consensus Statement—Parkinson’s Disease and the Environment: Collaborative on Health and the Environment and Parkinson’s Action Network (CHE PAN) Conference 26–28 June 2007,1.0,0.9216017310213246,-0.07839826897867541,True
nfcorpus,PLAIN-1847,philippines,MED-4000,Coconut oil predicts a beneficial lipid profile in pre-menopausal women in the Philippines,MED-3603,"Richard Pearson Strong and the iatrogenic plague disaster in Bilibid Prison, Manila, 1906.",0.22009176629808017,0.13886244387355454,-0.08122932242452563,True
nfcorpus,PLAIN-1109,endocrine disruptors,MED-2650,Inadvertent exposure to xenoestrogens.,MED-2643,Endocrine-Disrupting Chemicals: Associated Disorders and Mechanisms of Action,0.7019727018777484,0.6177639991612475,-0.08420870271650094,True
nfcorpus,PLAIN-3231,Meat & Multiple Myeloma,MED-1109,Risk factors for multiple myeloma: a hospital-based case-control study in Northwest China.,MED-1105,A CASE OF MULTIPLE MYELOMA PRESENTING AS A BULLOUS DERMATOSIS,0.22317147062385922,0.1385939143935568,-0.08457755623030241,True
nfcorpus,PLAIN-1050,Dr. Dean Ornish,MED-1097,Moses Maimonides: medieval physician and scholar.,MED-761,The counseling practices of internists.,0.08514311764162098,0.0,-0.08514311764162098,True
nfcorpus,PLAIN-3382,Are Artificial Colors Bad for You?,MED-2618,Toxicology of food dyes.,MED-3382,Dietary sensitivities and ADHD symptoms: thirty-five years of research.,0.5462774106312278,0.4605302499405956,-0.08574716069063221,True
nfcorpus,PLAIN-3412,Plant vs. Cow Calcium,MED-4682,Calcium absorption in Australian osteopenic post-menopausal women: an acute comparative study of fortified soymilk to cows' milk.,MED-4682,Calcium absorption in Australian osteopenic post-menopausal women: an acute comparative study of fortified soymilk to cows' milk.,0.25458428049553367,0.16853225981452813,-0.08605202068100554,False
nfcorpus,PLAIN-133,Starving Tumors of Their Blood Supply,MED-2513,Insights into the beneficial effect of caloric/ dietary restriction for a healthy and prolonged life,MED-4436,Consumption of meat and dairy and lymphoma risk in the European Prospective Investigation into Cancer and Nutrition.,0.08649891544052934,0.0,-0.08649891544052934,True
nfcorpus,PLAIN-1419,insects,MED-4198,Insect food for astronauts: gas exchange in silkworms fed on mulberry and lettuce and the nutritional value of these insects for human consumption ...,MED-3279,Chitin synthesis and degradation as targets for pesticide action.,0.5107164012496701,0.42257499837058643,-0.08814140287908367,True
nfcorpus,PLAIN-2470,Is Milk Good for Our Bones?,MED-1337,Milk intake and risk of hip fracture in men and women: a meta-analysis of prospective cohort studies.,MED-1337,Milk intake and risk of hip fracture in men and women: a meta-analysis of prospective cohort studies.,0.719299689395284,0.6294416796959477,-0.08985800969933633,False
nfcorpus,PLAIN-143,Are Dental X-Rays Safe?,MED-3618,The use of dental radiographs: update and recommendations.,MED-3621,Dental X-rays and Risk of Meningioma,0.7819736434590205,0.6909032516569062,-0.09107039180211429,True
nfcorpus,PLAIN-1700,Native Americans,MED-2572,Traditional non-Western diets.,MED-1100,Lower Serum Testosterone Associated with Elevated Polychlorinated Biphenyl Concentrations in Native American Men,0.09803928583135704,0.0,-0.09803928583135704,True
nfcorpus,PLAIN-3141,Relieving Yourself of Excess Estrogen,MED-4160,Risks and benefits of estrogen plus progestin in healthy postmenopausal women: principal results From the Women's Health Initiative randomized cont...,MED-831,"DHEA, DHEAS and PCOS.",0.09848418277380512,0.0,-0.09848418277380512,True
nfcorpus,PLAIN-2970,Preventing Cataracts with Diet,MED-4382,"Diet, vegetarianism, and cataract risk.",MED-4382,"Diet, vegetarianism, and cataract risk.",0.5782233665156723,0.47965506954306864,-0.09856829697260366,False
nfcorpus,PLAIN-2600,Eggs and Arterial Function,MED-2372,Egg consumption and endothelial function: a randomized controlled crossover trial.,MED-2372,Egg consumption and endothelial function: a randomized controlled crossover trial.,0.6981644415309339,0.5991689570583909,-0.09899548447254303,False
nfcorpus,PLAIN-2009,rhabdomyolysis,MED-5173,Acute rhabdomyolysis caused by Spirulina (Arthrospira platensis).,MED-5173,Acute rhabdomyolysis caused by Spirulina (Arthrospira platensis).,0.21078558563971428,0.1089364926177559,-0.10184909302195838,False
nfcorpus,PLAIN-1537,low-carb diets,MED-4515,"The effect of a plant-based low-carbohydrate (""Eco-Atkins"") diet on body weight and blood lipid concentrations in hyperlipidemic subjects.",MED-4880,"Effects of very-low-carbohydrate (horsemeat- or beef-based) diets and restricted feeding on weight gain, feed and energy efficiency, as well as ser...",0.6618313225363274,0.5552448576790282,-0.10658646485729917,True
nfcorpus,PLAIN-3372,The Healthiest Sweetener,MED-5054,The potential toxicity of artificial sweeteners.,MED-5054,The potential toxicity of artificial sweeteners.,0.2456605752238087,0.13801204212137166,-0.10764853310243705,False
nfcorpus,PLAIN-291,Stool Size and Breast Cancer Risk,MED-4517,"Fecal weight, colon cancer risk, and dietary intake of nonstarch polysaccharides (dietary fiber)",MED-4517,"Fecal weight, colon cancer risk, and dietary intake of nonstarch polysaccharides (dietary fiber)",0.4690000933206748,0.3589542101716347,-0.11004588314904012,False
nfcorpus,PLAIN-2730,Anti-Angiogenesis: Cutting Off Tumor Supply Lines,MED-3554,A wholly nutritional 'multifocal angiostatic therapy' for control of disseminated cancer.,MED-2573,Anti-angiogenic activity of inositol hexaphosphate (IP6).,0.7074352277690342,0.5972101761718264,-0.11022505159720786,True
nfcorpus,PLAIN-1547,lyme disease,MED-2360,"STARI, or Masters disease: Lone Star tick-vectored Lyme-like illness.",MED-2360,"STARI, or Masters disease: Lone Star tick-vectored Lyme-like illness.",0.11706259313796355,0.0,-0.11706259313796355,False
nfcorpus,PLAIN-2750,Preventing the Common Cold with Probiotics?,MED-3683,"Randomised, double-blind and placebo-controlled study using new probiotic lactobacilli for strengthening the body immune defence against viral infe...",MED-3683,"Randomised, double-blind and placebo-controlled study using new probiotic lactobacilli for strengthening the body immune defence against viral infe...",0.7191824190596569,0.600660731418093,-0.1185216876415639,False
nfcorpus,PLAIN-2890,To Snack or Not to Snack?,MED-1533,An after-school snack of raisins lowers cumulative food intake in young children.,MED-939,"Satiereal, a Crocus sativus L extract, reduces snacking and increases satiety in a randomized placebo-controlled study of mildly overweight, health...",0.2892598909735473,0.16330891279672521,-0.1259509781768221,True
nfcorpus,PLAIN-441,Is apple cider vinegar good for you?,MED-942,Esophageal injury by apple cider vinegar tablets and subsequent evaluation of products.,MED-942,Esophageal injury by apple cider vinegar tablets and subsequent evaluation of products.,0.7225292631327483,0.5940984259618409,-0.12843083717090742,False
nfcorpus,PLAIN-56,Foods for Glaucoma,MED-4384,Glaucoma risk and the consumption of fruits and vegetables among older women in the study of osteoporotic fractures.,MED-4384,Glaucoma risk and the consumption of fruits and vegetables among older women in the study of osteoporotic fractures.,0.728720386688693,0.5880783117308741,-0.14064207495781889,False
nfcorpus,PLAIN-2910,Optimal Phytosterol Dose,MED-4295,Phytosterol composition of nuts and seeds commonly consumed in the United States.,MED-4296,The Effects of Phytosterols Present in Natural Food Matrices on Cholesterol Metabolism and LDL-Cholesterol: A Controlled Feeding Trial,0.38434836867631483,0.242496821534539,-0.14185154714177584,True
nfcorpus,PLAIN-3332,Alcohol Risks vs. Benefits,MED-3768,The positive and negative health effects of alcohol- and the public health implications.,MED-3768,The positive and negative health effects of alcohol- and the public health implications.,0.7460757116542472,0.603411524962637,-0.1426641866916103,False
nfcorpus,PLAIN-3472,How Doctors Responded to Being Named a Leading Killer,MED-3755,Can deceiving patients be morally acceptable?,MED-3636,Death by polonium-210: lessons learned from the murder of former Soviet spy Alexander Litvinenko.,0.14308653451762673,0.0,-0.14308653451762673,True
nfcorpus,PLAIN-468,Is vitamin D3 (cholecalciferol) preferable to D2 (ergocalciferol)?,MED-961,Vitamin D(3) is more potent than vitamin D(2) in humans.,MED-4573,"Low Vitamin D Status: Definition, Prevalence, Consequences and Correction",0.5055967794435843,0.3581972092906283,-0.14739957015295596,True
nfcorpus,PLAIN-112,Food Dyes and ADHD,MED-3380,Artificial food dyes and attention deficit hyperactivity disorder.,MED-3380,Artificial food dyes and attention deficit hyperactivity disorder.,0.7224773966319759,0.5741344127761127,-0.1483429838558632,False
nfcorpus,PLAIN-510,airport scanners,MED-958,A comparative review of thermography as a breast cancer screening technique.,MED-3627,Projected cancer risks from computed tomographic scans performed in the United States in 2007.,0.15130120674940675,0.0,-0.15130120674940675,True
nfcorpus,PLAIN-44,Who Should be Careful About Curcumin?,MED-2815,"Curcumin, a component of turmeric: from farm to pharmacy.",MED-2782,"Curcumin maintenance therapy for ulcerative colitis: randomized, multicenter, double-blind, placebo-controlled trial.",0.2649962343212576,0.10969367151940855,-0.155302562801849,True
nfcorpus,PLAIN-1929,prenatal vitamins,MED-4685,"Maternal and neonatal vitamin B12 deficiency detected through expanded newborn screening--United States, 2003-2007.",MED-4685,"Maternal and neonatal vitamin B12 deficiency detected through expanded newborn screening--United States, 2003-2007.",0.40350157154648025,0.22009176629808017,-0.1834098052484001,False
nfcorpus,PLAIN-623,Atkins diet,MED-4515,"The effect of a plant-based low-carbohydrate (""Eco-Atkins"") diet on body weight and blood lipid concentrations in hyperlipidemic subjects.",MED-1674,Fructose: It’s “Alcohol Without the Buzz”,0.5067837010870873,0.3222722491219547,-0.18451145196513258,True
nfcorpus,PLAIN-2250,tongue worm,MED-5094,First record of human infection with the tapeworm Diphyllobothrium nihonkaiense in North America.,MED-2210,Sporamin induce apoptosis in human tongue carcinoma cells by down-regulating Akt/GSK-3 signaling.,0.18457569677956817,0.0,-0.18457569677956817,True
nfcorpus,PLAIN-3292,Are Multivitamins Good For You?,MED-2761,Who uses multivitamins? A cross-sectional study in the Physicians' Health Study.,MED-2758,Multivitamins in the Prevention of Cardiovascular Disease in Men: The Physicians' Health Study II Randomized Controlled Trial,0.7142874862256763,0.5256405455640101,-0.1886469406616662,True
nfcorpus,PLAIN-1897,polypropylene plastic,MED-4186,Bisphenol A (BPA) in U.S. food.,MED-2644,"p-Nonyl-phenol: an estrogenic xenobiotic released from ""modified"" polystyrene.",0.19342640361727081,0.0,-0.19342640361727081,True
nfcorpus,PLAIN-2590,Do Vegetarians Get Enough Protein?,MED-4163,Protein dietary reference intakes may be inadequate for vegetarians if low amounts of animal protein are consumed.,MED-4163,Protein dietary reference intakes may be inadequate for vegetarians if low amounts of animal protein are consumed.,0.2268435599495054,0.029638105641636818,-0.19720545430786857,False
nfcorpus,PLAIN-2540,Does Cholesterol Size Matter?,MED-1890,Dietary cholesterol from eggs increases the ratio of total cholesterol to high-density lipoprotein cholesterol in humans: a meta-analysis.,MED-1205,Effect of cholesterol crystals on plaques and intima in arteries of patients with acute coronary and cerebrovascular syndromes.,0.42758657895073426,0.22162639666736197,-0.2059601822833723,True
nfcorpus,PLAIN-2610,Treating Asthma With Plants vs. Supplements?,MED-5072,Lycopene-rich treatments modify noneosinophilic airway inflammation in asthma: proof of concept.,MED-2482,Randomized placebo-controlled trial of lactobacillus on asthmatic children with allergic rhinitis.,0.4747712369346972,0.26855292289002114,-0.20621831404467605,True
nfcorpus,PLAIN-2500,The Saturated Fat Studies: Buttering Up the Public,MED-1366,Mediterranean diet and public health: personal reflections.,MED-1781,High dietary intake of saturated fat is associated with reduced semen quality among 701 young Danish men from the general population.,0.2073486614297986,0.0,-0.2073486614297986,True
nfcorpus,PLAIN-344,Dioxins Stored in Our Own Fat May Increase Diabetes Risk,MED-2394,Molecular Epidemiologic Evidence for Diabetogenic Effects of Dioxin Exposure in U.S. Air Force Veterans of the Vietnam War,MED-2388,Simultaneous exposure of non-diabetics to high levels of dioxins and mercury increases their risk of insulin resistance.,0.4393841743536644,0.19156211825278713,-0.24782205610087726,True
nfcorpus,PLAIN-1527,liver disease,MED-1304,Nonalcoholic fatty liver disease: an emerging threat to obese and diabetic individuals,MED-1304,Nonalcoholic fatty liver disease: an emerging threat to obese and diabetic individuals,1.0,0.7471589728148226,-0.2528410271851774,False
nfcorpus,PLAIN-217,Plant-Based Diets for Psoriasis,MED-2441,Vegetarian diet ameliorates symptoms of atopic dermatitis through reduction of the number of peripheral eosinophils and of PGE2 synthesis by monocy...,MED-1874,"The Garden of Eden--plant based diets, the genetic drive to conserve cholesterol and its implications for heart disease in the 21st century.",0.2528410271851774,0.0,-0.2528410271851774,True
nfcorpus,PLAIN-2760,Eating Healthy on a Budget,MED-4600,Essentials of Healthy Eating: A Guide,MED-4600,Essentials of Healthy Eating: A Guide,0.2623290727644914,0.0,-0.2623290727644914,False
nfcorpus,PLAIN-2460,Diabetes as a Disease of Fat Toxicity,MED-1238,Relationship of dietary fat to glucose metabolism.,MED-1062,Fatty acids and glucolipotoxicity in the pathogenesis of Type 2 diabetes.,0.2873431773791807,0.0,-0.2873431773791807,True
nfcorpus,PLAIN-3085,The Difficulty of Arriving at a Vitamin D Recommendation,MED-714,Towards prevention of vitamin D deficiency and beyond: knowledge gaps and research needs in vitamin D nutrition and public health.,MED-4575,Vitamin D: extraskeletal health.,0.5706417189553201,0.23719771276929622,-0.3334440061860239,True
nfcorpus,PLAIN-2301,uterine health,MED-4160,Risks and benefits of estrogen plus progestin in healthy postmenopausal women: principal results From the Women's Health Initiative randomized cont...,MED-4751,"The possible role of female sex hormones in milk from pregnant cows in the development of breast, ovarian and corpus uteri cancers.",0.3436966913921454,0.0,-0.3436966913921454,True
nfcorpus,PLAIN-882,Chernobyl,MED-3632,An unexpected mortality increase in the United States follows arrival of the radioactive plume from Fukushima: is there a correlation?,MED-3622,Dietary and clastogenic factors in children who immigrated to Israel from regions contaminated by the Chernobyl accident.,0.8630152897016882,0.5067837010870873,-0.3562315886146009,True
nfcorpus,PLAIN-2332,viral infections,MED-4766,Viral obesity: fact or fiction?,MED-4766,Viral obesity: fact or fiction?,0.8669479898642709,0.4382868940754301,-0.4286610957888408,False
nfcorpus,PLAIN-924,cocaine,MED-3044,Cue-induced cocaine craving: neuroanatomical specificity for drug users and drug stimuli.,MED-3044,Cue-induced cocaine craving: neuroanatomical specificity for drug users and drug stimuli.,0.7818048722226499,0.33013764944712026,-0.4516672227755297,False
nfcorpus,PLAIN-1679,myelopathy,MED-5133,[Floppy baby with macrocytic anemia and vegan mother].,MED-1105,A CASE OF MULTIPLE MYELOMA PRESENTING AS A BULLOUS DERMATOSIS,0.5,0.0,-0.5,True
